Datetime (UTC),Country,Zone name,Zone id,Carbon intensity gCO₂eq/kWh (direct),Carbon intensity gCO₂eq/kWh (Life cycle),Carbon-free energy percentage (CFE%),Renewable energy percentage (RE%),Data source
2021-01-01 00:00:00,Austria,Austria,AT,256.96,310.35,59.51,44.97,entsoe.eu,,
2021-01-02 00:00:00,Austria,Austria,AT,232.46,282.86,62.70,51.65,entsoe.eu,,
2021-01-03 00:00:00,Austria,Austria,AT,245.97,298.07,62.01,50.33,entsoe.eu,,
2021-01-04 00:00:00,Austria,Austria,AT,294.08,344.09,59.75,50.21,entsoe.eu,,
2021-01-05 00:00:00,Austria,Austria,AT,272.92,322.80,60.05,51.72,entsoe.eu,,
2021-01-06 00:00:00,Austria,Austria,AT,261.18,310.89,61.07,53.00,entsoe.eu,,
2021-01-07 00:00:00,Austria,Austria,AT,258.95,302.82,64.57,56.96,entsoe.eu,,
2021-01-08 00:00:00,Austria,Austria,AT,266.15,311.46,63.44,56.15,entsoe.eu,,
2021-01-09 00:00:00,Austria,Austria,AT,303.81,359.73,56.34,46.71,entsoe.eu,,
2021-01-10 00:00:00,Austria,Austria,AT,321.48,379.83,54.13,42.31,entsoe.eu,,
2021-01-11 00:00:00,Austria,Austria,AT,292.74,343.85,59.81,50.68,entsoe.eu,,
2021-01-12 00:00:00,Austria,Austria,AT,290.49,342.86,59.04,51.61,entsoe.eu,,
2021-01-13 00:00:00,Austria,Austria,AT,237.79,287.01,64.71,58.53,entsoe.eu,,
2021-01-14 00:00:00,Austria,Austria,AT,224.00,268.94,67.60,61.44,entsoe.eu,,
2021-01-15 00:00:00,Austria,Austria,AT,253.29,295.97,66.43,60.55,entsoe.eu,,
2021-01-16 00:00:00,Austria,Austria,AT,281.54,336.40,58.91,50.99,entsoe.eu,,
2021-01-17 00:00:00,Austria,Austria,AT,331.12,392.49,52.83,43.85,entsoe.eu,,
2021-01-18 00:00:00,Austria,Austria,AT,310.38,366.66,55.94,48.90,entsoe.eu,,
2021-01-19 00:00:00,Austria,Austria,AT,271.08,320.54,62.72,56.08,entsoe.eu,,
2021-01-20 00:00:00,Austria,Austria,AT,256.83,307.78,63.32,55.56,entsoe.eu,,
2021-01-21 00:00:00,Austria,Austria,AT,256.99,305.74,64.15,55.92,entsoe.eu,,
2021-01-22 00:00:00,Austria,Austria,AT,225.53,272.23,67.52,61.09,entsoe.eu,,
2021-01-23 00:00:00,Austria,Austria,AT,243.24,293.74,63.94,55.15,entsoe.eu,,
2021-01-24 00:00:00,Austria,Austria,AT,235.77,286.99,63.58,54.52,entsoe.eu,,
2021-01-25 00:00:00,Austria,Austria,AT,238.17,281.77,66.46,59.54,entsoe.eu,,
2021-01-26 00:00:00,Austria,Austria,AT,233.79,276.20,68.11,62.60,entsoe.eu,,
2021-01-27 00:00:00,Austria,Austria,AT,267.87,317.72,61.00,54.57,entsoe.eu,,
2021-01-28 00:00:00,Austria,Austria,AT,312.50,370.29,54.72,46.01,entsoe.eu,,
2021-01-29 00:00:00,Austria,Austria,AT,215.69,266.56,65.70,59.93,entsoe.eu,,
2021-01-30 00:00:00,Austria,Austria,AT,135.88,177.23,76.42,73.03,entsoe.eu,,
2021-01-31 00:00:00,Austria,Austria,AT,201.57,248.60,67.30,59.46,entsoe.eu,,
2021-02-01 00:00:00,Austria,Austria,AT,200.73,241.88,71.06,66.13,entsoe.eu,,
2021-02-02 00:00:00,Austria,Austria,AT,219.71,266.14,67.75,62.64,entsoe.eu,,
2021-02-03 00:00:00,Austria,Austria,AT,209.05,254.24,69.25,62.92,entsoe.eu,,
2021-02-04 00:00:00,Austria,Austria,AT,166.60,206.63,75.15,71.82,entsoe.eu,,
2021-02-05 00:00:00,Austria,Austria,AT,204.40,250.16,69.19,64.08,entsoe.eu,,
2021-02-06 00:00:00,Austria,Austria,AT,166.47,210.35,74.04,67.14,entsoe.eu,,
2021-02-07 00:00:00,Austria,Austria,AT,138.71,174.52,81.07,73.85,entsoe.eu,,
2021-02-08 00:00:00,Austria,Austria,AT,171.05,207.66,75.39,71.41,entsoe.eu,,
2021-02-09 00:00:00,Austria,Austria,AT,180.05,219.15,73.27,69.97,entsoe.eu,,
2021-02-10 00:00:00,Austria,Austria,AT,164.55,202.59,75.08,72.61,entsoe.eu,,
2021-02-11 00:00:00,Austria,Austria,AT,130.30,167.82,77.91,75.62,entsoe.eu,,
2021-02-12 00:00:00,Austria,Austria,AT,214.97,265.99,64.66,61.30,entsoe.eu,,
2021-02-13 00:00:00,Austria,Austria,AT,233.24,286.29,63.77,58.20,entsoe.eu,,
2021-02-14 00:00:00,Austria,Austria,AT,207.16,259.05,66.23,60.09,entsoe.eu,,
2021-02-15 00:00:00,Austria,Austria,AT,274.70,328.90,59.69,52.66,entsoe.eu,,
2021-02-16 00:00:00,Austria,Austria,AT,271.73,325.15,60.68,53.67,entsoe.eu,,
2021-02-17 00:00:00,Austria,Austria,AT,229.40,279.85,65.37,59.06,entsoe.eu,,
2021-02-18 00:00:00,Austria,Austria,AT,228.37,279.05,65.87,58.71,entsoe.eu,,
2021-02-19 00:00:00,Austria,Austria,AT,232.87,280.07,67.50,59.81,entsoe.eu,,
2021-02-20 00:00:00,Austria,Austria,AT,179.74,227.57,72.58,63.03,entsoe.eu,,
2021-02-21 00:00:00,Austria,Austria,AT,154.35,199.02,76.05,68.48,entsoe.eu,,
2021-02-22 00:00:00,Austria,Austria,AT,232.21,282.03,65.53,58.60,entsoe.eu,,
2021-02-23 00:00:00,Austria,Austria,AT,222.69,270.97,67.99,59.89,entsoe.eu,,
2021-02-24 00:00:00,Austria,Austria,AT,216.03,261.50,69.84,61.90,entsoe.eu,,
2021-02-25 00:00:00,Austria,Austria,AT,220.88,265.65,69.60,61.75,entsoe.eu,,
2021-02-26 00:00:00,Austria,Austria,AT,212.66,260.39,68.16,61.07,entsoe.eu,,
2021-02-27 00:00:00,Austria,Austria,AT,124.50,159.53,81.68,78.29,entsoe.eu,,
2021-02-28 00:00:00,Austria,Austria,AT,176.44,223.72,71.69,63.99,entsoe.eu,,
2021-03-01 00:00:00,Austria,Austria,AT,237.82,290.70,63.34,56.59,entsoe.eu,,
2021-03-02 00:00:00,Austria,Austria,AT,260.39,309.28,63.75,55.41,entsoe.eu,,
2021-03-03 00:00:00,Austria,Austria,AT,270.46,320.63,62.04,54.18,entsoe.eu,,
2021-03-04 00:00:00,Austria,Austria,AT,249.15,298.18,64.63,57.34,entsoe.eu,,
2021-03-05 00:00:00,Austria,Austria,AT,201.77,245.82,70.96,65.40,entsoe.eu,,
2021-03-06 00:00:00,Austria,Austria,AT,238.10,292.78,64.39,55.83,entsoe.eu,,
2021-03-07 00:00:00,Austria,Austria,AT,248.74,304.88,62.45,53.42,entsoe.eu,,
2021-03-08 00:00:00,Austria,Austria,AT,252.48,303.23,63.74,56.98,entsoe.eu,,
2021-03-09 00:00:00,Austria,Austria,AT,276.64,331.52,59.23,52.24,entsoe.eu,,
2021-03-10 00:00:00,Austria,Austria,AT,262.44,315.18,61.78,53.76,entsoe.eu,,
2021-03-11 00:00:00,Austria,Austria,AT,177.83,220.46,73.73,66.83,entsoe.eu,,
2021-03-12 00:00:00,Austria,Austria,AT,160.82,202.48,76.27,68.75,entsoe.eu,,
2021-03-13 00:00:00,Austria,Austria,AT,129.34,167.97,81.50,73.07,entsoe.eu,,
2021-03-14 00:00:00,Austria,Austria,AT,129.90,168.73,81.59,72.89,entsoe.eu,,
2021-03-15 00:00:00,Austria,Austria,AT,178.39,220.93,74.06,67.64,entsoe.eu,,
2021-03-16 00:00:00,Austria,Austria,AT,167.46,207.95,75.82,71.45,entsoe.eu,,
2021-03-17 00:00:00,Austria,Austria,AT,188.57,232.84,72.14,66.84,entsoe.eu,,
2021-03-18 00:00:00,Austria,Austria,AT,222.10,268.26,68.63,62.29,entsoe.eu,,
2021-03-19 00:00:00,Austria,Austria,AT,260.87,312.27,63.42,54.85,entsoe.eu,,
2021-03-20 00:00:00,Austria,Austria,AT,245.50,299.39,63.97,55.57,entsoe.eu,,
2021-03-21 00:00:00,Austria,Austria,AT,208.59,259.39,68.48,60.32,entsoe.eu,,
2021-03-22 00:00:00,Austria,Austria,AT,213.21,258.84,69.31,63.81,entsoe.eu,,
2021-03-23 00:00:00,Austria,Austria,AT,227.76,277.06,66.24,60.36,entsoe.eu,,
2021-03-24 00:00:00,Austria,Austria,AT,248.86,302.43,63.52,57.12,entsoe.eu,,
2021-03-25 00:00:00,Austria,Austria,AT,285.57,342.54,59.15,51.42,entsoe.eu,,
2021-03-26 00:00:00,Austria,Austria,AT,226.88,275.37,67.94,60.72,entsoe.eu,,
2021-03-27 00:00:00,Austria,Austria,AT,158.49,200.54,77.21,71.46,entsoe.eu,,
2021-03-28 00:00:00,Austria,Austria,AT,166.30,213.33,75.81,68.73,entsoe.eu,,
2021-03-29 00:00:00,Austria,Austria,AT,204.33,251.81,70.13,63.62,entsoe.eu,,
2021-03-30 00:00:00,Austria,Austria,AT,188.91,238.17,69.38,64.98,entsoe.eu,,
2021-03-31 00:00:00,Austria,Austria,AT,178.21,224.00,72.75,68.32,entsoe.eu,,
2021-04-01 00:00:00,Austria,Austria,AT,145.73,185.90,78.79,73.73,entsoe.eu,,
2021-04-02 00:00:00,Austria,Austria,AT,94.77,131.85,84.59,80.95,entsoe.eu,,
2021-04-03 00:00:00,Austria,Austria,AT,65.58,98.33,88.72,85.82,entsoe.eu,,
2021-04-04 00:00:00,Austria,Austria,AT,112.13,151.18,82.89,77.87,entsoe.eu,,
2021-04-05 00:00:00,Austria,Austria,AT,94.48,130.49,86.19,80.96,entsoe.eu,,
2021-04-06 00:00:00,Austria,Austria,AT,149.73,181.21,82.24,78.83,entsoe.eu,,
2021-04-07 00:00:00,Austria,Austria,AT,166.56,202.56,78.47,74.62,entsoe.eu,,
2021-04-08 00:00:00,Austria,Austria,AT,171.67,209.56,77.14,72.95,entsoe.eu,,
2021-04-09 00:00:00,Austria,Austria,AT,181.57,222.28,75.25,69.11,entsoe.eu,,
2021-04-10 00:00:00,Austria,Austria,AT,188.37,231.33,73.34,66.83,entsoe.eu,,
2021-04-11 00:00:00,Austria,Austria,AT,131.74,168.22,81.08,75.82,entsoe.eu,,
2021-04-12 00:00:00,Austria,Austria,AT,194.85,233.63,74.15,68.89,entsoe.eu,,
2021-04-13 00:00:00,Austria,Austria,AT,163.06,204.78,74.04,71.02,entsoe.eu,,
2021-04-14 00:00:00,Austria,Austria,AT,179.11,220.12,74.32,70.20,entsoe.eu,,
2021-04-15 00:00:00,Austria,Austria,AT,220.92,265.10,70.64,64.64,entsoe.eu,,
2021-04-16 00:00:00,Austria,Austria,AT,235.58,284.42,67.13,60.33,entsoe.eu,,
2021-04-17 00:00:00,Austria,Austria,AT,252.43,306.02,65.17,55.86,entsoe.eu,,
2021-04-18 00:00:00,Austria,Austria,AT,288.08,348.86,57.80,48.61,entsoe.eu,,
2021-04-19 00:00:00,Austria,Austria,AT,279.29,337.10,58.25,51.33,entsoe.eu,,
2021-04-20 00:00:00,Austria,Austria,AT,271.93,327.72,60.57,53.06,entsoe.eu,,
2021-04-21 00:00:00,Austria,Austria,AT,269.79,324.40,61.82,53.46,entsoe.eu,,
2021-04-22 00:00:00,Austria,Austria,AT,223.31,271.89,68.36,60.59,entsoe.eu,,
2021-04-23 00:00:00,Austria,Austria,AT,214.23,261.21,70.69,62.93,entsoe.eu,,
2021-04-24 00:00:00,Austria,Austria,AT,216.99,270.17,68.01,58.10,entsoe.eu,,
2021-04-25 00:00:00,Austria,Austria,AT,167.74,212.60,76.46,67.02,entsoe.eu,,
2021-04-26 00:00:00,Austria,Austria,AT,241.90,293.76,65.00,57.12,entsoe.eu,,
2021-04-27 00:00:00,Austria,Austria,AT,221.87,267.38,70.38,62.28,entsoe.eu,,
2021-04-28 00:00:00,Austria,Austria,AT,170.71,213.31,74.79,69.09,entsoe.eu,,
2021-04-29 00:00:00,Austria,Austria,AT,205.52,250.52,69.57,63.36,entsoe.eu,,
2021-04-30 00:00:00,Austria,Austria,AT,156.92,192.41,78.60,72.78,entsoe.eu,,
2021-05-01 00:00:00,Austria,Austria,AT,81.99,110.73,88.55,84.48,entsoe.eu,,
2021-05-02 00:00:00,Austria,Austria,AT,34.61,59.49,93.88,93.12,entsoe.eu,,
2021-05-03 00:00:00,Austria,Austria,AT,92.79,119.16,88.90,85.13,entsoe.eu,,
2021-05-04 00:00:00,Austria,Austria,AT,87.90,116.47,89.16,84.54,entsoe.eu,,
2021-05-05 00:00:00,Austria,Austria,AT,115.94,141.08,88.31,83.77,entsoe.eu,,
2021-05-06 00:00:00,Austria,Austria,AT,105.70,130.48,88.42,85.01,entsoe.eu,,
2021-05-07 00:00:00,Austria,Austria,AT,110.78,136.71,88.02,84.50,entsoe.eu,,
2021-05-08 00:00:00,Austria,Austria,AT,80.54,111.55,88.96,83.91,entsoe.eu,,
2021-05-09 00:00:00,Austria,Austria,AT,47.22,73.30,94.97,90.52,entsoe.eu,,
2021-05-10 00:00:00,Austria,Austria,AT,56.63,79.25,93.89,92.27,entsoe.eu,,
2021-05-11 00:00:00,Austria,Austria,AT,39.27,61.33,94.95,94.48,entsoe.eu,,
2021-05-12 00:00:00,Austria,Austria,AT,50.67,72.29,94.18,93.16,entsoe.eu,,
2021-05-13 00:00:00,Austria,Austria,AT,36.24,59.37,94.91,94.41,entsoe.eu,,
2021-05-14 00:00:00,Austria,Austria,AT,54.05,78.11,93.57,92.83,entsoe.eu,,
2021-05-15 00:00:00,Austria,Austria,AT,45.90,73.46,92.80,91.29,entsoe.eu,,
2021-05-16 00:00:00,Austria,Austria,AT,42.30,68.54,94.11,91.84,entsoe.eu,,
2021-05-17 00:00:00,Austria,Austria,AT,51.14,73.79,94.19,93.53,entsoe.eu,,
2021-05-18 00:00:00,Austria,Austria,AT,46.96,69.31,94.12,94.01,entsoe.eu,,
2021-05-19 00:00:00,Austria,Austria,AT,68.45,92.67,92.02,90.46,entsoe.eu,,
2021-05-20 00:00:00,Austria,Austria,AT,48.65,73.06,93.28,92.29,entsoe.eu,,
2021-05-21 00:00:00,Austria,Austria,AT,66.23,93.42,91.49,86.85,entsoe.eu,,
2021-05-22 00:00:00,Austria,Austria,AT,60.10,84.86,94.33,88.51,entsoe.eu,,
2021-05-23 00:00:00,Austria,Austria,AT,55.39,79.35,95.06,89.72,entsoe.eu,,
2021-05-24 00:00:00,Austria,Austria,AT,41.40,64.37,96.11,92.21,entsoe.eu,,
2021-05-25 00:00:00,Austria,Austria,AT,82.54,105.47,91.45,87.78,entsoe.eu,,
2021-05-26 00:00:00,Austria,Austria,AT,80.15,105.55,89.75,85.98,entsoe.eu,,
2021-05-27 00:00:00,Austria,Austria,AT,102.74,129.53,87.70,83.25,entsoe.eu,,
2021-05-28 00:00:00,Austria,Austria,AT,79.58,106.32,89.99,86.94,entsoe.eu,,
2021-05-29 00:00:00,Austria,Austria,AT,63.48,91.70,91.09,87.47,entsoe.eu,,
2021-05-30 00:00:00,Austria,Austria,AT,44.24,71.83,93.31,90.80,entsoe.eu,,
2021-05-31 00:00:00,Austria,Austria,AT,86.57,113.24,89.87,85.83,entsoe.eu,,
2021-06-01 00:00:00,Austria,Austria,AT,75.50,97.27,93.60,88.45,entsoe.eu,,
2021-06-02 00:00:00,Austria,Austria,AT,68.95,90.75,94.13,88.76,entsoe.eu,,
2021-06-03 00:00:00,Austria,Austria,AT,64.58,85.63,95.11,91.50,entsoe.eu,,
2021-06-04 00:00:00,Austria,Austria,AT,61.93,79.77,96.42,93.96,entsoe.eu,,
2021-06-05 00:00:00,Austria,Austria,AT,44.82,64.85,96.47,93.51,entsoe.eu,,
2021-06-06 00:00:00,Austria,Austria,AT,25.39,45.14,97.71,95.56,entsoe.eu,,
2021-06-07 00:00:00,Austria,Austria,AT,66.98,85.30,95.40,92.56,entsoe.eu,,
2021-06-08 00:00:00,Austria,Austria,AT,67.59,86.97,94.94,91.99,entsoe.eu,,
2021-06-09 00:00:00,Austria,Austria,AT,56.28,75.26,95.70,93.66,entsoe.eu,,
2021-06-10 00:00:00,Austria,Austria,AT,60.38,77.07,96.51,94.27,entsoe.eu,,
2021-06-11 00:00:00,Austria,Austria,AT,63.24,81.34,95.71,92.99,entsoe.eu,,
2021-06-12 00:00:00,Austria,Austria,AT,43.20,64.91,95.62,91.44,entsoe.eu,,
2021-06-13 00:00:00,Austria,Austria,AT,15.32,34.71,98.70,97.74,entsoe.eu,,
2021-06-14 00:00:00,Austria,Austria,AT,54.18,72.45,96.27,94.07,entsoe.eu,,
2021-06-15 00:00:00,Austria,Austria,AT,73.49,91.56,94.94,91.17,entsoe.eu,,
2021-06-16 00:00:00,Austria,Austria,AT,74.72,93.40,94.42,90.18,entsoe.eu,,
2021-06-17 00:00:00,Austria,Austria,AT,74.79,94.71,94.05,90.19,entsoe.eu,,
2021-06-18 00:00:00,Austria,Austria,AT,71.94,91.52,94.40,90.96,entsoe.eu,,
2021-06-19 00:00:00,Austria,Austria,AT,69.71,90.26,94.29,89.95,entsoe.eu,,
2021-06-20 00:00:00,Austria,Austria,AT,64.84,87.55,94.09,89.96,entsoe.eu,,
2021-06-21 00:00:00,Austria,Austria,AT,88.20,110.86,91.74,87.55,entsoe.eu,,
2021-06-22 00:00:00,Austria,Austria,AT,90.90,113.45,91.62,87.56,entsoe.eu,,
2021-06-23 00:00:00,Austria,Austria,AT,95.89,118.13,91.17,87.67,entsoe.eu,,
2021-06-24 00:00:00,Austria,Austria,AT,102.17,129.42,87.71,85.15,entsoe.eu,,
2021-06-25 00:00:00,Austria,Austria,AT,73.22,94.59,93.01,90.73,entsoe.eu,,
2021-06-26 00:00:00,Austria,Austria,AT,72.10,95.40,93.43,89.98,entsoe.eu,,
2021-06-27 00:00:00,Austria,Austria,AT,81.81,107.31,91.92,87.26,entsoe.eu,,
2021-06-28 00:00:00,Austria,Austria,AT,139.28,170.56,82.51,79.04,entsoe.eu,,
2021-06-29 00:00:00,Austria,Austria,AT,126.56,154.54,85.99,82.20,entsoe.eu,,
2021-06-30 00:00:00,Austria,Austria,AT,92.38,115.07,90.91,88.07,entsoe.eu,,
2021-07-01 00:00:00,Austria,Austria,AT,71.79,89.72,94.90,92.24,entsoe.eu,,
2021-07-02 00:00:00,Austria,Austria,AT,77.95,96.05,94.79,92.34,entsoe.eu,,
2021-07-03 00:00:00,Austria,Austria,AT,93.86,118.53,91.20,86.44,entsoe.eu,,
2021-07-04 00:00:00,Austria,Austria,AT,118.60,145.90,87.79,80.06,entsoe.eu,,
2021-07-05 00:00:00,Austria,Austria,AT,118.96,139.72,89.45,84.17,entsoe.eu,,
2021-07-06 00:00:00,Austria,Austria,AT,134.50,159.35,86.83,80.70,entsoe.eu,,
2021-07-07 00:00:00,Austria,Austria,AT,144.20,168.97,85.40,80.71,entsoe.eu,,
2021-07-08 00:00:00,Austria,Austria,AT,132.81,155.11,87.72,83.13,entsoe.eu,,
2021-07-09 00:00:00,Austria,Austria,AT,83.64,105.49,91.60,87.61,entsoe.eu,,
2021-07-10 00:00:00,Austria,Austria,AT,115.62,141.64,87.62,82.36,entsoe.eu,,
2021-07-11 00:00:00,Austria,Austria,AT,116.09,141.37,88.49,82.14,entsoe.eu,,
2021-07-12 00:00:00,Austria,Austria,AT,125.07,150.69,87.23,82.14,entsoe.eu,,
2021-07-13 00:00:00,Austria,Austria,AT,96.30,117.26,91.51,87.28,entsoe.eu,,
2021-07-14 00:00:00,Austria,Austria,AT,95.78,117.53,91.22,86.12,entsoe.eu,,
2021-07-15 00:00:00,Austria,Austria,AT,116.43,141.80,87.17,82.93,entsoe.eu,,
2021-07-16 00:00:00,Austria,Austria,AT,105.14,125.72,91.19,86.26,entsoe.eu,,
2021-07-17 00:00:00,Austria,Austria,AT,86.90,111.53,90.74,84.74,entsoe.eu,,
2021-07-18 00:00:00,Austria,Austria,AT,73.03,97.39,92.83,86.99,entsoe.eu,,
2021-07-19 00:00:00,Austria,Austria,AT,108.30,132.67,88.73,83.60,entsoe.eu,,
2021-07-20 00:00:00,Austria,Austria,AT,95.87,116.62,92.01,87.76,entsoe.eu,,
2021-07-21 00:00:00,Austria,Austria,AT,92.40,113.75,92.10,87.96,entsoe.eu,,
2021-07-22 00:00:00,Austria,Austria,AT,100.73,121.71,91.64,86.94,entsoe.eu,,
2021-07-23 00:00:00,Austria,Austria,AT,122.03,144.51,89.11,83.61,entsoe.eu,,
2021-07-24 00:00:00,Austria,Austria,AT,103.26,127.36,90.08,83.22,entsoe.eu,,
2021-07-25 00:00:00,Austria,Austria,AT,99.32,123.98,90.44,83.56,entsoe.eu,,
2021-07-26 00:00:00,Austria,Austria,AT,122.98,143.14,89.99,84.65,entsoe.eu,,
2021-07-27 00:00:00,Austria,Austria,AT,116.06,135.91,90.70,85.52,entsoe.eu,,
2021-07-28 00:00:00,Austria,Austria,AT,114.51,135.77,90.30,83.64,entsoe.eu,,
2021-07-29 00:00:00,Austria,Austria,AT,134.22,161.03,86.34,78.36,entsoe.eu,,
2021-07-30 00:00:00,Austria,Austria,AT,143.63,173.10,84.11,76.68,entsoe.eu,,
2021-07-31 00:00:00,Austria,Austria,AT,100.30,127.74,89.82,80.75,entsoe.eu,,
2021-08-01 00:00:00,Austria,Austria,AT,67.53,90.37,93.42,88.03,entsoe.eu,,
2021-08-02 00:00:00,Austria,Austria,AT,82.50,99.52,94.53,91.15,entsoe.eu,,
2021-08-03 00:00:00,Austria,Austria,AT,87.18,102.94,94.89,91.98,entsoe.eu,,
2021-08-04 00:00:00,Austria,Austria,AT,99.42,115.23,94.20,90.90,entsoe.eu,,
2021-08-05 00:00:00,Austria,Austria,AT,64.72,84.10,94.63,91.57,entsoe.eu,,
2021-08-06 00:00:00,Austria,Austria,AT,75.49,95.33,94.06,89.89,entsoe.eu,,
2021-08-07 00:00:00,Austria,Austria,AT,52.85,74.67,95.14,90.98,entsoe.eu,,
2021-08-08 00:00:00,Austria,Austria,AT,57.44,80.98,94.45,88.88,entsoe.eu,,
2021-08-09 00:00:00,Austria,Austria,AT,91.03,108.51,94.23,90.25,entsoe.eu,,
2021-08-10 00:00:00,Austria,Austria,AT,99.15,116.61,93.49,89.70,entsoe.eu,,
2021-08-11 00:00:00,Austria,Austria,AT,101.51,118.28,93.56,90.24,entsoe.eu,,
2021-08-12 00:00:00,Austria,Austria,AT,115.32,132.12,92.63,88.81,entsoe.eu,,
2021-08-13 00:00:00,Austria,Austria,AT,135.55,155.39,89.92,84.53,entsoe.eu,,
2021-08-14 00:00:00,Austria,Austria,AT,141.36,166.89,87.33,79.06,entsoe.eu,,
2021-08-15 00:00:00,Austria,Austria,AT,131.12,158.67,87.30,78.37,entsoe.eu,,
2021-08-16 00:00:00,Austria,Austria,AT,131.45,156.60,87.50,80.44,entsoe.eu,,
2021-08-17 00:00:00,Austria,Austria,AT,88.61,110.37,91.88,86.57,entsoe.eu,,
2021-08-18 00:00:00,Austria,Austria,AT,115.74,136.99,90.31,84.46,entsoe.eu,,
2021-08-19 00:00:00,Austria,Austria,AT,134.04,154.98,89.29,83.10,entsoe.eu,,
2021-08-20 00:00:00,Austria,Austria,AT,134.13,154.10,89.71,84.47,entsoe.eu,,
2021-08-21 00:00:00,Austria,Austria,AT,151.46,181.10,83.44,76.82,entsoe.eu,,
2021-08-22 00:00:00,Austria,Austria,AT,152.93,181.81,84.94,75.12,entsoe.eu,,
2021-08-23 00:00:00,Austria,Austria,AT,121.90,143.86,89.74,84.23,entsoe.eu,,
2021-08-24 00:00:00,Austria,Austria,AT,115.20,139.05,88.64,84.52,entsoe.eu,,
2021-08-25 00:00:00,Austria,Austria,AT,131.22,162.60,83.19,78.45,entsoe.eu,,
2021-08-26 00:00:00,Austria,Austria,AT,135.15,158.18,88.11,82.84,entsoe.eu,,
2021-08-27 00:00:00,Austria,Austria,AT,135.70,161.04,86.41,81.31,entsoe.eu,,
2021-08-28 00:00:00,Austria,Austria,AT,132.32,157.60,87.64,78.12,entsoe.eu,,
2021-08-29 00:00:00,Austria,Austria,AT,94.20,117.13,90.82,83.67,entsoe.eu,,
2021-08-30 00:00:00,Austria,Austria,AT,112.41,129.98,91.87,85.90,entsoe.eu,,
2021-08-31 00:00:00,Austria,Austria,AT,89.72,108.50,92.53,87.41,entsoe.eu,,
2021-09-01 00:00:00,Austria,Austria,AT,62.75,80.13,95.31,91.57,entsoe.eu,,
2021-09-02 00:00:00,Austria,Austria,AT,101.56,120.30,91.82,85.38,entsoe.eu,,
2021-09-03 00:00:00,Austria,Austria,AT,132.42,153.12,88.84,80.59,entsoe.eu,,
2021-09-04 00:00:00,Austria,Austria,AT,136.44,159.85,87.45,77.69,entsoe.eu,,
2021-09-05 00:00:00,Austria,Austria,AT,138.56,163.48,86.69,75.39,entsoe.eu,,
2021-09-06 00:00:00,Austria,Austria,AT,148.34,171.69,85.95,75.95,entsoe.eu,,
2021-09-07 00:00:00,Austria,Austria,AT,161.61,188.59,83.75,73.58,entsoe.eu,,
2021-09-08 00:00:00,Austria,Austria,AT,150.79,177.30,85.13,76.30,entsoe.eu,,
2021-09-09 00:00:00,Austria,Austria,AT,142.31,166.01,86.94,79.07,entsoe.eu,,
2021-09-10 00:00:00,Austria,Austria,AT,183.54,209.73,82.57,73.16,entsoe.eu,,
2021-09-11 00:00:00,Austria,Austria,AT,213.51,247.42,78.55,64.93,entsoe.eu,,
2021-09-12 00:00:00,Austria,Austria,AT,233.31,269.75,75.84,60.42,entsoe.eu,,
2021-09-13 00:00:00,Austria,Austria,AT,230.27,262.35,76.31,64.82,entsoe.eu,,
2021-09-14 00:00:00,Austria,Austria,AT,233.09,262.43,77.20,66.46,entsoe.eu,,
2021-09-15 00:00:00,Austria,Austria,AT,223.20,250.11,78.06,66.00,entsoe.eu,,
2021-09-16 00:00:00,Austria,Austria,AT,233.66,265.46,75.35,64.61,entsoe.eu,,
2021-09-17 00:00:00,Austria,Austria,AT,160.67,189.51,81.55,73.00,entsoe.eu,,
2021-09-18 00:00:00,Austria,Austria,AT,207.97,241.22,76.66,64.20,entsoe.eu,,
2021-09-19 00:00:00,Austria,Austria,AT,215.66,248.59,77.94,64.46,entsoe.eu,,
2021-09-20 00:00:00,Austria,Austria,AT,203.60,236.73,76.72,66.14,entsoe.eu,,
2021-09-21 00:00:00,Austria,Austria,AT,214.29,247.16,76.50,64.28,entsoe.eu,,
2021-09-22 00:00:00,Austria,Austria,AT,199.84,229.06,80.05,70.18,entsoe.eu,,
2021-09-23 00:00:00,Austria,Austria,AT,198.46,229.11,79.59,67.37,entsoe.eu,,
2021-09-24 00:00:00,Austria,Austria,AT,186.62,220.21,77.50,69.16,entsoe.eu,,
2021-09-25 00:00:00,Austria,Austria,AT,231.05,262.23,78.36,64.23,entsoe.eu,,
2021-09-26 00:00:00,Austria,Austria,AT,260.43,295.79,74.44,56.74,entsoe.eu,,
2021-09-27 00:00:00,Austria,Austria,AT,264.58,301.87,70.52,57.31,entsoe.eu,,
2021-09-28 00:00:00,Austria,Austria,AT,224.01,247.58,80.80,68.11,entsoe.eu,,
2021-09-29 00:00:00,Austria,Austria,AT,252.29,292.90,68.73,56.78,entsoe.eu,,
2021-09-30 00:00:00,Austria,Austria,AT,210.45,239.36,79.70,68.87,entsoe.eu,,
2021-10-01 00:00:00,Austria,Austria,AT,201.32,232.06,79.54,68.42,entsoe.eu,,
2021-10-02 00:00:00,Austria,Austria,AT,174.77,205.74,82.17,69.22,entsoe.eu,,
2021-10-03 00:00:00,Austria,Austria,AT,131.00,160.23,86.28,74.41,entsoe.eu,,
2021-10-04 00:00:00,Austria,Austria,AT,254.70,293.22,69.67,57.36,entsoe.eu,,
2021-10-05 00:00:00,Austria,Austria,AT,191.36,228.02,74.60,66.04,entsoe.eu,,
2021-10-06 00:00:00,Austria,Austria,AT,229.24,263.86,72.63,62.41,entsoe.eu,,
2021-10-07 00:00:00,Austria,Austria,AT,210.82,243.69,74.66,64.08,entsoe.eu,,
2021-10-08 00:00:00,Austria,Austria,AT,230.02,263.57,73.16,62.55,entsoe.eu,,
2021-10-09 00:00:00,Austria,Austria,AT,247.35,281.48,72.70,58.56,entsoe.eu,,
2021-10-10 00:00:00,Austria,Austria,AT,281.83,322.19,67.23,52.09,entsoe.eu,,
2021-10-11 00:00:00,Austria,Austria,AT,262.94,307.81,64.40,55.68,entsoe.eu,,
2021-10-12 00:00:00,Austria,Austria,AT,281.10,326.88,61.69,52.91,entsoe.eu,,
2021-10-13 00:00:00,Austria,Austria,AT,245.09,282.91,69.65,61.09,entsoe.eu,,
2021-10-14 00:00:00,Austria,Austria,AT,277.08,313.65,68.34,58.08,entsoe.eu,,
2021-10-15 00:00:00,Austria,Austria,AT,260.48,296.78,70.21,59.36,entsoe.eu,,
2021-10-16 00:00:00,Austria,Austria,AT,282.36,320.51,68.37,56.01,entsoe.eu,,
2021-10-17 00:00:00,Austria,Austria,AT,319.24,368.06,58.90,45.77,entsoe.eu,,
2021-10-18 00:00:00,Austria,Austria,AT,318.16,370.46,55.37,46.13,entsoe.eu,,
2021-10-19 00:00:00,Austria,Austria,AT,295.24,343.26,60.64,49.95,entsoe.eu,,
2021-10-20 00:00:00,Austria,Austria,AT,231.80,275.35,68.07,57.58,entsoe.eu,,
2021-10-21 00:00:00,Austria,Austria,AT,213.81,252.66,72.47,62.50,entsoe.eu,,
2021-10-22 00:00:00,Austria,Austria,AT,228.79,273.75,67.14,58.12,entsoe.eu,,
2021-10-23 00:00:00,Austria,Austria,AT,244.36,282.52,71.45,59.95,entsoe.eu,,
2021-10-24 00:00:00,Austria,Austria,AT,271.02,313.65,67.99,53.79,entsoe.eu,,
2021-10-25 00:00:00,Austria,Austria,AT,227.69,266.46,69.98,63.09,entsoe.eu,,
2021-10-26 00:00:00,Austria,Austria,AT,302.53,352.36,57.90,49.57,entsoe.eu,,
2021-10-27 00:00:00,Austria,Austria,AT,306.60,359.95,55.65,47.23,entsoe.eu,,
2021-10-28 00:00:00,Austria,Austria,AT,276.61,327.36,59.31,51.10,entsoe.eu,,
2021-10-29 00:00:00,Austria,Austria,AT,266.34,316.66,61.28,52.20,entsoe.eu,,
2021-10-30 00:00:00,Austria,Austria,AT,227.56,265.83,73.56,60.49,entsoe.eu,,
2021-10-31 00:00:00,Austria,Austria,AT,195.33,233.07,77.21,63.36,entsoe.eu,,
2021-11-01 00:00:00,Austria,Austria,AT,231.37,278.05,68.35,56.85,entsoe.eu,,
2021-11-02 00:00:00,Austria,Austria,AT,273.45,317.20,65.07,55.72,entsoe.eu,,
2021-11-03 00:00:00,Austria,Austria,AT,242.51,281.65,69.46,62.70,entsoe.eu,,
2021-11-04 00:00:00,Austria,Austria,AT,238.85,285.63,64.62,58.12,entsoe.eu,,
2021-11-05 00:00:00,Austria,Austria,AT,257.15,304.52,62.38,55.19,entsoe.eu,,
2021-11-06 00:00:00,Austria,Austria,AT,259.17,304.02,64.86,53.20,entsoe.eu,,
2021-11-07 00:00:00,Austria,Austria,AT,225.35,266.28,71.44,58.56,entsoe.eu,,
2021-11-08 00:00:00,Austria,Austria,AT,287.93,335.82,60.47,52.03,entsoe.eu,,
2021-11-09 00:00:00,Austria,Austria,AT,295.59,348.43,56.94,49.29,entsoe.eu,,
2021-11-10 00:00:00,Austria,Austria,AT,221.56,262.62,69.08,63.12,entsoe.eu,,
2021-11-11 00:00:00,Austria,Austria,AT,298.52,344.85,60.76,52.35,entsoe.eu,,
2021-11-12 00:00:00,Austria,Austria,AT,323.75,377.07,54.64,45.93,entsoe.eu,,
2021-11-13 00:00:00,Austria,Austria,AT,343.87,396.74,54.65,43.22,entsoe.eu,,
2021-11-14 00:00:00,Austria,Austria,AT,355.31,411.36,52.23,40.02,entsoe.eu,,
2021-11-15 00:00:00,Austria,Austria,AT,301.77,348.90,59.25,50.63,entsoe.eu,,
2021-11-16 00:00:00,Austria,Austria,AT,241.65,287.73,64.00,58.04,entsoe.eu,,
2021-11-17 00:00:00,Austria,Austria,AT,312.19,362.10,56.50,48.20,entsoe.eu,,
2021-11-18 00:00:00,Austria,Austria,AT,272.08,323.47,58.81,52.00,entsoe.eu,,
2021-11-19 00:00:00,Austria,Austria,AT,262.44,318.32,57.49,51.30,entsoe.eu,,
2021-11-20 00:00:00,Austria,Austria,AT,294.24,354.97,53.31,45.74,entsoe.eu,,
2021-11-21 00:00:00,Austria,Austria,AT,351.89,419.45,45.70,36.47,entsoe.eu,,
2021-11-22 00:00:00,Austria,Austria,AT,320.04,375.99,54.05,46.64,entsoe.eu,,
2021-11-23 00:00:00,Austria,Austria,AT,310.66,363.81,56.05,49.58,entsoe.eu,,
2021-11-24 00:00:00,Austria,Austria,AT,314.24,365.55,56.67,49.92,entsoe.eu,,
2021-11-25 00:00:00,Austria,Austria,AT,284.93,339.44,56.32,51.49,entsoe.eu,,
2021-11-26 00:00:00,Austria,Austria,AT,335.48,399.47,47.84,40.87,entsoe.eu,,
2021-11-27 00:00:00,Austria,Austria,AT,384.22,452.87,43.61,33.04,entsoe.eu,,
2021-11-28 00:00:00,Austria,Austria,AT,365.58,429.80,47.01,35.08,entsoe.eu,,
2021-11-29 00:00:00,Austria,Austria,AT,239.76,286.32,64.67,59.59,entsoe.eu,,
2021-11-30 00:00:00,Austria,Austria,AT,243.81,300.49,59.28,54.74,entsoe.eu,,
2021-12-01 00:00:00,Austria,Austria,AT,249.76,308.40,57.12,52.65,entsoe.eu,,
2021-12-02 00:00:00,Austria,Austria,AT,258.25,314.27,57.42,53.99,entsoe.eu,,
2021-12-03 00:00:00,Austria,Austria,AT,223.36,284.66,57.84,56.00,entsoe.eu,,
2021-12-04 00:00:00,Austria,Austria,AT,212.74,271.49,62.84,59.46,entsoe.eu,,
2021-12-05 00:00:00,Austria,Austria,AT,251.34,319.02,54.49,50.11,entsoe.eu,,
2021-12-06 00:00:00,Austria,Austria,AT,224.48,283.64,58.63,56.29,entsoe.eu,,
2021-12-07 00:00:00,Austria,Austria,AT,272.76,339.72,52.54,49.62,entsoe.eu,,
2021-12-08 00:00:00,Austria,Austria,AT,222.64,281.04,60.34,57.11,entsoe.eu,,
2021-12-09 00:00:00,Austria,Austria,AT,242.91,295.92,63.37,60.92,entsoe.eu,,
2021-12-10 00:00:00,Austria,Austria,AT,254.47,315.36,57.78,53.65,entsoe.eu,,
2021-12-11 00:00:00,Austria,Austria,AT,274.00,337.52,55.70,50.35,entsoe.eu,,
2021-12-12 00:00:00,Austria,Austria,AT,226.32,275.84,66.34,60.40,entsoe.eu,,
2021-12-13 00:00:00,Austria,Austria,AT,248.96,302.02,61.29,58.01,entsoe.eu,,
2021-12-14 00:00:00,Austria,Austria,AT,270.79,319.01,61.87,56.57,entsoe.eu,,
2021-12-15 00:00:00,Austria,Austria,AT,273.41,324.81,59.99,54.35,entsoe.eu,,
2021-12-16 00:00:00,Austria,Austria,AT,233.00,278.34,65.68,61.08,entsoe.eu,,
2021-12-17 00:00:00,Austria,Austria,AT,229.64,277.50,64.08,59.15,entsoe.eu,,
2021-12-18 00:00:00,Austria,Austria,AT,257.81,306.92,62.13,54.58,entsoe.eu,,
2021-12-19 00:00:00,Austria,Austria,AT,216.71,256.24,71.83,63.47,entsoe.eu,,
2021-12-20 00:00:00,Austria,Austria,AT,242.09,287.31,65.16,59.42,entsoe.eu,,
2021-12-21 00:00:00,Austria,Austria,AT,303.06,353.49,57.33,49.97,entsoe.eu,,
2021-12-22 00:00:00,Austria,Austria,AT,348.08,404.38,51.45,43.12,entsoe.eu,,
2021-12-23 00:00:00,Austria,Austria,AT,334.34,390.72,53.23,44.48,entsoe.eu,,
2021-12-24 00:00:00,Austria,Austria,AT,291.44,337.62,62.44,50.73,entsoe.eu,,
2021-12-25 00:00:00,Austria,Austria,AT,301.67,350.06,60.11,46.16,entsoe.eu,,
2021-12-26 00:00:00,Austria,Austria,AT,327.69,380.25,56.45,43.60,entsoe.eu,,
2021-12-27 00:00:00,Austria,Austria,AT,298.83,347.33,61.02,50.18,entsoe.eu,,
2021-12-28 00:00:00,Austria,Austria,AT,279.54,321.91,66.91,57.05,entsoe.eu,,
2021-12-29 00:00:00,Austria,Austria,AT,272.18,314.44,67.24,58.04,entsoe.eu,,
2021-12-30 00:00:00,Austria,Austria,AT,168.69,201.67,80.59,71.61,entsoe.eu,,
2021-12-31 00:00:00,Austria,Austria,AT,112.55,140.91,87.79,79.23,entsoe.eu,,
2022-01-01 00:00:00,Austria,Austria,AT,74.39,97.92,92.21,86.82,entsoe.eu,,
2022-01-02 00:00:00,Austria,Austria,AT,115.96,146.24,87.40,78.30,entsoe.eu,,
2022-01-03 00:00:00,Austria,Austria,AT,160.12,194.82,79.52,74.19,entsoe.eu,,
2022-01-04 00:00:00,Austria,Austria,AT,222.14,263.46,69.91,64.52,entsoe.eu,,
2022-01-05 00:00:00,Austria,Austria,AT,182.33,217.73,76.34,70.72,entsoe.eu,,
2022-01-06 00:00:00,Austria,Austria,AT,157.55,193.67,76.79,73.41,entsoe.eu,,
2022-01-07 00:00:00,Austria,Austria,AT,258.35,304.80,65.29,58.69,entsoe.eu,,
2022-01-08 00:00:00,Austria,Austria,AT,281.10,334.19,60.67,52.97,entsoe.eu,,
2022-01-09 00:00:00,Austria,Austria,AT,274.89,325.30,63.07,55.27,entsoe.eu,,
2022-01-10 00:00:00,Austria,Austria,AT,217.50,263.82,65.93,61.28,entsoe.eu,,
2022-01-11 00:00:00,Austria,Austria,AT,199.20,252.71,62.11,59.36,entsoe.eu,,
2022-01-12 00:00:00,Austria,Austria,AT,228.93,280.17,62.27,58.52,entsoe.eu,,
2022-01-13 00:00:00,Austria,Austria,AT,283.82,338.41,56.81,51.32,entsoe.eu,,
2022-01-14 00:00:00,Austria,Austria,AT,229.95,276.97,64.40,60.20,entsoe.eu,,
2022-01-15 00:00:00,Austria,Austria,AT,274.05,327.41,57.35,51.12,entsoe.eu,,
2022-01-16 00:00:00,Austria,Austria,AT,282.38,333.10,60.38,52.58,entsoe.eu,,
2022-01-17 00:00:00,Austria,Austria,AT,214.72,257.46,68.89,63.60,entsoe.eu,,
2022-01-18 00:00:00,Austria,Austria,AT,248.19,297.97,61.58,57.02,entsoe.eu,,
2022-01-19 00:00:00,Austria,Austria,AT,319.38,377.84,52.10,45.61,entsoe.eu,,
2022-01-20 00:00:00,Austria,Austria,AT,254.37,304.45,61.71,55.76,entsoe.eu,,
2022-01-21 00:00:00,Austria,Austria,AT,248.72,298.20,62.26,57.19,entsoe.eu,,
2022-01-22 00:00:00,Austria,Austria,AT,264.78,317.36,59.57,53.77,entsoe.eu,,
2022-01-23 00:00:00,Austria,Austria,AT,320.56,381.59,51.22,44.29,entsoe.eu,,
2022-01-24 00:00:00,Austria,Austria,AT,301.94,352.92,57.28,51.18,entsoe.eu,,
2022-01-25 00:00:00,Austria,Austria,AT,274.38,322.39,60.72,55.79,entsoe.eu,,
2022-01-26 00:00:00,Austria,Austria,AT,287.92,338.58,59.04,53.84,entsoe.eu,,
2022-01-27 00:00:00,Austria,Austria,AT,272.80,324.63,59.53,53.83,entsoe.eu,,
2022-01-28 00:00:00,Austria,Austria,AT,226.50,273.31,65.15,60.93,entsoe.eu,,
2022-01-29 00:00:00,Austria,Austria,AT,231.82,281.89,64.64,57.52,entsoe.eu,,
2022-01-30 00:00:00,Austria,Austria,AT,179.13,219.01,74.74,68.59,entsoe.eu,,
2022-01-31 00:00:00,Austria,Austria,AT,269.76,323.37,58.81,53.89,entsoe.eu,,
2022-02-01 00:00:00,Austria,Austria,AT,246.91,300.26,59.47,55.45,entsoe.eu,,
2022-02-02 00:00:00,Austria,Austria,AT,218.68,270.33,62.50,58.78,entsoe.eu,,
2022-02-03 00:00:00,Austria,Austria,AT,281.76,340.55,54.12,49.09,entsoe.eu,,
2022-02-04 00:00:00,Austria,Austria,AT,282.96,340.67,54.93,49.27,entsoe.eu,,
2022-02-05 00:00:00,Austria,Austria,AT,193.58,240.04,69.84,63.58,entsoe.eu,,
2022-02-06 00:00:00,Austria,Austria,AT,196.72,245.84,68.37,61.59,entsoe.eu,,
2022-02-07 00:00:00,Austria,Austria,AT,189.38,236.68,67.70,64.15,entsoe.eu,,
2022-02-08 00:00:00,Austria,Austria,AT,208.02,253.70,67.99,62.98,entsoe.eu,,
2022-02-09 00:00:00,Austria,Austria,AT,252.22,296.62,66.47,60.12,entsoe.eu,,
2022-02-10 00:00:00,Austria,Austria,AT,283.74,335.51,59.16,52.83,entsoe.eu,,
2022-02-11 00:00:00,Austria,Austria,AT,243.77,292.26,63.50,57.76,entsoe.eu,,
2022-02-12 00:00:00,Austria,Austria,AT,261.23,314.12,61.58,53.55,entsoe.eu,,
2022-02-13 00:00:00,Austria,Austria,AT,172.71,212.76,76.82,68.38,entsoe.eu,,
2022-02-14 00:00:00,Austria,Austria,AT,231.66,275.11,69.12,62.20,entsoe.eu,,
2022-02-15 00:00:00,Austria,Austria,AT,283.17,334.22,60.61,53.74,entsoe.eu,,
2022-02-16 00:00:00,Austria,Austria,AT,234.36,282.09,65.57,58.96,entsoe.eu,,
2022-02-17 00:00:00,Austria,Austria,AT,166.84,205.78,75.73,69.48,entsoe.eu,,
2022-02-18 00:00:00,Austria,Austria,AT,188.96,228.98,73.43,67.29,entsoe.eu,,
2022-02-19 00:00:00,Austria,Austria,AT,138.85,174.10,80.72,74.83,entsoe.eu,,
2022-02-20 00:00:00,Austria,Austria,AT,146.79,182.56,80.52,73.33,entsoe.eu,,
2022-02-21 00:00:00,Austria,Austria,AT,178.70,217.17,75.16,69.51,entsoe.eu,,
2022-02-22 00:00:00,Austria,Austria,AT,202.05,241.89,72.07,67.01,entsoe.eu,,
2022-02-23 00:00:00,Austria,Austria,AT,224.49,268.64,68.00,63.12,entsoe.eu,,
2022-02-24 00:00:00,Austria,Austria,AT,216.64,255.43,72.62,66.35,entsoe.eu,,
2022-02-25 00:00:00,Austria,Austria,AT,215.21,250.61,75.21,68.40,entsoe.eu,,
2022-02-26 00:00:00,Austria,Austria,AT,255.10,301.72,65.02,58.72,entsoe.eu,,
2022-02-27 00:00:00,Austria,Austria,AT,269.86,318.14,64.98,56.90,entsoe.eu,,
2022-02-28 00:00:00,Austria,Austria,AT,269.51,322.90,59.78,54.86,entsoe.eu,,
2022-03-01 00:00:00,Austria,Austria,AT,294.90,348.84,57.39,51.87,entsoe.eu,,
2022-03-02 00:00:00,Austria,Austria,AT,278.71,331.42,58.72,53.90,entsoe.eu,,
2022-03-03 00:00:00,Austria,Austria,AT,281.17,328.11,63.23,57.55,entsoe.eu,,
2022-03-04 00:00:00,Austria,Austria,AT,270.61,325.12,58.43,54.11,entsoe.eu,,
2022-03-05 00:00:00,Austria,Austria,AT,310.37,368.79,54.12,47.30,entsoe.eu,,
2022-03-06 00:00:00,Austria,Austria,AT,314.41,371.67,55.34,46.43,entsoe.eu,,
2022-03-07 00:00:00,Austria,Austria,AT,257.05,306.47,62.32,57.41,entsoe.eu,,
2022-03-08 00:00:00,Austria,Austria,AT,298.77,350.52,58.77,52.48,entsoe.eu,,
2022-03-09 00:00:00,Austria,Austria,AT,312.55,367.53,54.96,48.55,entsoe.eu,,
2022-03-10 00:00:00,Austria,Austria,AT,306.81,359.28,57.23,50.33,entsoe.eu,,
2022-03-11 00:00:00,Austria,Austria,AT,285.58,335.98,60.26,53.24,entsoe.eu,,
2022-03-12 00:00:00,Austria,Austria,AT,261.36,310.75,63.55,55.96,entsoe.eu,,
2022-03-13 00:00:00,Austria,Austria,AT,247.14,297.05,64.15,56.85,entsoe.eu,,
2022-03-14 00:00:00,Austria,Austria,AT,304.09,357.78,56.74,50.24,entsoe.eu,,
2022-03-15 00:00:00,Austria,Austria,AT,278.54,330.73,57.80,52.82,entsoe.eu,,
2022-03-16 00:00:00,Austria,Austria,AT,276.53,322.38,63.32,57.29,entsoe.eu,,
2022-03-17 00:00:00,Austria,Austria,AT,307.41,362.14,54.76,48.66,entsoe.eu,,
2022-03-18 00:00:00,Austria,Austria,AT,320.06,379.10,52.07,45.00,entsoe.eu,,
2022-03-19 00:00:00,Austria,Austria,AT,274.28,330.14,58.32,50.40,entsoe.eu,,
2022-03-20 00:00:00,Austria,Austria,AT,202.47,245.62,71.85,63.70,entsoe.eu,,
2022-03-21 00:00:00,Austria,Austria,AT,296.98,346.29,59.64,52.07,entsoe.eu,,
2022-03-22 00:00:00,Austria,Austria,AT,296.67,347.37,58.56,50.95,entsoe.eu,,
2022-03-23 00:00:00,Austria,Austria,AT,296.70,349.75,56.87,49.91,entsoe.eu,,
2022-03-24 00:00:00,Austria,Austria,AT,275.47,327.01,59.30,53.76,entsoe.eu,,
2022-03-25 00:00:00,Austria,Austria,AT,282.43,330.74,61.66,53.81,entsoe.eu,,
2022-03-26 00:00:00,Austria,Austria,AT,245.98,289.03,69.11,59.80,entsoe.eu,,
2022-03-27 00:00:00,Austria,Austria,AT,260.83,306.56,66.12,56.62,entsoe.eu,,
2022-03-28 00:00:00,Austria,Austria,AT,267.74,316.31,61.84,54.80,entsoe.eu,,
2022-03-29 00:00:00,Austria,Austria,AT,233.22,275.57,67.44,61.72,entsoe.eu,,
2022-03-30 00:00:00,Austria,Austria,AT,222.69,266.28,66.32,60.80,entsoe.eu,,
2022-03-31 00:00:00,Austria,Austria,AT,238.44,274.59,70.98,62.46,entsoe.eu,,
2022-04-01 00:00:00,Austria,Austria,AT,189.72,224.17,74.64,67.61,entsoe.eu,,
2022-04-02 00:00:00,Austria,Austria,AT,165.79,198.19,78.15,71.15,entsoe.eu,,
2022-04-03 00:00:00,Austria,Austria,AT,191.05,226.97,74.48,66.78,entsoe.eu,,
2022-04-04 00:00:00,Austria,Austria,AT,225.14,269.02,67.67,59.54,entsoe.eu,,
2022-04-05 00:00:00,Austria,Austria,AT,215.32,251.17,73.74,67.88,entsoe.eu,,
2022-04-06 00:00:00,Austria,Austria,AT,220.72,259.69,71.53,62.99,entsoe.eu,,
2022-04-07 00:00:00,Austria,Austria,AT,175.19,214.87,74.12,67.01,entsoe.eu,,
2022-04-08 00:00:00,Austria,Austria,AT,155.98,180.76,83.46,77.13,entsoe.eu,,
2022-04-09 00:00:00,Austria,Austria,AT,100.52,123.76,89.79,82.31,entsoe.eu,,
2022-04-10 00:00:00,Austria,Austria,AT,104.34,127.72,88.65,82.09,entsoe.eu,,
2022-04-11 00:00:00,Austria,Austria,AT,214.20,252.44,72.84,66.07,entsoe.eu,,
2022-04-12 00:00:00,Austria,Austria,AT,225.94,268.60,68.78,61.85,entsoe.eu,,
2022-04-13 00:00:00,Austria,Austria,AT,167.94,201.54,77.59,73.00,entsoe.eu,,
2022-04-14 00:00:00,Austria,Austria,AT,140.97,165.95,84.71,79.92,entsoe.eu,,
2022-04-15 00:00:00,Austria,Austria,AT,152.15,178.90,83.51,76.46,entsoe.eu,,
2022-04-16 00:00:00,Austria,Austria,AT,105.82,132.77,86.04,82.34,entsoe.eu,,
2022-04-17 00:00:00,Austria,Austria,AT,117.46,147.82,83.75,78.78,entsoe.eu,,
2022-04-18 00:00:00,Austria,Austria,AT,186.07,221.85,76.25,69.70,entsoe.eu,,
2022-04-19 00:00:00,Austria,Austria,AT,247.85,294.33,65.66,60.45,entsoe.eu,,
2022-04-20 00:00:00,Austria,Austria,AT,234.97,279.68,67.54,62.98,entsoe.eu,,
2022-04-21 00:00:00,Austria,Austria,AT,225.90,265.26,71.28,66.33,entsoe.eu,,
2022-04-22 00:00:00,Austria,Austria,AT,220.96,259.43,72.62,66.83,entsoe.eu,,
2022-04-23 00:00:00,Austria,Austria,AT,227.52,273.03,68.24,60.28,entsoe.eu,,
2022-04-24 00:00:00,Austria,Austria,AT,161.08,189.68,83.15,75.71,entsoe.eu,,
2022-04-25 00:00:00,Austria,Austria,AT,157.60,191.48,77.50,73.28,entsoe.eu,,
2022-04-26 00:00:00,Austria,Austria,AT,224.29,266.17,68.81,63.39,entsoe.eu,,
2022-04-27 00:00:00,Austria,Austria,AT,186.66,224.43,74.33,70.58,entsoe.eu,,
2022-04-28 00:00:00,Austria,Austria,AT,181.85,217.88,76.59,72.77,entsoe.eu,,
2022-04-29 00:00:00,Austria,Austria,AT,217.38,257.46,71.26,65.35,entsoe.eu,,
2022-04-30 00:00:00,Austria,Austria,AT,208.52,242.44,76.07,66.84,entsoe.eu,,
2022-05-01 00:00:00,Austria,Austria,AT,215.63,250.16,75.55,64.84,entsoe.eu,,
2022-05-02 00:00:00,Austria,Austria,AT,215.09,258.68,68.83,61.22,entsoe.eu,,
2022-05-03 00:00:00,Austria,Austria,AT,218.71,263.23,67.90,61.49,entsoe.eu,,
2022-05-04 00:00:00,Austria,Austria,AT,209.38,252.26,69.00,63.18,entsoe.eu,,
2022-05-05 00:00:00,Austria,Austria,AT,192.90,232.60,71.57,66.06,entsoe.eu,,
2022-05-06 00:00:00,Austria,Austria,AT,183.52,221.27,73.76,68.08,entsoe.eu,,
2022-05-07 00:00:00,Austria,Austria,AT,156.70,186.06,81.42,73.99,entsoe.eu,,
2022-05-08 00:00:00,Austria,Austria,AT,158.54,186.48,81.66,74.07,entsoe.eu,,
2022-05-09 00:00:00,Austria,Austria,AT,176.05,210.87,75.25,70.47,entsoe.eu,,
2022-05-10 00:00:00,Austria,Austria,AT,176.48,203.64,81.04,75.08,entsoe.eu,,
2022-05-11 00:00:00,Austria,Austria,AT,151.77,178.32,83.00,77.50,entsoe.eu,,
2022-05-12 00:00:00,Austria,Austria,AT,150.18,177.99,81.66,76.98,entsoe.eu,,
2022-05-13 00:00:00,Austria,Austria,AT,135.28,166.36,80.15,76.57,entsoe.eu,,
2022-05-14 00:00:00,Austria,Austria,AT,112.34,132.51,89.67,84.34,entsoe.eu,,
2022-05-15 00:00:00,Austria,Austria,AT,107.11,126.55,90.69,84.79,entsoe.eu,,
2022-05-16 00:00:00,Austria,Austria,AT,156.05,181.77,83.08,78.45,entsoe.eu,,
2022-05-17 00:00:00,Austria,Austria,AT,109.38,138.94,83.16,81.68,entsoe.eu,,
2022-05-18 00:00:00,Austria,Austria,AT,127.13,155.53,82.54,79.17,entsoe.eu,,
2022-05-19 00:00:00,Austria,Austria,AT,101.18,126.83,86.00,83.91,entsoe.eu,,
2022-05-20 00:00:00,Austria,Austria,AT,121.88,149.70,83.26,79.69,entsoe.eu,,
2022-05-21 00:00:00,Austria,Austria,AT,72.11,89.83,93.22,88.96,entsoe.eu,,
2022-05-22 00:00:00,Austria,Austria,AT,104.32,127.10,87.80,83.54,entsoe.eu,,
2022-05-23 00:00:00,Austria,Austria,AT,138.92,171.05,79.45,75.25,entsoe.eu,,
2022-05-24 00:00:00,Austria,Austria,AT,123.29,149.79,84.18,80.82,entsoe.eu,,
2022-05-25 00:00:00,Austria,Austria,AT,108.47,136.28,84.50,81.01,entsoe.eu,,
2022-05-26 00:00:00,Austria,Austria,AT,76.09,99.98,90.39,86.61,entsoe.eu,,
2022-05-27 00:00:00,Austria,Austria,AT,88.96,114.10,88.56,83.90,entsoe.eu,,
2022-05-28 00:00:00,Austria,Austria,AT,106.01,133.21,85.76,80.02,entsoe.eu,,
2022-05-29 00:00:00,Austria,Austria,AT,148.30,169.14,86.51,79.48,entsoe.eu,,
2022-05-30 00:00:00,Austria,Austria,AT,167.72,199.03,78.30,74.09,entsoe.eu,,
2022-05-31 00:00:00,Austria,Austria,AT,153.25,182.87,80.22,76.31,entsoe.eu,,
2022-06-01 00:00:00,Austria,Austria,AT,155.58,178.67,85.11,79.77,entsoe.eu,,
2022-06-02 00:00:00,Austria,Austria,AT,165.42,193.95,80.49,74.67,entsoe.eu,,
2022-06-03 00:00:00,Austria,Austria,AT,122.26,144.40,87.25,82.54,entsoe.eu,,
2022-06-04 00:00:00,Austria,Austria,AT,132.87,159.33,84.73,80.30,entsoe.eu,,
2022-06-05 00:00:00,Austria,Austria,AT,127.61,148.85,87.54,82.30,entsoe.eu,,
2022-06-06 00:00:00,Austria,Austria,AT,88.77,108.77,91.81,88.48,entsoe.eu,,
2022-06-07 00:00:00,Austria,Austria,AT,121.09,142.93,88.23,84.79,entsoe.eu,,
2022-06-08 00:00:00,Austria,Austria,AT,94.88,112.72,92.33,90.04,entsoe.eu,,
2022-06-09 00:00:00,Austria,Austria,AT,72.33,87.98,94.61,92.06,entsoe.eu,,
2022-06-10 00:00:00,Austria,Austria,AT,45.92,60.23,97.23,95.60,entsoe.eu,,
2022-06-11 00:00:00,Austria,Austria,AT,47.88,64.17,96.03,92.82,entsoe.eu,,
2022-06-12 00:00:00,Austria,Austria,AT,79.52,97.91,92.89,86.05,entsoe.eu,,
2022-06-13 00:00:00,Austria,Austria,AT,109.93,127.84,90.62,83.66,entsoe.eu,,
2022-06-14 00:00:00,Austria,Austria,AT,120.26,137.57,90.84,85.00,entsoe.eu,,
2022-06-15 00:00:00,Austria,Austria,AT,126.50,143.77,90.01,84.17,entsoe.eu,,
2022-06-16 00:00:00,Austria,Austria,AT,101.80,118.88,92.26,87.45,entsoe.eu,,
2022-06-17 00:00:00,Austria,Austria,AT,101.02,115.99,93.34,88.54,entsoe.eu,,
2022-06-18 00:00:00,Austria,Austria,AT,126.37,149.08,87.16,79.06,entsoe.eu,,
2022-06-19 00:00:00,Austria,Austria,AT,86.63,104.37,92.76,86.83,entsoe.eu,,
2022-06-20 00:00:00,Austria,Austria,AT,142.73,161.31,88.31,83.02,entsoe.eu,,
2022-06-21 00:00:00,Austria,Austria,AT,130.90,148.00,89.56,82.92,entsoe.eu,,
2022-06-22 00:00:00,Austria,Austria,AT,180.46,202.85,82.44,74.58,entsoe.eu,,
2022-06-23 00:00:00,Austria,Austria,AT,183.54,211.72,78.35,71.20,entsoe.eu,,
2022-06-24 00:00:00,Austria,Austria,AT,126.96,145.10,88.51,81.02,entsoe.eu,,
2022-06-25 00:00:00,Austria,Austria,AT,122.26,143.36,88.27,80.40,entsoe.eu,,
2022-06-26 00:00:00,Austria,Austria,AT,162.45,185.27,84.56,74.22,entsoe.eu,,
2022-06-27 00:00:00,Austria,Austria,AT,157.30,180.42,84.33,77.57,entsoe.eu,,
2022-06-28 00:00:00,Austria,Austria,AT,166.25,189.14,83.41,77.29,entsoe.eu,,
2022-06-29 00:00:00,Austria,Austria,AT,150.54,177.62,81.85,76.37,entsoe.eu,,
2022-06-30 00:00:00,Austria,Austria,AT,133.98,160.38,83.29,80.46,entsoe.eu,,
2022-07-01 00:00:00,Austria,Austria,AT,133.96,154.30,87.68,82.32,entsoe.eu,,
2022-07-02 00:00:00,Austria,Austria,AT,108.24,128.32,89.49,83.10,entsoe.eu,,
2022-07-03 00:00:00,Austria,Austria,AT,158.61,181.31,84.52,74.71,entsoe.eu,,
2022-07-04 00:00:00,Austria,Austria,AT,173.42,195.20,83.37,74.72,entsoe.eu,,
2022-07-05 00:00:00,Austria,Austria,AT,145.66,164.46,86.90,80.30,entsoe.eu,,
2022-07-06 00:00:00,Austria,Austria,AT,156.82,180.86,82.57,75.80,entsoe.eu,,
2022-07-07 00:00:00,Austria,Austria,AT,167.02,194.95,79.44,71.24,entsoe.eu,,
2022-07-08 00:00:00,Austria,Austria,AT,100.44,121.41,88.91,84.83,entsoe.eu,,
2022-07-09 00:00:00,Austria,Austria,AT,92.04,111.41,91.08,84.15,entsoe.eu,,
2022-07-10 00:00:00,Austria,Austria,AT,90.66,109.11,91.85,84.63,entsoe.eu,,
2022-07-11 00:00:00,Austria,Austria,AT,142.33,159.92,88.92,80.73,entsoe.eu,,
2022-07-12 00:00:00,Austria,Austria,AT,136.14,153.84,89.71,81.65,entsoe.eu,,
2022-07-13 00:00:00,Austria,Austria,AT,131.55,151.35,88.29,79.14,entsoe.eu,,
2022-07-14 00:00:00,Austria,Austria,AT,172.68,197.12,82.75,72.83,entsoe.eu,,
2022-07-15 00:00:00,Austria,Austria,AT,165.41,188.61,84.45,75.21,entsoe.eu,,
2022-07-16 00:00:00,Austria,Austria,AT,175.25,202.78,82.87,70.43,entsoe.eu,,
2022-07-17 00:00:00,Austria,Austria,AT,197.24,224.76,81.13,65.79,entsoe.eu,,
2022-07-18 00:00:00,Austria,Austria,AT,214.17,236.46,82.05,69.72,entsoe.eu,,
2022-07-19 00:00:00,Austria,Austria,AT,223.87,253.69,76.39,65.60,entsoe.eu,,
2022-07-20 00:00:00,Austria,Austria,AT,215.83,246.26,76.84,66.91,entsoe.eu,,
2022-07-21 00:00:00,Austria,Austria,AT,216.57,246.52,76.07,66.31,entsoe.eu,,
2022-07-22 00:00:00,Austria,Austria,AT,228.00,262.44,73.33,65.00,entsoe.eu,,
2022-07-23 00:00:00,Austria,Austria,AT,228.63,261.24,76.16,67.30,entsoe.eu,,
2022-07-24 00:00:00,Austria,Austria,AT,221.32,253.47,77.37,68.16,entsoe.eu,,
2022-07-25 00:00:00,Austria,Austria,AT,221.76,251.56,77.79,70.20,entsoe.eu,,
2022-07-26 00:00:00,Austria,Austria,AT,217.19,251.27,73.39,68.08,entsoe.eu,,
2022-07-27 00:00:00,Austria,Austria,AT,233.32,268.11,71.70,64.35,entsoe.eu,,
2022-07-28 00:00:00,Austria,Austria,AT,223.46,256.87,73.13,64.84,entsoe.eu,,
2022-07-29 00:00:00,Austria,Austria,AT,233.33,268.42,71.21,62.54,entsoe.eu,,
2022-07-30 00:00:00,Austria,Austria,AT,151.27,176.36,84.58,77.31,entsoe.eu,,
2022-07-31 00:00:00,Austria,Austria,AT,123.20,145.39,87.88,81.41,entsoe.eu,,
2022-08-01 00:00:00,Austria,Austria,AT,201.20,225.25,80.97,70.84,entsoe.eu,,
2022-08-02 00:00:00,Austria,Austria,AT,212.43,241.31,76.34,66.95,entsoe.eu,,
2022-08-03 00:00:00,Austria,Austria,AT,228.10,256.58,76.20,67.01,entsoe.eu,,
2022-08-04 00:00:00,Austria,Austria,AT,228.93,257.78,75.55,66.13,entsoe.eu,,
2022-08-05 00:00:00,Austria,Austria,AT,217.03,240.42,80.60,70.07,entsoe.eu,,
2022-08-06 00:00:00,Austria,Austria,AT,151.95,176.01,85.58,77.58,entsoe.eu,,
2022-08-07 00:00:00,Austria,Austria,AT,164.49,189.20,84.67,74.00,entsoe.eu,,
2022-08-08 00:00:00,Austria,Austria,AT,200.20,226.60,80.02,70.93,entsoe.eu,,
2022-08-09 00:00:00,Austria,Austria,AT,174.95,203.44,80.42,73.79,entsoe.eu,,
2022-08-10 00:00:00,Austria,Austria,AT,194.29,223.25,78.52,69.98,entsoe.eu,,
2022-08-11 00:00:00,Austria,Austria,AT,191.49,211.53,84.99,77.79,entsoe.eu,,
2022-08-12 00:00:00,Austria,Austria,AT,207.74,231.59,81.69,74.59,entsoe.eu,,
2022-08-13 00:00:00,Austria,Austria,AT,206.49,233.27,81.37,72.25,entsoe.eu,,
2022-08-14 00:00:00,Austria,Austria,AT,238.14,270.54,75.83,65.82,entsoe.eu,,
2022-08-15 00:00:00,Austria,Austria,AT,204.30,229.24,81.92,73.50,entsoe.eu,,
2022-08-16 00:00:00,Austria,Austria,AT,190.60,219.21,79.17,73.33,entsoe.eu,,
2022-08-17 00:00:00,Austria,Austria,AT,219.87,247.53,77.30,69.23,entsoe.eu,,
2022-08-18 00:00:00,Austria,Austria,AT,208.83,236.38,77.52,69.90,entsoe.eu,,
2022-08-19 00:00:00,Austria,Austria,AT,215.55,247.73,73.41,63.92,entsoe.eu,,
2022-08-20 00:00:00,Austria,Austria,AT,190.18,215.16,81.84,73.67,entsoe.eu,,
2022-08-21 00:00:00,Austria,Austria,AT,95.36,115.38,90.95,86.67,entsoe.eu,,
2022-08-22 00:00:00,Austria,Austria,AT,97.53,114.45,92.41,89.06,entsoe.eu,,
2022-08-23 00:00:00,Austria,Austria,AT,153.94,176.39,85.56,81.00,entsoe.eu,,
2022-08-24 00:00:00,Austria,Austria,AT,179.22,207.53,79.19,72.63,entsoe.eu,,
2022-08-25 00:00:00,Austria,Austria,AT,243.21,272.64,74.26,64.31,entsoe.eu,,
2022-08-26 00:00:00,Austria,Austria,AT,232.28,261.44,75.44,67.27,entsoe.eu,,
2022-08-27 00:00:00,Austria,Austria,AT,218.14,246.18,78.78,68.60,entsoe.eu,,
2022-08-28 00:00:00,Austria,Austria,AT,205.50,233.61,79.65,69.72,entsoe.eu,,
2022-08-29 00:00:00,Austria,Austria,AT,207.71,235.12,79.11,70.65,entsoe.eu,,
2022-08-30 00:00:00,Austria,Austria,AT,224.18,255.46,74.65,66.57,entsoe.eu,,
2022-08-31 00:00:00,Austria,Austria,AT,224.85,255.00,74.15,65.99,entsoe.eu,,
2022-09-01 00:00:00,Austria,Austria,AT,184.66,216.85,75.33,69.80,entsoe.eu,,
2022-09-02 00:00:00,Austria,Austria,AT,239.19,278.49,68.07,59.56,entsoe.eu,,
2022-09-03 00:00:00,Austria,Austria,AT,222.14,254.97,74.55,64.96,entsoe.eu,,
2022-09-04 00:00:00,Austria,Austria,AT,239.67,272.95,73.47,63.15,entsoe.eu,,
2022-09-05 00:00:00,Austria,Austria,AT,256.78,296.94,67.30,59.91,entsoe.eu,,
2022-09-06 00:00:00,Austria,Austria,AT,241.87,276.43,72.04,65.65,entsoe.eu,,
2022-09-07 00:00:00,Austria,Austria,AT,275.51,322.08,61.68,53.95,entsoe.eu,,
2022-09-08 00:00:00,Austria,Austria,AT,232.92,271.44,69.30,62.68,entsoe.eu,,
2022-09-09 00:00:00,Austria,Austria,AT,276.41,318.45,65.56,56.75,entsoe.eu,,
2022-09-10 00:00:00,Austria,Austria,AT,176.97,206.01,79.82,72.14,entsoe.eu,,
2022-09-11 00:00:00,Austria,Austria,AT,168.29,198.92,79.64,72.22,entsoe.eu,,
2022-09-12 00:00:00,Austria,Austria,AT,218.84,260.13,69.08,63.99,entsoe.eu,,
2022-09-13 00:00:00,Austria,Austria,AT,251.26,295.61,65.10,58.87,entsoe.eu,,
2022-09-14 00:00:00,Austria,Austria,AT,227.00,262.19,71.74,65.62,entsoe.eu,,
2022-09-15 00:00:00,Austria,Austria,AT,217.68,254.26,70.35,63.35,entsoe.eu,,
2022-09-16 00:00:00,Austria,Austria,AT,185.05,206.29,83.44,73.54,entsoe.eu,,
2022-09-17 00:00:00,Austria,Austria,AT,113.90,136.07,88.34,79.24,entsoe.eu,,
2022-09-18 00:00:00,Austria,Austria,AT,84.22,104.19,91.08,83.91,entsoe.eu,,
2022-09-19 00:00:00,Austria,Austria,AT,134.58,164.20,80.92,75.64,entsoe.eu,,
2022-09-20 00:00:00,Austria,Austria,AT,157.65,194.48,73.88,69.39,entsoe.eu,,
2022-09-21 00:00:00,Austria,Austria,AT,157.20,194.88,73.71,69.76,entsoe.eu; Electricity Maps Estimation,,
2022-09-22 00:00:00,Austria,Austria,AT,196.35,234.14,70.75,65.59,Electricity Maps Estimation,,
2022-09-23 00:00:00,Austria,Austria,AT,227.73,267.22,67.78,61.60,Electricity Maps Estimation,,
2022-09-24 00:00:00,Austria,Austria,AT,207.92,240.50,73.31,64.59,Electricity Maps Estimation,,
2022-09-25 00:00:00,Austria,Austria,AT,230.25,264.29,71.30,61.26,Electricity Maps Estimation,,
2022-09-26 00:00:00,Austria,Austria,AT,240.98,275.89,70.28,61.49,entsoe.eu; Electricity Maps Estimation,,
2022-09-27 00:00:00,Austria,Austria,AT,216.35,250.38,72.76,66.06,entsoe.eu,,
2022-09-28 00:00:00,Austria,Austria,AT,180.97,211.89,75.96,70.19,entsoe.eu,,
2022-09-29 00:00:00,Austria,Austria,AT,216.81,255.84,67.75,61.88,entsoe.eu,,
2022-09-30 00:00:00,Austria,Austria,AT,211.90,245.50,72.57,64.93,entsoe.eu,,
2022-10-01 00:00:00,Austria,Austria,AT,157.40,180.73,84.03,74.28,entsoe.eu,,
2022-10-02 00:00:00,Austria,Austria,AT,95.86,114.17,90.06,82.89,entsoe.eu,,
2022-10-03 00:00:00,Austria,Austria,AT,81.98,102.06,90.76,87.83,entsoe.eu,,
2022-10-04 00:00:00,Austria,Austria,AT,132.44,157.61,83.85,79.95,entsoe.eu,,
2022-10-05 00:00:00,Austria,Austria,AT,133.88,158.03,85.04,78.91,entsoe.eu,,
2022-10-06 00:00:00,Austria,Austria,AT,169.48,195.22,81.51,75.85,entsoe.eu,,
2022-10-07 00:00:00,Austria,Austria,AT,155.43,184.37,80.17,75.44,entsoe.eu,,
2022-10-08 00:00:00,Austria,Austria,AT,164.98,188.33,84.92,75.08,entsoe.eu,,
2022-10-09 00:00:00,Austria,Austria,AT,161.59,189.13,83.15,73.56,entsoe.eu,,
2022-10-10 00:00:00,Austria,Austria,AT,195.05,230.86,73.69,66.80,entsoe.eu,,
2022-10-11 00:00:00,Austria,Austria,AT,241.07,281.90,66.58,59.93,entsoe.eu,,
2022-10-12 00:00:00,Austria,Austria,AT,249.30,290.73,65.40,58.90,entsoe.eu,,
2022-10-13 00:00:00,Austria,Austria,AT,248.15,282.92,70.01,62.12,entsoe.eu,,
2022-10-14 00:00:00,Austria,Austria,AT,245.40,280.36,70.59,60.98,entsoe.eu,,
2022-10-15 00:00:00,Austria,Austria,AT,205.83,237.96,76.93,67.40,entsoe.eu,,
2022-10-16 00:00:00,Austria,Austria,AT,190.22,222.38,79.01,70.01,entsoe.eu,,
2022-10-17 00:00:00,Austria,Austria,AT,208.28,251.12,68.46,63.24,entsoe.eu,,
2022-10-18 00:00:00,Austria,Austria,AT,269.78,318.83,60.43,53.28,entsoe.eu,,
2022-10-19 00:00:00,Austria,Austria,AT,241.14,287.60,64.08,55.58,entsoe.eu,,
2022-10-20 00:00:00,Austria,Austria,AT,216.32,247.22,76.70,67.68,entsoe.eu,,
2022-10-21 00:00:00,Austria,Austria,AT,222.50,261.87,69.96,61.61,entsoe.eu,,
2022-10-22 00:00:00,Austria,Austria,AT,241.60,290.56,63.19,50.66,entsoe.eu,,
2022-10-23 00:00:00,Austria,Austria,AT,221.90,268.46,66.71,54.73,entsoe.eu,,
2022-10-24 00:00:00,Austria,Austria,AT,243.76,293.62,61.71,52.73,entsoe.eu,,
2022-10-25 00:00:00,Austria,Austria,AT,213.58,261.21,65.02,57.37,entsoe.eu,,
2022-10-26 00:00:00,Austria,Austria,AT,212.43,258.99,64.61,56.31,entsoe.eu,,
2022-10-27 00:00:00,Austria,Austria,AT,211.23,248.98,71.60,62.90,entsoe.eu,,
2022-10-28 00:00:00,Austria,Austria,AT,238.01,282.57,65.33,57.06,entsoe.eu,,
2022-10-29 00:00:00,Austria,Austria,AT,228.24,275.17,65.98,55.43,entsoe.eu,,
2022-10-30 00:00:00,Austria,Austria,AT,186.20,218.40,78.37,68.97,entsoe.eu,,
2022-10-31 00:00:00,Austria,Austria,AT,220.31,258.45,71.89,66.17,entsoe.eu,,
2022-11-01 00:00:00,Austria,Austria,AT,216.62,260.54,69.26,61.66,entsoe.eu,,
2022-11-02 00:00:00,Austria,Austria,AT,241.73,291.18,62.50,55.65,entsoe.eu,,
2022-11-03 00:00:00,Austria,Austria,AT,226.95,271.53,66.32,59.86,entsoe.eu,,
2022-11-04 00:00:00,Austria,Austria,AT,220.40,260.80,68.55,61.83,entsoe.eu,,
2022-11-05 00:00:00,Austria,Austria,AT,165.19,202.46,74.47,68.36,entsoe.eu,,
2022-11-06 00:00:00,Austria,Austria,AT,184.52,222.77,73.88,65.56,entsoe.eu,,
2022-11-07 00:00:00,Austria,Austria,AT,247.13,297.19,61.45,53.88,entsoe.eu,,
2022-11-08 00:00:00,Austria,Austria,AT,266.62,322.13,56.52,49.84,entsoe.eu,,
2022-11-09 00:00:00,Austria,Austria,AT,265.80,310.41,64.46,57.60,entsoe.eu,,
2022-11-10 00:00:00,Austria,Austria,AT,260.55,304.63,65.23,58.68,entsoe.eu,,
2022-11-11 00:00:00,Austria,Austria,AT,279.42,333.78,61.20,53.37,entsoe.eu,,
2022-11-12 00:00:00,Austria,Austria,AT,295.24,346.35,64.48,54.05,entsoe.eu,,
2022-11-13 00:00:00,Austria,Austria,AT,297.84,350.63,64.87,54.98,entsoe.eu,,
2022-11-14 00:00:00,Austria,Austria,AT,277.43,325.24,66.10,58.64,entsoe.eu,,
2022-11-15 00:00:00,Austria,Austria,AT,316.83,373.18,57.92,50.25,entsoe.eu,,
2022-11-16 00:00:00,Austria,Austria,AT,316.43,371.93,57.59,49.70,entsoe.eu,,
2022-11-17 00:00:00,Austria,Austria,AT,311.76,368.98,56.05,46.49,entsoe.eu,,
2022-11-18 00:00:00,Austria,Austria,AT,310.69,368.73,54.99,47.31,entsoe.eu,,
2022-11-19 00:00:00,Austria,Austria,AT,332.16,384.70,58.77,47.28,entsoe.eu,,
2022-11-20 00:00:00,Austria,Austria,AT,315.26,367.64,59.89,47.62,entsoe.eu,,
2022-11-21 00:00:00,Austria,Austria,AT,267.56,317.51,63.06,54.99,entsoe.eu,,
2022-11-22 00:00:00,Austria,Austria,AT,274.45,324.19,63.51,55.75,entsoe.eu,,
2022-11-23 00:00:00,Austria,Austria,AT,280.73,333.80,61.10,53.95,entsoe.eu,,
2022-11-24 00:00:00,Austria,Austria,AT,275.66,324.81,63.55,57.41,entsoe.eu,,
2022-11-25 00:00:00,Austria,Austria,AT,301.82,357.12,58.05,50.36,entsoe.eu,,
2022-11-26 00:00:00,Austria,Austria,AT,298.16,349.18,63.03,53.70,entsoe.eu,,
2022-11-27 00:00:00,Austria,Austria,AT,304.80,356.96,62.04,51.03,entsoe.eu,,
2022-11-28 00:00:00,Austria,Austria,AT,247.55,295.03,65.79,60.47,entsoe.eu,,
2022-11-29 00:00:00,Austria,Austria,AT,254.52,305.82,61.75,56.39,entsoe.eu,,
2022-11-30 00:00:00,Austria,Austria,AT,294.18,350.92,55.86,49.00,entsoe.eu,,
2022-12-01 00:00:00,Austria,Austria,AT,301.46,359.27,55.10,48.09,entsoe.eu,,
2022-12-02 00:00:00,Austria,Austria,AT,326.04,386.41,52.02,45.29,entsoe.eu,,
2022-12-03 00:00:00,Austria,Austria,AT,306.71,357.85,61.42,53.17,entsoe.eu,,
2022-12-04 00:00:00,Austria,Austria,AT,292.36,342.09,62.43,52.82,entsoe.eu,,
2022-12-05 00:00:00,Austria,Austria,AT,261.22,315.76,58.49,52.77,entsoe.eu,,
2022-12-06 00:00:00,Austria,Austria,AT,253.77,306.22,60.64,54.45,entsoe.eu,,
2022-12-07 00:00:00,Austria,Austria,AT,283.39,340.36,55.74,48.95,entsoe.eu; Electricity Maps Estimation,,
2022-12-08 00:00:00,Austria,Austria,AT,261.68,313.31,60.29,52.77,entsoe.eu,,
2022-12-09 00:00:00,Austria,Austria,AT,250.74,302.72,60.17,53.23,entsoe.eu,,
2022-12-10 00:00:00,Austria,Austria,AT,212.64,264.92,63.21,55.31,entsoe.eu,,
2022-12-11 00:00:00,Austria,Austria,AT,189.41,237.04,68.24,61.11,entsoe.eu,,
2022-12-12 00:00:00,Austria,Austria,AT,237.82,287.83,63.24,56.71,entsoe.eu,,
2022-12-13 00:00:00,Austria,Austria,AT,291.81,345.70,57.20,49.67,entsoe.eu,,
2022-12-14 00:00:00,Austria,Austria,AT,226.43,277.23,63.71,58.45,entsoe.eu,,
2022-12-15 00:00:00,Austria,Austria,AT,296.40,354.02,54.97,46.55,entsoe.eu,,
2022-12-16 00:00:00,Austria,Austria,AT,240.21,294.17,60.62,52.88,entsoe.eu,,
2022-12-17 00:00:00,Austria,Austria,AT,241.53,294.29,62.62,55.45,entsoe.eu,,
2022-12-18 00:00:00,Austria,Austria,AT,293.66,345.01,60.87,48.42,entsoe.eu,,
2022-12-19 00:00:00,Austria,Austria,AT,236.17,285.44,65.32,58.21,entsoe.eu,,
2022-12-20 00:00:00,Austria,Austria,AT,304.19,359.34,56.95,48.69,entsoe.eu,,
2022-12-21 00:00:00,Austria,Austria,AT,345.07,398.42,55.52,43.66,entsoe.eu,,
2022-12-22 00:00:00,Austria,Austria,AT,314.66,367.40,58.45,48.36,entsoe.eu,,
2022-12-23 00:00:00,Austria,Austria,AT,258.11,303.85,65.98,56.74,entsoe.eu,,
2022-12-24 00:00:00,Austria,Austria,AT,162.18,194.06,81.22,74.43,entsoe.eu,,
2022-12-25 00:00:00,Austria,Austria,AT,160.35,194.34,80.07,70.09,entsoe.eu,,
2022-12-26 00:00:00,Austria,Austria,AT,188.14,220.42,81.22,68.80,entsoe.eu,,
2022-12-27 00:00:00,Austria,Austria,AT,161.28,191.04,83.04,75.10,entsoe.eu,,
2022-12-28 00:00:00,Austria,Austria,AT,163.50,196.48,82.07,72.14,entsoe.eu,,
2022-12-29 00:00:00,Austria,Austria,AT,176.81,208.40,82.41,72.66,entsoe.eu,,
2022-12-30 00:00:00,Austria,Austria,AT,192.11,222.02,82.98,71.56,entsoe.eu,,
2022-12-31 00:00:00,Austria,Austria,AT,183.68,216.43,81.84,69.03,entsoe.eu,,
2023-01-01 00:00:00,Austria,Austria,AT,147.27,180.44,85.36,70.31,entsoe.eu,,
2023-01-02 00:00:00,Austria,Austria,AT,208.27,234.62,77.67,66.26,entsoe.eu,,
2023-01-03 00:00:00,Austria,Austria,AT,253.50,277.98,72.83,63.78,entsoe.eu,,
2023-01-04 00:00:00,Austria,Austria,AT,207.40,241.64,73.79,65.98,entsoe.eu,,
2023-01-05 00:00:00,Austria,Austria,AT,165.82,195.40,80.33,74.14,entsoe.eu,,
2023-01-06 00:00:00,Austria,Austria,AT,229.13,271.28,72.40,63.28,entsoe.eu,,
2023-01-07 00:00:00,Austria,Austria,AT,198.18,234.42,76.83,66.15,entsoe.eu,,
2023-01-08 00:00:00,Austria,Austria,AT,200.93,244.79,75.47,63.11,entsoe.eu,,
2023-01-09 00:00:00,Austria,Austria,AT,199.81,228.31,75.73,68.61,entsoe.eu,,
2023-01-10 00:00:00,Austria,Austria,AT,160.21,192.18,78.62,72.83,entsoe.eu,,
2023-01-11 00:00:00,Austria,Austria,AT,222.65,252.11,72.91,65.12,entsoe.eu,,
2023-01-12 00:00:00,Austria,Austria,AT,199.40,235.09,72.38,65.56,entsoe.eu,,
2023-01-13 00:00:00,Austria,Austria,AT,203.49,250.56,67.93,60.92,entsoe.eu,,
2023-01-14 00:00:00,Austria,Austria,AT,147.26,187.43,79.87,71.08,entsoe.eu,,
2023-01-15 00:00:00,Austria,Austria,AT,142.91,181.57,81.44,72.55,entsoe.eu,,
2023-01-16 00:00:00,Austria,Austria,AT,241.79,281.07,69.01,59.86,entsoe.eu,,
2023-01-17 00:00:00,Austria,Austria,AT,255.28,300.57,61.07,52.81,entsoe.eu; Electricity Maps Estimation,,
2023-01-18 00:00:00,Austria,Austria,AT,256.21,298.07,61.90,53.27,entsoe.eu,,
2023-01-19 00:00:00,Austria,Austria,AT,188.24,218.65,72.70,67.53,entsoe.eu,,
2023-01-20 00:00:00,Austria,Austria,AT,175.07,206.99,72.49,68.18,entsoe.eu,,
2023-01-21 00:00:00,Austria,Austria,AT,230.44,276.86,67.32,58.70,entsoe.eu,,
2023-01-22 00:00:00,Austria,Austria,AT,233.54,275.95,67.64,57.28,entsoe.eu,,
2023-01-23 00:00:00,Austria,Austria,AT,203.62,233.71,70.31,64.98,entsoe.eu,,
2023-01-24 00:00:00,Austria,Austria,AT,219.81,255.13,66.86,61.39,entsoe.eu,,
2023-01-25 00:00:00,Austria,Austria,AT,253.23,291.87,62.26,55.75,entsoe.eu,,
2023-01-26 00:00:00,Austria,Austria,AT,285.28,336.20,54.94,47.84,entsoe.eu,,
2023-01-27 00:00:00,Austria,Austria,AT,250.36,292.74,63.10,56.21,entsoe.eu,,
2023-01-28 00:00:00,Austria,Austria,AT,257.76,310.45,61.88,55.06,entsoe.eu,,
2023-01-29 00:00:00,Austria,Austria,AT,245.98,299.65,62.34,52.51,entsoe.eu,,
2023-01-30 00:00:00,Austria,Austria,AT,195.22,231.03,72.29,66.63,entsoe.eu,,
2023-01-31 00:00:00,Austria,Austria,AT,180.75,223.90,71.30,66.49,entsoe.eu,,
2023-02-01 00:00:00,Austria,Austria,AT,175.04,215.83,73.15,68.29,entsoe.eu,,
2023-02-02 00:00:00,Austria,Austria,AT,204.03,241.55,71.81,66.16,entsoe.eu,,
2023-02-03 00:00:00,Austria,Austria,AT,184.48,222.97,73.65,68.49,entsoe.eu,,
2023-02-04 00:00:00,Austria,Austria,AT,128.77,169.81,77.61,73.63,entsoe.eu,,
2023-02-05 00:00:00,Austria,Austria,AT,165.97,207.96,74.85,67.39,entsoe.eu,,
2023-02-06 00:00:00,Austria,Austria,AT,226.50,270.63,64.10,56.93,entsoe.eu,,
2023-02-07 00:00:00,Austria,Austria,AT,254.01,298.69,62.14,56.51,entsoe.eu,,
2023-02-08 00:00:00,Austria,Austria,AT,294.18,343.06,58.36,50.85,entsoe.eu,,
2023-02-09 00:00:00,Austria,Austria,AT,248.91,295.58,63.25,57.25,entsoe.eu,,
2023-02-10 00:00:00,Austria,Austria,AT,281.70,335.68,57.33,50.70,entsoe.eu,,
2023-02-11 00:00:00,Austria,Austria,AT,238.24,289.92,66.10,58.93,entsoe.eu,,
2023-02-12 00:00:00,Austria,Austria,AT,280.73,335.34,61.11,53.21,entsoe.eu,,
2023-02-13 00:00:00,Austria,Austria,AT,304.83,355.90,55.88,48.83,entsoe.eu,,
2023-02-14 00:00:00,Austria,Austria,AT,285.24,338.05,57.01,51.36,entsoe.eu,,
2023-02-15 00:00:00,Austria,Austria,AT,312.19,359.13,57.11,49.92,entsoe.eu,,
2023-02-16 00:00:00,Austria,Austria,AT,285.73,330.89,61.36,54.57,entsoe.eu,,
2023-02-17 00:00:00,Austria,Austria,AT,205.68,255.43,65.46,60.37,entsoe.eu,,
2023-02-18 00:00:00,Austria,Austria,AT,127.77,165.45,83.20,77.23,entsoe.eu,,
2023-02-19 00:00:00,Austria,Austria,AT,117.06,154.17,83.33,77.75,entsoe.eu,,
2023-02-20 00:00:00,Austria,Austria,AT,153.24,193.03,77.02,71.69,entsoe.eu,,
2023-02-21 00:00:00,Austria,Austria,AT,157.17,194.27,75.07,71.27,entsoe.eu,,
2023-02-22 00:00:00,Austria,Austria,AT,222.80,264.11,66.55,61.70,entsoe.eu,,
2023-02-23 00:00:00,Austria,Austria,AT,210.22,245.79,69.29,64.26,entsoe.eu,,
2023-02-24 00:00:00,Austria,Austria,AT,209.91,251.83,70.16,63.16,entsoe.eu,,
2023-02-25 00:00:00,Austria,Austria,AT,117.09,154.97,83.00,77.27,entsoe.eu,,
2023-02-26 00:00:00,Austria,Austria,AT,148.42,191.24,77.14,69.52,entsoe.eu,,
2023-02-27 00:00:00,Austria,Austria,AT,215.17,254.91,68.17,63.19,entsoe.eu,,
2023-02-28 00:00:00,Austria,Austria,AT,261.02,303.65,63.19,57.23,entsoe.eu,,
2023-03-01 00:00:00,Austria,Austria,AT,262.04,302.62,63.36,57.61,entsoe.eu,,
2023-03-02 00:00:00,Austria,Austria,AT,264.35,307.72,60.84,55.49,entsoe.eu,,
2023-03-03 00:00:00,Austria,Austria,AT,244.11,287.59,62.15,57.34,entsoe.eu,,
2023-03-04 00:00:00,Austria,Austria,AT,175.99,221.16,72.51,66.07,entsoe.eu,,
2023-03-05 00:00:00,Austria,Austria,AT,195.22,237.52,70.74,63.49,entsoe.eu,,
2023-03-06 00:00:00,Austria,Austria,AT,240.85,284.89,61.36,55.59,entsoe.eu,,
2023-03-07 00:00:00,Austria,Austria,AT,216.77,269.33,62.39,57.28,entsoe.eu,,
2023-03-08 00:00:00,Austria,Austria,AT,196.34,237.49,68.38,63.46,entsoe.eu,,
2023-03-09 00:00:00,Austria,Austria,AT,175.61,214.82,70.91,67.09,entsoe.eu,,
2023-03-10 00:00:00,Austria,Austria,AT,169.81,208.71,73.94,67.55,entsoe.eu,,
2023-03-11 00:00:00,Austria,Austria,AT,84.67,111.33,88.92,84.03,entsoe.eu,,
2023-03-12 00:00:00,Austria,Austria,AT,157.21,198.73,78.36,65.60,entsoe.eu,,
2023-03-13 00:00:00,Austria,Austria,AT,131.62,165.08,83.57,76.44,entsoe.eu,,
2023-03-14 00:00:00,Austria,Austria,AT,145.85,178.26,81.20,73.76,entsoe.eu,,
2023-03-15 00:00:00,Austria,Austria,AT,115.21,145.92,81.46,77.97,entsoe.eu,,
2023-03-16 00:00:00,Austria,Austria,AT,173.48,215.81,73.93,67.62,entsoe.eu,,
2023-03-17 00:00:00,Austria,Austria,AT,115.72,147.06,81.99,77.65,entsoe.eu,,
2023-03-18 00:00:00,Austria,Austria,AT,102.43,128.27,86.91,80.50,entsoe.eu,,
2023-03-19 00:00:00,Austria,Austria,AT,155.93,185.34,79.82,70.45,entsoe.eu,,
2023-03-20 00:00:00,Austria,Austria,AT,194.08,229.15,71.23,66.17,entsoe.eu,,
2023-03-21 00:00:00,Austria,Austria,AT,193.54,231.54,72.02,67.21,entsoe.eu,,
2023-03-22 00:00:00,Austria,Austria,AT,158.26,193.46,79.68,72.89,entsoe.eu,,
2023-03-23 00:00:00,Austria,Austria,AT,151.91,181.64,82.31,74.15,entsoe.eu,,
2023-03-24 00:00:00,Austria,Austria,AT,126.24,155.07,87.23,77.46,entsoe.eu,,
2023-03-25 00:00:00,Austria,Austria,AT,65.71,95.87,92.87,87.24,entsoe.eu,,
2023-03-26 00:00:00,Austria,Austria,AT,78.81,106.95,91.38,82.41,entsoe.eu,,
2023-03-27 00:00:00,Austria,Austria,AT,77.57,93.83,91.72,88.48,entsoe.eu,,
2023-03-28 00:00:00,Austria,Austria,AT,105.10,130.20,84.07,80.78,entsoe.eu,,
2023-03-29 00:00:00,Austria,Austria,AT,176.07,207.06,75.79,68.27,entsoe.eu,,
2023-03-30 00:00:00,Austria,Austria,AT,140.90,170.87,82.59,75.40,entsoe.eu,,
2023-03-31 00:00:00,Austria,Austria,AT,90.71,114.80,88.44,84.20,entsoe.eu,,
2023-04-01 00:00:00,Austria,Austria,AT,50.12,76.40,94.43,90.55,entsoe.eu,,
2023-04-02 00:00:00,Austria,Austria,AT,62.07,89.23,91.67,87.16,entsoe.eu,,
2023-04-03 00:00:00,Austria,Austria,AT,76.62,96.99,90.11,87.92,entsoe.eu,,
2023-04-04 00:00:00,Austria,Austria,AT,86.39,108.29,88.64,86.43,entsoe.eu,,
2023-04-05 00:00:00,Austria,Austria,AT,137.87,166.96,79.27,76.32,entsoe.eu,,
2023-04-06 00:00:00,Austria,Austria,AT,151.28,183.62,78.20,74.74,entsoe.eu,,
2023-04-07 00:00:00,Austria,Austria,AT,208.28,246.39,72.28,66.54,entsoe.eu,,
2023-04-08 00:00:00,Austria,Austria,AT,229.31,267.10,69.09,63.73,entsoe.eu,,
2023-04-09 00:00:00,Austria,Austria,AT,180.04,227.74,72.33,65.52,entsoe.eu,,
2023-04-10 00:00:00,Austria,Austria,AT,123.47,163.84,84.06,77.70,entsoe.eu,,
2023-04-11 00:00:00,Austria,Austria,AT,150.61,176.97,81.28,75.05,entsoe.eu,,
2023-04-12 00:00:00,Austria,Austria,AT,169.38,199.37,77.96,71.34,entsoe.eu,,
2023-04-13 00:00:00,Austria,Austria,AT,176.56,212.50,70.93,67.44,entsoe.eu,,
2023-04-14 00:00:00,Austria,Austria,AT,123.55,151.57,80.13,77.23,entsoe.eu,,
2023-04-15 00:00:00,Austria,Austria,AT,136.83,173.22,77.36,71.21,entsoe.eu,,
2023-04-16 00:00:00,Austria,Austria,AT,110.91,139.32,82.80,76.19,entsoe.eu,,
2023-04-17 00:00:00,Austria,Austria,AT,77.71,100.35,86.86,85.25,entsoe.eu,,
2023-04-18 00:00:00,Austria,Austria,AT,134.15,162.78,80.43,77.34,entsoe.eu,,
2023-04-19 00:00:00,Austria,Austria,AT,127.15,157.79,81.03,77.44,entsoe.eu,,
2023-04-20 00:00:00,Austria,Austria,AT,112.36,141.88,78.78,77.32,entsoe.eu,,
2023-04-21 00:00:00,Austria,Austria,AT,108.52,131.36,85.27,80.91,entsoe.eu,,
2023-04-22 00:00:00,Austria,Austria,AT,77.65,100.59,90.23,86.07,entsoe.eu,,
2023-04-23 00:00:00,Austria,Austria,AT,46.90,68.59,93.33,90.00,entsoe.eu,,
2023-04-24 00:00:00,Austria,Austria,AT,79.97,101.67,89.42,85.96,entsoe.eu,,
2023-04-25 00:00:00,Austria,Austria,AT,79.24,105.10,85.46,83.98,entsoe.eu,,
2023-04-26 00:00:00,Austria,Austria,AT,96.51,123.77,83.48,80.76,entsoe.eu,,
2023-04-27 00:00:00,Austria,Austria,AT,135.92,166.99,77.91,72.24,entsoe.eu,,
2023-04-28 00:00:00,Austria,Austria,AT,114.59,136.97,84.40,79.82,entsoe.eu,,
2023-04-29 00:00:00,Austria,Austria,AT,80.28,104.82,89.27,85.27,entsoe.eu,,
2023-04-30 00:00:00,Austria,Austria,AT,44.32,65.37,93.65,91.98,entsoe.eu,,
2023-05-01 00:00:00,Austria,Austria,AT,42.62,63.82,94.03,90.98,entsoe.eu,,
2023-05-02 00:00:00,Austria,Austria,AT,74.06,91.31,91.55,87.35,entsoe.eu,,
2023-05-03 00:00:00,Austria,Austria,AT,64.37,79.94,92.82,90.50,entsoe.eu,,
2023-05-04 00:00:00,Austria,Austria,AT,71.06,86.80,92.19,89.64,entsoe.eu,,
2023-05-05 00:00:00,Austria,Austria,AT,67.51,77.51,94.71,91.50,entsoe.eu,,
2023-05-06 00:00:00,Austria,Austria,AT,43.64,57.39,96.81,93.77,entsoe.eu,,
2023-05-07 00:00:00,Austria,Austria,AT,29.52,48.08,97.25,94.82,entsoe.eu,,
2023-05-08 00:00:00,Austria,Austria,AT,72.15,89.74,90.40,87.17,entsoe.eu,,
2023-05-09 00:00:00,Austria,Austria,AT,52.63,67.26,94.15,92.42,entsoe.eu,,
2023-05-10 00:00:00,Austria,Austria,AT,58.38,72.67,92.85,91.38,entsoe.eu,,
2023-05-11 00:00:00,Austria,Austria,AT,73.84,87.48,90.57,89.15,entsoe.eu,,
2023-05-12 00:00:00,Austria,Austria,AT,75.04,92.56,89.65,87.72,entsoe.eu,,
2023-05-13 00:00:00,Austria,Austria,AT,39.61,54.50,96.95,94.47,entsoe.eu,,
2023-05-14 00:00:00,Austria,Austria,AT,36.20,53.98,94.74,93.68,entsoe.eu,,
2023-05-15 00:00:00,Austria,Austria,AT,59.85,80.37,89.80,88.83,entsoe.eu,,
2023-05-16 00:00:00,Austria,Austria,AT,71.31,99.10,86.35,84.63,entsoe.eu,,
2023-05-17 00:00:00,Austria,Austria,AT,38.45,56.91,93.72,93.26,entsoe.eu,,
2023-05-18 00:00:00,Austria,Austria,AT,34.62,54.17,93.94,93.53,entsoe.eu,,
2023-05-19 00:00:00,Austria,Austria,AT,51.04,71.30,91.28,89.90,entsoe.eu,,
2023-05-20 00:00:00,Austria,Austria,AT,20.49,40.20,97.80,95.10,entsoe.eu,,
2023-05-21 00:00:00,Austria,Austria,AT,26.55,44.58,97.60,94.86,entsoe.eu,,
2023-05-22 00:00:00,Austria,Austria,AT,54.32,67.74,92.86,91.81,entsoe.eu,,
2023-05-23 00:00:00,Austria,Austria,AT,35.53,44.87,98.09,96.78,entsoe.eu,,
2023-05-24 00:00:00,Austria,Austria,AT,53.93,66.58,92.59,92.31,entsoe.eu,,
2023-05-25 00:00:00,Austria,Austria,AT,37.56,49.37,96.22,95.76,entsoe.eu,,
2023-05-26 00:00:00,Austria,Austria,AT,26.25,33.62,99.33,99.20,entsoe.eu,,
2023-05-27 00:00:00,Austria,Austria,AT,24.12,34.17,99.19,99.03,entsoe.eu,,
2023-05-28 00:00:00,Austria,Austria,AT,24.83,43.63,97.81,96.19,entsoe.eu,,
2023-05-29 00:00:00,Austria,Austria,AT,28.51,46.45,97.75,96.88,entsoe.eu,,
2023-05-30 00:00:00,Austria,Austria,AT,42.91,51.15,96.57,96.32,entsoe.eu,,
2023-05-31 00:00:00,Austria,Austria,AT,52.10,69.23,93.40,92.19,entsoe.eu,,
2023-06-01 00:00:00,Austria,Austria,AT,56.75,69.44,94.39,92.32,entsoe.eu,,
2023-06-02 00:00:00,Austria,Austria,AT,34.69,41.65,98.79,97.66,entsoe.eu,,
2023-06-03 00:00:00,Austria,Austria,AT,26.06,42.32,98.17,97.44,entsoe.eu,,
2023-06-04 00:00:00,Austria,Austria,AT,30.39,45.07,97.95,96.57,entsoe.eu,,
2023-06-05 00:00:00,Austria,Austria,AT,41.27,49.01,97.98,96.11,entsoe.eu,,
2023-06-06 00:00:00,Austria,Austria,AT,49.57,50.22,98.57,97.59,entsoe.eu,,
2023-06-07 00:00:00,Austria,Austria,AT,41.58,49.21,98.06,96.70,entsoe.eu,,
2023-06-08 00:00:00,Austria,Austria,AT,29.50,41.98,98.41,97.30,entsoe.eu,,
2023-06-09 00:00:00,Austria,Austria,AT,38.70,54.46,97.05,94.61,entsoe.eu,,
2023-06-10 00:00:00,Austria,Austria,AT,45.26,62.62,96.37,92.12,entsoe.eu,,
2023-06-11 00:00:00,Austria,Austria,AT,36.91,53.50,97.18,93.50,entsoe.eu,,
2023-06-12 00:00:00,Austria,Austria,AT,43.75,51.59,97.73,95.39,entsoe.eu,,
2023-06-13 00:00:00,Austria,Austria,AT,52.21,66.61,95.29,91.69,entsoe.eu,,
2023-06-14 00:00:00,Austria,Austria,AT,55.66,65.46,96.35,92.57,entsoe.eu,,
2023-06-15 00:00:00,Austria,Austria,AT,62.06,70.06,95.98,91.35,entsoe.eu,,
2023-06-16 00:00:00,Austria,Austria,AT,49.80,60.41,96.64,93.39,entsoe.eu,,
2023-06-17 00:00:00,Austria,Austria,AT,43.23,59.49,96.19,92.25,entsoe.eu,,
2023-06-18 00:00:00,Austria,Austria,AT,66.43,87.24,93.02,84.86,entsoe.eu,,
2023-06-19 00:00:00,Austria,Austria,AT,85.91,104.14,91.74,82.82,entsoe.eu,,
2023-06-20 00:00:00,Austria,Austria,AT,68.88,85.61,93.72,88.13,entsoe.eu,,
2023-06-21 00:00:00,Austria,Austria,AT,85.95,104.76,91.71,84.66,entsoe.eu,,
2023-06-22 00:00:00,Austria,Austria,AT,70.74,89.36,93.09,87.26,entsoe.eu,,
2023-06-23 00:00:00,Austria,Austria,AT,28.95,43.10,97.78,95.73,entsoe.eu,,
2023-06-24 00:00:00,Austria,Austria,AT,25.85,43.04,97.90,95.98,entsoe.eu,,
2023-06-25 00:00:00,Austria,Austria,AT,42.27,57.44,97.04,93.35,entsoe.eu,,
2023-06-26 00:00:00,Austria,Austria,AT,75.26,94.81,92.54,86.37,entsoe.eu,,
2023-06-27 00:00:00,Austria,Austria,AT,102.78,124.24,87.88,82.50,entsoe.eu,,
2023-06-28 00:00:00,Austria,Austria,AT,94.23,113.78,88.61,82.58,entsoe.eu,,
2023-06-29 00:00:00,Austria,Austria,AT,94.31,110.47,91.55,84.73,entsoe.eu,,
2023-06-30 00:00:00,Austria,Austria,AT,106.27,122.03,90.80,82.88,entsoe.eu,,
2023-07-01 00:00:00,Austria,Austria,AT,53.93,77.04,94.59,88.51,entsoe.eu,,
2023-07-02 00:00:00,Austria,Austria,AT,78.70,86.65,95.07,91.42,entsoe.eu,,
2023-07-03 00:00:00,Austria,Austria,AT,98.18,116.50,91.45,85.39,entsoe.eu,,
2023-07-04 00:00:00,Austria,Austria,AT,114.27,133.24,87.29,82.20,entsoe.eu,,
2023-07-05 00:00:00,Austria,Austria,AT,98.39,123.72,89.40,83.16,entsoe.eu,,
2023-07-06 00:00:00,Austria,Austria,AT,92.07,104.42,92.18,87.59,entsoe.eu,,
2023-07-07 00:00:00,Austria,Austria,AT,84.61,103.85,90.92,86.21,entsoe.eu,,
2023-07-08 00:00:00,Austria,Austria,AT,76.13,96.54,92.62,85.04,entsoe.eu,,
2023-07-09 00:00:00,Austria,Austria,AT,83.79,98.37,92.94,85.25,entsoe.eu,,
2023-07-10 00:00:00,Austria,Austria,AT,107.56,122.59,88.68,83.10,entsoe.eu,,
2023-07-11 00:00:00,Austria,Austria,AT,98.57,122.73,87.24,82.51,entsoe.eu,,
2023-07-12 00:00:00,Austria,Austria,AT,96.48,121.04,87.96,82.67,entsoe.eu,,
2023-07-13 00:00:00,Austria,Austria,AT,72.89,98.08,89.47,86.21,entsoe.eu,,
2023-07-14 00:00:00,Austria,Austria,AT,69.51,90.27,91.59,87.67,entsoe.eu,,
2023-07-15 00:00:00,Austria,Austria,AT,69.54,95.43,92.67,88.58,entsoe.eu,,
2023-07-16 00:00:00,Austria,Austria,AT,95.34,118.34,90.68,85.28,entsoe.eu,,
2023-07-17 00:00:00,Austria,Austria,AT,102.48,130.42,86.38,81.45,entsoe.eu,,
2023-07-18 00:00:00,Austria,Austria,AT,124.16,150.21,83.67,79.14,entsoe.eu,,
2023-07-19 00:00:00,Austria,Austria,AT,113.04,139.37,84.50,80.77,entsoe.eu,,
2023-07-20 00:00:00,Austria,Austria,AT,101.09,119.64,89.95,85.56,entsoe.eu,,
2023-07-21 00:00:00,Austria,Austria,AT,116.42,134.74,88.56,83.23,entsoe.eu,,
2023-07-22 00:00:00,Austria,Austria,AT,74.49,96.25,93.12,87.05,entsoe.eu,,
2023-07-23 00:00:00,Austria,Austria,AT,78.42,104.20,92.15,84.58,entsoe.eu,,
2023-07-24 00:00:00,Austria,Austria,AT,94.07,109.02,91.92,84.69,entsoe.eu,,
2023-07-25 00:00:00,Austria,Austria,AT,108.01,116.98,91.01,85.13,entsoe.eu,,
2023-07-26 00:00:00,Austria,Austria,AT,34.40,43.70,98.22,97.17,entsoe.eu,,
2023-07-27 00:00:00,Austria,Austria,AT,64.47,78.13,94.82,89.05,entsoe.eu,,
2023-07-28 00:00:00,Austria,Austria,AT,76.00,83.83,94.80,90.01,entsoe.eu,,
2023-07-29 00:00:00,Austria,Austria,AT,64.57,85.35,94.16,87.99,entsoe.eu,,
2023-07-30 00:00:00,Austria,Austria,AT,77.13,102.81,92.23,85.17,entsoe.eu,,
2023-07-31 00:00:00,Austria,Austria,AT,74.64,94.64,92.31,86.68,entsoe.eu,,
2023-08-01 00:00:00,Austria,Austria,AT,96.60,109.88,91.88,85.09,entsoe.eu,,
2023-08-02 00:00:00,Austria,Austria,AT,37.45,52.08,97.21,94.36,entsoe.eu,,
2023-08-03 00:00:00,Austria,Austria,AT,81.91,97.25,93.29,88.12,entsoe.eu,,
2023-08-04 00:00:00,Austria,Austria,AT,83.10,79.45,96.45,93.00,entsoe.eu,,
2023-08-05 00:00:00,Austria,Austria,AT,17.82,28.44,99.56,98.98,entsoe.eu,,
2023-08-06 00:00:00,Austria,Austria,AT,4.71,21.49,99.62,98.96,entsoe.eu,,
2023-08-07 00:00:00,Austria,Austria,AT,20.28,39.27,97.81,96.62,entsoe.eu,,
2023-08-08 00:00:00,Austria,Austria,AT,51.53,63.09,96.52,93.84,entsoe.eu,,
2023-08-09 00:00:00,Austria,Austria,AT,62.85,63.06,97.42,94.67,entsoe.eu,,
2023-08-10 00:00:00,Austria,Austria,AT,42.52,50.89,97.79,95.80,entsoe.eu,,
2023-08-11 00:00:00,Austria,Austria,AT,48.42,57.22,97.15,93.78,entsoe.eu,,
2023-08-12 00:00:00,Austria,Austria,AT,42.65,58.65,96.54,91.25,entsoe.eu,,
2023-08-13 00:00:00,Austria,Austria,AT,48.21,63.70,95.58,89.67,entsoe.eu,,
2023-08-14 00:00:00,Austria,Austria,AT,49.36,58.85,96.31,93.57,entsoe.eu,,
2023-08-15 00:00:00,Austria,Austria,AT,48.32,60.55,96.42,91.91,entsoe.eu,,
2023-08-16 00:00:00,Austria,Austria,AT,85.35,95.03,93.56,87.70,entsoe.eu,,
2023-08-17 00:00:00,Austria,Austria,AT,87.70,92.56,94.37,88.98,entsoe.eu,,
2023-08-18 00:00:00,Austria,Austria,AT,90.08,101.45,93.04,87.20,entsoe.eu,,
2023-08-19 00:00:00,Austria,Austria,AT,88.35,103.04,93.06,88.16,entsoe.eu,,
2023-08-20 00:00:00,Austria,Austria,AT,81.20,96.79,93.25,87.35,entsoe.eu,,
2023-08-21 00:00:00,Austria,Austria,AT,126.51,137.82,88.70,82.96,entsoe.eu,,
2023-08-22 00:00:00,Austria,Austria,AT,147.36,167.46,83.73,78.17,entsoe.eu,,
2023-08-23 00:00:00,Austria,Austria,AT,167.17,182.67,85.20,79.39,entsoe.eu,,
2023-08-24 00:00:00,Austria,Austria,AT,166.56,188.22,82.91,76.78,entsoe.eu,,
2023-08-25 00:00:00,Austria,Austria,AT,155.60,175.09,85.02,78.82,entsoe.eu,,
2023-08-26 00:00:00,Austria,Austria,AT,130.38,155.91,87.66,80.31,entsoe.eu,,
2023-08-27 00:00:00,Austria,Austria,AT,78.35,100.97,92.66,85.40,entsoe.eu,,
2023-08-28 00:00:00,Austria,Austria,AT,99.14,121.78,90.15,82.49,entsoe.eu,,
2023-08-29 00:00:00,Austria,Austria,AT,82.09,97.25,93.19,86.70,entsoe.eu,,
2023-08-30 00:00:00,Austria,Austria,AT,51.11,64.59,96.10,93.20,entsoe.eu,,
2023-08-31 00:00:00,Austria,Austria,AT,59.18,76.85,94.74,91.00,entsoe.eu,,
2023-09-01 00:00:00,Austria,Austria,AT,89.33,112.76,87.44,83.40,entsoe.eu,,
2023-09-02 00:00:00,Austria,Austria,AT,61.34,82.01,94.02,88.96,entsoe.eu,,
2023-09-03 00:00:00,Austria,Austria,AT,54.10,70.43,95.67,91.57,entsoe.eu,,
2023-09-04 00:00:00,Austria,Austria,AT,78.20,97.81,89.21,86.79,entsoe.eu,,
2023-09-05 00:00:00,Austria,Austria,AT,130.46,158.35,82.25,76.08,entsoe.eu,,
2023-09-06 00:00:00,Austria,Austria,AT,125.28,141.25,88.38,81.63,entsoe.eu,,
2023-09-07 00:00:00,Austria,Austria,AT,127.82,153.07,85.02,78.30,entsoe.eu,,
2023-09-08 00:00:00,Austria,Austria,AT,115.11,134.93,87.53,80.34,entsoe.eu,,
2023-09-09 00:00:00,Austria,Austria,AT,103.86,129.46,88.07,80.33,entsoe.eu,,
2023-09-10 00:00:00,Austria,Austria,AT,91.49,116.28,90.27,81.12,entsoe.eu,,
2023-09-11 00:00:00,Austria,Austria,AT,134.74,157.91,83.34,76.83,entsoe.eu,,
2023-09-12 00:00:00,Austria,Austria,AT,148.02,173.92,81.15,74.56,entsoe.eu,,
2023-09-13 00:00:00,Austria,Austria,AT,145.88,173.28,83.16,75.66,entsoe.eu,,
2023-09-14 00:00:00,Austria,Austria,AT,124.76,144.79,86.86,81.66,entsoe.eu,,
2023-09-15 00:00:00,Austria,Austria,AT,153.32,179.33,82.84,76.06,entsoe.eu,,
2023-09-16 00:00:00,Austria,Austria,AT,110.05,138.94,86.91,81.72,entsoe.eu,,
2023-09-17 00:00:00,Austria,Austria,AT,117.91,141.95,89.47,82.22,entsoe.eu,,
2023-09-18 00:00:00,Austria,Austria,AT,116.54,138.81,87.47,82.32,entsoe.eu,,
2023-09-19 00:00:00,Austria,Austria,AT,127.87,150.15,87.22,81.48,entsoe.eu,,
2023-09-20 00:00:00,Austria,Austria,AT,125.16,150.42,85.85,79.38,entsoe.eu,,
2023-09-21 00:00:00,Austria,Austria,AT,90.60,102.53,92.36,89.22,entsoe.eu,,
2023-09-22 00:00:00,Austria,Austria,AT,126.66,149.92,85.09,78.38,entsoe.eu,,
2023-09-23 00:00:00,Austria,Austria,AT,91.17,112.09,92.02,86.56,entsoe.eu,,
2023-09-24 00:00:00,Austria,Austria,AT,45.55,67.25,95.84,92.40,entsoe.eu,,
2023-09-25 00:00:00,Austria,Austria,AT,147.89,172.23,82.72,75.66,entsoe.eu,,
2023-09-26 00:00:00,Austria,Austria,AT,154.70,182.71,77.61,69.67,entsoe.eu,,
2023-09-27 00:00:00,Austria,Austria,AT,153.74,184.59,77.07,69.19,entsoe.eu,,
2023-09-28 00:00:00,Austria,Austria,AT,155.54,186.34,78.77,71.01,entsoe.eu,,
2023-09-29 00:00:00,Austria,Austria,AT,163.38,190.29,81.97,72.47,entsoe.eu,,
2023-09-30 00:00:00,Austria,Austria,AT,143.70,167.89,86.61,76.60,entsoe.eu,,
2023-10-01 00:00:00,Austria,Austria,AT,145.89,173.62,85.96,72.97,entsoe.eu,,
2023-10-02 00:00:00,Austria,Austria,AT,177.99,202.11,81.22,72.43,entsoe.eu,,
2023-10-03 00:00:00,Austria,Austria,AT,114.65,141.18,88.62,82.83,entsoe.eu,,
2023-10-04 00:00:00,Austria,Austria,AT,161.30,193.79,79.62,73.16,entsoe.eu,,
2023-10-05 00:00:00,Austria,Austria,AT,209.13,244.38,73.73,65.69,entsoe.eu,,
2023-10-06 00:00:00,Austria,Austria,AT,193.95,227.31,76.51,69.10,entsoe.eu,,
2023-10-07 00:00:00,Austria,Austria,AT,118.14,146.15,88.64,80.79,entsoe.eu,,
2023-10-08 00:00:00,Austria,Austria,AT,134.65,158.16,86.39,76.24,entsoe.eu,,
2023-10-09 00:00:00,Austria,Austria,AT,169.76,193.14,81.77,73.02,entsoe.eu,,
2023-10-10 00:00:00,Austria,Austria,AT,228.57,260.92,73.86,63.27,entsoe.eu,,
2023-10-11 00:00:00,Austria,Austria,AT,195.98,230.11,74.58,65.14,entsoe.eu,,
2023-10-12 00:00:00,Austria,Austria,AT,232.40,262.74,71.01,60.56,entsoe.eu,,
2023-10-13 00:00:00,Austria,Austria,AT,186.38,214.43,80.56,71.85,entsoe.eu,,
2023-10-14 00:00:00,Austria,Austria,AT,166.03,192.98,83.53,74.26,entsoe.eu,,
2023-10-15 00:00:00,Austria,Austria,AT,156.30,190.49,82.51,73.72,entsoe.eu,,
2023-10-16 00:00:00,Austria,Austria,AT,245.67,284.92,67.75,57.69,entsoe.eu,,
2023-10-17 00:00:00,Austria,Austria,AT,252.96,296.37,66.06,55.86,entsoe.eu,,
2023-10-18 00:00:00,Austria,Austria,AT,196.30,233.84,73.98,66.03,entsoe.eu,,
2023-10-19 00:00:00,Austria,Austria,AT,213.85,248.79,70.71,61.56,entsoe.eu,,
2023-10-20 00:00:00,Austria,Austria,AT,141.35,170.11,83.02,75.92,entsoe.eu,,
2023-10-21 00:00:00,Austria,Austria,AT,135.08,167.88,84.71,73.61,entsoe.eu,,
2023-10-22 00:00:00,Austria,Austria,AT,146.07,174.36,85.03,74.47,entsoe.eu,,
2023-10-23 00:00:00,Austria,Austria,AT,222.83,260.34,68.25,59.34,entsoe.eu,,
2023-10-24 00:00:00,Austria,Austria,AT,205.10,247.05,67.14,59.03,entsoe.eu,,
2023-10-25 00:00:00,Austria,Austria,AT,177.23,214.36,74.76,66.69,entsoe.eu,,
2023-10-26 00:00:00,Austria,Austria,AT,162.25,196.96,75.07,67.49,entsoe.eu,,
2023-10-27 00:00:00,Austria,Austria,AT,111.75,134.31,87.00,78.96,entsoe.eu; Electricity Maps Estimation,,
2023-10-28 00:00:00,Austria,Austria,AT,115.72,145.15,86.70,76.17,entsoe.eu,,
2023-10-29 00:00:00,Austria,Austria,AT,110.57,142.84,88.65,78.99,entsoe.eu,,
2023-10-30 00:00:00,Austria,Austria,AT,149.77,166.76,84.81,77.52,entsoe.eu,,
2023-10-31 00:00:00,Austria,Austria,AT,129.76,152.54,85.43,79.75,entsoe.eu,,
2023-11-01 00:00:00,Austria,Austria,AT,70.20,94.65,91.63,84.15,entsoe.eu,,
2023-11-02 00:00:00,Austria,Austria,AT,71.19,91.03,93.58,86.03,entsoe.eu,,
2023-11-03 00:00:00,Austria,Austria,AT,96.56,109.84,90.50,84.39,entsoe.eu,,
2023-11-04 00:00:00,Austria,Austria,AT,66.40,90.99,93.22,87.01,entsoe.eu,,
2023-11-05 00:00:00,Austria,Austria,AT,57.65,77.51,94.97,86.97,entsoe.eu,,
2023-11-06 00:00:00,Austria,Austria,AT,129.75,152.48,86.17,80.08,entsoe.eu,,
2023-11-07 00:00:00,Austria,Austria,AT,186.39,217.57,76.14,69.23,entsoe.eu,,
2023-11-08 00:00:00,Austria,Austria,AT,154.93,187.11,78.67,73.72,entsoe.eu,,
2023-11-09 00:00:00,Austria,Austria,AT,161.63,195.49,77.16,71.43,entsoe.eu,,
2023-11-10 00:00:00,Austria,Austria,AT,201.32,234.80,73.60,67.07,entsoe.eu,,
2023-11-11 00:00:00,Austria,Austria,AT,129.29,161.50,79.81,75.22,entsoe.eu,,
2023-11-12 00:00:00,Austria,Austria,AT,156.60,191.83,76.77,68.61,entsoe.eu,,
2023-11-13 00:00:00,Austria,Austria,AT,177.26,207.12,75.83,68.86,entsoe.eu,,
2023-11-14 00:00:00,Austria,Austria,AT,103.27,130.96,85.79,81.75,entsoe.eu,,
2023-11-15 00:00:00,Austria,Austria,AT,83.05,109.43,85.85,84.31,entsoe.eu,,
2023-11-16 00:00:00,Austria,Austria,AT,126.48,156.61,78.70,75.67,entsoe.eu,,
2023-11-17 00:00:00,Austria,Austria,AT,98.45,120.57,85.33,82.93,entsoe.eu,,
2023-11-18 00:00:00,Austria,Austria,AT,72.84,101.29,88.41,85.57,entsoe.eu,,
2023-11-19 00:00:00,Austria,Austria,AT,99.43,129.75,89.07,82.15,entsoe.eu,,
2023-11-20 00:00:00,Austria,Austria,AT,106.90,139.53,80.90,77.70,entsoe.eu,,
2023-11-21 00:00:00,Austria,Austria,AT,144.29,175.05,76.27,71.88,entsoe.eu,,
2023-11-22 00:00:00,Austria,Austria,AT,126.57,159.39,77.87,75.25,entsoe.eu,,
2023-11-23 00:00:00,Austria,Austria,AT,139.02,168.27,81.42,77.34,entsoe.eu; Electricity Maps Estimation,,
2023-11-24 00:00:00,Austria,Austria,AT,103.43,132.63,85.27,82.23,entsoe.eu,,
2023-11-25 00:00:00,Austria,Austria,AT,117.70,149.45,82.05,77.95,entsoe.eu,,
2023-11-26 00:00:00,Austria,Austria,AT,120.96,153.36,81.21,76.05,entsoe.eu,,
2023-11-27 00:00:00,Austria,Austria,AT,188.74,227.38,69.24,65.68,entsoe.eu,,
2023-11-28 00:00:00,Austria,Austria,AT,171.88,203.47,70.95,68.25,entsoe.eu,,
2023-11-29 00:00:00,Austria,Austria,AT,163.21,195.84,70.77,68.54,entsoe.eu,,
2023-11-30 00:00:00,Austria,Austria,AT,163.04,195.77,69.85,67.27,entsoe.eu,,
2023-12-01 00:00:00,Austria,Austria,AT,172.35,205.89,68.59,64.78,entsoe.eu,,
2023-12-02 00:00:00,Austria,Austria,AT,123.75,161.76,73.91,71.73,entsoe.eu,,
2023-12-03 00:00:00,Austria,Austria,AT,143.94,185.86,73.47,69.02,entsoe.eu,,
2023-12-04 00:00:00,Austria,Austria,AT,171.59,211.81,69.64,66.55,entsoe.eu,,
2023-12-05 00:00:00,Austria,Austria,AT,209.62,250.96,65.40,61.48,entsoe.eu,,
2023-12-06 00:00:00,Austria,Austria,AT,194.56,231.76,65.81,62.65,entsoe.eu,,
2023-12-07 00:00:00,Austria,Austria,AT,155.62,190.01,71.28,69.09,entsoe.eu; Electricity Maps Estimation,,
2023-12-08 00:00:00,Austria,Austria,AT,170.63,212.55,69.12,66.23,entsoe.eu; Electricity Maps Estimation,,
2023-12-09 00:00:00,Austria,Austria,AT,157.98,197.84,75.91,70.43,entsoe.eu,,
2023-12-10 00:00:00,Austria,Austria,AT,134.01,173.64,79.21,74.15,entsoe.eu,,
2023-12-11 00:00:00,Austria,Austria,AT,180.59,218.14,71.86,67.83,entsoe.eu,,
2023-12-12 00:00:00,Austria,Austria,AT,174.36,212.76,69.91,65.86,entsoe.eu,,
2023-12-13 00:00:00,Austria,Austria,AT,201.94,249.72,65.87,60.28,entsoe.eu,,
2023-12-14 00:00:00,Austria,Austria,AT,143.20,175.70,73.76,70.83,entsoe.eu,,
2023-12-15 00:00:00,Austria,Austria,AT,158.98,193.42,73.64,70.76,entsoe.eu,,
2023-12-16 00:00:00,Austria,Austria,AT,141.69,177.73,79.54,74.21,entsoe.eu,,
2023-12-17 00:00:00,Austria,Austria,AT,159.43,194.78,79.36,73.31,entsoe.eu,,
2023-12-18 00:00:00,Austria,Austria,AT,186.72,221.31,72.35,68.25,entsoe.eu,,
2023-12-19 00:00:00,Austria,Austria,AT,182.38,214.51,74.20,69.81,entsoe.eu,,
2023-12-20 00:00:00,Austria,Austria,AT,136.69,165.23,81.01,77.23,entsoe.eu,,
2023-12-21 00:00:00,Austria,Austria,AT,113.17,136.27,86.75,82.51,entsoe.eu,,
2023-12-22 00:00:00,Austria,Austria,AT,80.35,104.12,91.62,87.53,entsoe.eu,,
2023-12-23 00:00:00,Austria,Austria,AT,103.38,117.84,91.45,86.65,entsoe.eu,,
2023-12-24 00:00:00,Austria,Austria,AT,66.77,93.34,92.55,88.09,entsoe.eu,,
2023-12-25 00:00:00,Austria,Austria,AT,76.52,103.23,91.61,86.54,entsoe.eu,,
2023-12-26 00:00:00,Austria,Austria,AT,79.19,101.00,92.17,86.89,entsoe.eu,,
2023-12-27 00:00:00,Austria,Austria,AT,92.52,106.65,89.52,85.56,entsoe.eu,,
2023-12-28 00:00:00,Austria,Austria,AT,105.41,129.12,89.55,82.36,entsoe.eu,,
2023-12-29 00:00:00,Austria,Austria,AT,99.11,126.67,89.55,82.43,entsoe.eu,,
2023-12-30 00:00:00,Austria,Austria,AT,106.39,118.64,91.62,85.23,entsoe.eu,,
2023-12-31 00:00:00,Austria,Austria,AT,104.81,132.32,89.17,79.34,entsoe.eu,,
2024-01-01 00:00:00,Austria,Austria,AT,60.56,76.36,94.60,88.25,entsoe.eu,,
2024-01-02 00:00:00,Austria,Austria,AT,75.23,86.31,92.31,84.57,entsoe.eu,,
2024-01-03 00:00:00,Austria,Austria,AT,69.60,82.02,92.71,88.51,entsoe.eu,,
2024-01-04 00:00:00,Austria,Austria,AT,73.53,92.97,87.52,85.46,entsoe.eu,,
2024-01-05 00:00:00,Austria,Austria,AT,115.60,135.83,81.89,78.23,entsoe.eu,,
2024-01-06 00:00:00,Austria,Austria,AT,108.43,141.02,81.03,74.73,entsoe.eu,,
2024-01-07 00:00:00,Austria,Austria,AT,61.23,90.30,87.12,85.10,entsoe.eu,,
2024-01-08 00:00:00,Austria,Austria,AT,96.22,125.40,81.20,79.88,entsoe.eu,,
2024-01-09 00:00:00,Austria,Austria,AT,175.23,210.26,68.17,65.63,entsoe.eu,,
2024-01-10 00:00:00,Austria,Austria,AT,171.87,202.74,69.41,66.37,entsoe.eu,,
2024-01-11 00:00:00,Austria,Austria,AT,181.82,215.74,68.27,64.99,entsoe.eu,,
2024-01-12 00:00:00,Austria,Austria,AT,175.49,209.16,68.84,66.23,entsoe.eu,,
2024-01-13 00:00:00,Austria,Austria,AT,188.78,230.02,69.70,64.89,entsoe.eu,,
2024-01-14 00:00:00,Austria,Austria,AT,184.29,229.65,70.19,64.78,entsoe.eu,,
2024-01-15 00:00:00,Austria,Austria,AT,168.78,205.34,72.84,69.14,entsoe.eu,,
2024-01-16 00:00:00,Austria,Austria,AT,176.79,211.43,69.07,66.11,entsoe.eu,,
2024-01-17 00:00:00,Austria,Austria,AT,189.77,216.73,68.84,65.90,entsoe.eu,,
2024-01-18 00:00:00,Austria,Austria,AT,171.89,204.19,69.19,65.64,entsoe.eu,,
2024-01-19 00:00:00,Austria,Austria,AT,151.10,184.76,74.19,71.37,entsoe.eu,,
2024-01-20 00:00:00,Austria,Austria,AT,168.61,210.19,71.17,67.46,entsoe.eu,,
2024-01-21 00:00:00,Austria,Austria,AT,148.14,190.06,77.24,71.71,entsoe.eu,,
2024-01-22 00:00:00,Austria,Austria,AT,151.42,180.13,78.14,73.97,entsoe.eu,,
2024-01-23 00:00:00,Austria,Austria,AT,154.75,185.33,77.16,73.29,entsoe.eu,,
2024-01-24 00:00:00,Austria,Austria,AT,130.95,161.81,80.50,76.61,entsoe.eu,,
2024-01-25 00:00:00,Austria,Austria,AT,87.09,106.52,86.38,84.50,entsoe.eu,,
2024-01-26 00:00:00,Austria,Austria,AT,124.75,152.31,80.73,77.32,entsoe.eu,,
2024-01-27 00:00:00,Austria,Austria,AT,80.46,108.70,85.32,83.83,entsoe.eu,,
2024-01-28 00:00:00,Austria,Austria,AT,117.58,154.97,79.58,75.65,entsoe.eu,,
2024-01-29 00:00:00,Austria,Austria,AT,145.67,176.23,76.40,72.97,entsoe.eu,,
2024-01-30 00:00:00,Austria,Austria,AT,130.42,160.26,78.24,76.09,entsoe.eu,,
2024-01-31 00:00:00,Austria,Austria,AT,190.58,222.65,70.27,66.92,entsoe.eu,,
2024-02-01 00:00:00,Austria,Austria,AT,170.42,204.93,72.45,69.82,entsoe.eu,,
2024-02-02 00:00:00,Austria,Austria,AT,139.49,173.74,77.69,75.47,entsoe.eu,,
2024-02-03 00:00:00,Austria,Austria,AT,91.19,119.48,88.73,86.27,entsoe.eu,,
2024-02-04 00:00:00,Austria,Austria,AT,63.66,90.12,92.69,90.47,entsoe.eu,,
2024-02-05 00:00:00,Austria,Austria,AT,77.44,101.55,89.80,87.50,entsoe.eu,,
2024-02-06 00:00:00,Austria,Austria,AT,90.43,116.87,87.83,84.54,entsoe.eu,,
2024-02-07 00:00:00,Austria,Austria,AT,107.64,127.74,84.71,81.62,entsoe.eu,,
2024-02-08 00:00:00,Austria,Austria,AT,126.82,146.10,81.70,78.12,entsoe.eu,,
2024-02-09 00:00:00,Austria,Austria,AT,132.79,158.67,82.67,77.66,entsoe.eu,,
2024-02-10 00:00:00,Austria,Austria,AT,62.69,82.75,92.07,88.58,entsoe.eu,,
2024-02-11 00:00:00,Austria,Austria,AT,66.96,93.93,89.33,84.52,entsoe.eu,,
2024-02-12 00:00:00,Austria,Austria,AT,125.47,150.17,80.17,76.30,entsoe.eu,,
2024-02-13 00:00:00,Austria,Austria,AT,139.09,172.63,77.73,74.36,entsoe.eu,,
2024-02-14 00:00:00,Austria,Austria,AT,157.38,192.05,74.89,68.99,entsoe.eu,,
2024-02-15 00:00:00,Austria,Austria,AT,164.03,201.12,73.78,68.81,entsoe.eu,,
2024-02-16 00:00:00,Austria,Austria,AT,115.98,142.57,84.54,79.71,entsoe.eu,,
2024-02-17 00:00:00,Austria,Austria,AT,151.53,182.00,80.33,72.21,entsoe.eu,,
2024-02-18 00:00:00,Austria,Austria,AT,112.36,149.67,83.45,77.49,entsoe.eu,,
2024-02-19 00:00:00,Austria,Austria,AT,131.79,154.69,83.34,78.03,entsoe.eu,,
2024-02-20 00:00:00,Austria,Austria,AT,125.34,147.90,84.00,79.24,entsoe.eu,,
2024-02-21 00:00:00,Austria,Austria,AT,143.42,172.79,80.34,75.26,entsoe.eu,,
2024-02-22 00:00:00,Austria,Austria,AT,113.38,135.88,85.57,80.61,entsoe.eu,,
2024-02-23 00:00:00,Austria,Austria,AT,118.35,139.48,83.71,80.01,entsoe.eu,,
2024-02-24 00:00:00,Austria,Austria,AT,114.65,141.10,84.08,78.76,entsoe.eu,,
2024-02-25 00:00:00,Austria,Austria,AT,82.68,112.43,86.48,83.16,entsoe.eu,,
2024-02-26 00:00:00,Austria,Austria,AT,94.58,123.88,82.93,80.76,entsoe.eu,,
2024-02-27 00:00:00,Austria,Austria,AT,138.49,162.83,77.73,74.03,entsoe.eu,,
2024-02-28 00:00:00,Austria,Austria,AT,145.94,172.20,76.90,71.73,entsoe.eu,,
2024-02-29 00:00:00,Austria,Austria,AT,157.87,186.52,77.17,71.20,entsoe.eu,,
2024-03-01 00:00:00,Austria,Austria,AT,162.97,188.63,77.27,72.50,entsoe.eu,,
2024-03-02 00:00:00,Austria,Austria,AT,128.10,155.16,85.38,80.25,entsoe.eu,,
2024-03-03 00:00:00,Austria,Austria,AT,67.55,92.74,91.69,88.83,entsoe.eu,,
2024-03-04 00:00:00,Austria,Austria,AT,143.43,172.59,78.05,73.09,entsoe.eu,,
2024-03-05 00:00:00,Austria,Austria,AT,163.17,193.14,75.74,71.12,entsoe.eu,,
2024-03-06 00:00:00,Austria,Austria,AT,141.20,168.63,79.01,74.46,entsoe.eu,,
2024-03-07 00:00:00,Austria,Austria,AT,151.99,177.21,80.13,74.22,entsoe.eu,,
2024-03-08 00:00:00,Austria,Austria,AT,155.37,187.79,78.32,72.50,entsoe.eu,,
2024-03-09 00:00:00,Austria,Austria,AT,82.31,111.08,89.79,85.58,entsoe.eu,,
2024-03-10 00:00:00,Austria,Austria,AT,67.83,97.48,91.13,87.10,entsoe.eu,,
2024-03-11 00:00:00,Austria,Austria,AT,157.00,182.88,80.05,73.14,entsoe.eu,,
2024-03-12 00:00:00,Austria,Austria,AT,89.71,116.91,83.83,82.05,entsoe.eu,,
2024-03-13 00:00:00,Austria,Austria,AT,134.30,165.13,78.61,74.70,entsoe.eu,,
2024-03-14 00:00:00,Austria,Austria,AT,169.29,206.44,75.91,69.15,entsoe.eu,,
2024-03-15 00:00:00,Austria,Austria,AT,128.08,158.18,84.20,76.73,entsoe.eu,,
2024-03-16 00:00:00,Austria,Austria,AT,100.37,126.38,88.58,82.40,entsoe.eu,,
2024-03-17 00:00:00,Austria,Austria,AT,83.65,104.81,90.41,86.40,entsoe.eu,,
2024-03-18 00:00:00,Austria,Austria,AT,145.47,171.93,77.46,73.12,entsoe.eu,,
2024-03-19 00:00:00,Austria,Austria,AT,128.17,153.45,80.09,77.99,entsoe.eu,,
2024-03-20 00:00:00,Austria,Austria,AT,130.33,157.88,79.45,75.83,entsoe.eu,,
2024-03-21 00:00:00,Austria,Austria,AT,137.10,165.48,80.88,75.47,entsoe.eu,,
2024-03-22 00:00:00,Austria,Austria,AT,87.61,106.34,89.89,86.00,entsoe.eu,,
2024-03-23 00:00:00,Austria,Austria,AT,60.22,86.51,93.24,88.23,entsoe.eu,,
2024-03-24 00:00:00,Austria,Austria,AT,43.41,67.90,95.61,91.29,entsoe.eu,,
2024-03-25 00:00:00,Austria,Austria,AT,94.95,120.37,84.42,82.13,entsoe.eu,,
2024-03-26 00:00:00,Austria,Austria,AT,67.71,85.80,91.60,89.82,entsoe.eu,,
2024-03-27 00:00:00,Austria,Austria,AT,48.34,63.39,94.89,92.71,entsoe.eu,,
2024-03-28 00:00:00,Austria,Austria,AT,51.88,69.90,94.14,91.06,entsoe.eu,,
2024-03-29 00:00:00,Austria,Austria,AT,47.14,63.24,96.32,92.54,entsoe.eu,,
2024-03-30 00:00:00,Austria,Austria,AT,30.24,41.33,98.58,95.37,entsoe.eu,,
2024-03-31 00:00:00,Austria,Austria,AT,14.20,36.51,97.94,93.54,entsoe.eu,,
2024-04-01 00:00:00,Austria,Austria,AT,15.04,36.10,98.24,93.96,entsoe.eu,,
2024-04-02 00:00:00,Austria,Austria,AT,38.10,52.57,96.78,94.48,entsoe.eu,,
2024-04-03 00:00:00,Austria,Austria,AT,79.03,95.59,90.88,85.86,entsoe.eu,,
2024-04-04 00:00:00,Austria,Austria,AT,70.88,86.93,92.86,88.02,entsoe.eu,,
2024-04-05 00:00:00,Austria,Austria,AT,70.56,91.14,92.40,88.11,entsoe.eu,,
2024-04-06 00:00:00,Austria,Austria,AT,62.98,89.34,93.98,89.71,entsoe.eu,,
2024-04-07 00:00:00,Austria,Austria,AT,39.00,57.36,97.07,94.74,entsoe.eu,,
2024-04-08 00:00:00,Austria,Austria,AT,25.48,35.44,99.19,98.52,entsoe.eu,,
2024-04-09 00:00:00,Austria,Austria,AT,34.74,49.93,97.64,96.05,entsoe.eu,,
2024-04-10 00:00:00,Austria,Austria,AT,26.11,39.13,98.56,97.24,entsoe.eu,,
2024-04-11 00:00:00,Austria,Austria,AT,45.04,63.01,95.57,92.92,entsoe.eu,,
2024-04-12 00:00:00,Austria,Austria,AT,58.25,73.24,95.14,91.61,entsoe.eu,,
2024-04-13 00:00:00,Austria,Austria,AT,43.83,69.28,95.99,92.25,entsoe.eu,,
2024-04-14 00:00:00,Austria,Austria,AT,43.59,61.83,96.84,93.72,entsoe.eu,,
2024-04-15 00:00:00,Austria,Austria,AT,49.98,62.04,96.73,92.73,entsoe.eu,,
2024-04-16 00:00:00,Austria,Austria,AT,52.21,66.96,95.16,93.15,entsoe.eu,,
2024-04-17 00:00:00,Austria,Austria,AT,50.09,64.83,94.16,92.56,entsoe.eu,,
2024-04-18 00:00:00,Austria,Austria,AT,70.42,87.23,91.70,89.27,entsoe.eu,,
2024-04-19 00:00:00,Austria,Austria,AT,61.94,82.24,92.91,90.56,entsoe.eu,,
2024-04-20 00:00:00,Austria,Austria,AT,33.80,56.86,95.08,92.80,entsoe.eu,,
2024-04-21 00:00:00,Austria,Austria,AT,28.73,52.38,95.52,93.27,entsoe.eu,,
2024-04-22 00:00:00,Austria,Austria,AT,81.88,99.93,89.25,85.86,entsoe.eu,,
2024-04-23 00:00:00,Austria,Austria,AT,105.99,135.02,83.31,78.56,entsoe.eu,,
2024-04-24 00:00:00,Austria,Austria,AT,95.55,128.35,83.54,79.98,entsoe.eu,,
2024-04-25 00:00:00,Austria,Austria,AT,106.92,140.93,82.24,76.58,entsoe.eu,,
2024-04-26 00:00:00,Austria,Austria,AT,94.08,122.97,86.58,81.39,entsoe.eu,,
2024-04-27 00:00:00,Austria,Austria,AT,52.44,76.37,93.69,90.30,entsoe.eu,,
2024-04-28 00:00:00,Austria,Austria,AT,30.77,56.47,96.72,93.75,entsoe.eu,,
2024-04-29 00:00:00,Austria,Austria,AT,42.53,63.17,95.54,92.24,entsoe.eu,,
2024-04-30 00:00:00,Austria,Austria,AT,41.02,59.35,96.38,93.81,entsoe.eu,,
2024-05-01 00:00:00,Austria,Austria,AT,26.79,54.73,97.07,94.48,entsoe.eu,,
2024-05-02 00:00:00,Austria,Austria,AT,34.87,56.72,97.01,93.91,entsoe.eu,,
2024-05-03 00:00:00,Austria,Austria,AT,59.66,66.62,96.73,91.51,entsoe.eu,,
2024-05-04 00:00:00,Austria,Austria,AT,28.77,43.11,98.77,96.83,entsoe.eu,,
2024-05-05 00:00:00,Austria,Austria,AT,43.16,62.65,96.83,92.43,entsoe.eu,,
2024-05-06 00:00:00,Austria,Austria,AT,59.51,70.89,96.06,91.80,entsoe.eu,,
2024-05-07 00:00:00,Austria,Austria,AT,53.05,62.09,96.81,92.48,entsoe.eu,,
2024-05-08 00:00:00,Austria,Austria,AT,79.03,89.05,94.32,87.89,entsoe.eu,,
2024-05-09 00:00:00,Austria,Austria,AT,18.91,37.24,98.96,97.77,entsoe.eu,,
2024-05-10 00:00:00,Austria,Austria,AT,34.70,46.12,98.50,96.62,entsoe.eu,,
2024-05-11 00:00:00,Austria,Austria,AT,27.31,46.38,98.41,95.75,entsoe.eu,,
2024-05-12 00:00:00,Austria,Austria,AT,35.28,64.10,96.43,91.08,entsoe.eu,,
2024-05-13 00:00:00,Austria,Austria,AT,37.60,56.57,97.08,93.30,entsoe.eu,,
2024-05-14 00:00:00,Austria,Austria,AT,37.20,56.85,96.99,93.11,entsoe.eu,,
2024-05-15 00:00:00,Austria,Austria,AT,29.62,46.60,97.81,95.33,entsoe.eu,,
2024-05-16 00:00:00,Austria,Austria,AT,29.42,40.38,98.62,97.23,entsoe.eu,,
2024-05-17 00:00:00,Austria,Austria,AT,22.34,35.64,99.05,97.03,entsoe.eu,,
2024-05-18 00:00:00,Austria,Austria,AT,27.02,37.35,99.20,98.25,entsoe.eu,,
2024-05-19 00:00:00,Austria,Austria,AT,23.23,36.45,99.30,98.45,entsoe.eu,,
2024-05-20 00:00:00,Austria,Austria,AT,29.56,48.38,98.07,97.04,entsoe.eu,,
2024-05-21 00:00:00,Austria,Austria,AT,44.98,63.35,94.03,92.52,entsoe.eu,,
2024-05-22 00:00:00,Austria,Austria,AT,31.36,48.26,97.88,96.17,entsoe.eu,,
2024-05-23 00:00:00,Austria,Austria,AT,43.10,53.57,97.51,95.91,entsoe.eu,,
2024-05-24 00:00:00,Austria,Austria,AT,36.91,46.17,98.23,96.59,entsoe.eu,,
2024-05-25 00:00:00,Austria,Austria,AT,24.14,39.65,98.77,97.06,entsoe.eu,,
2024-05-26 00:00:00,Austria,Austria,AT,19.40,43.46,98.25,96.31,entsoe.eu,,
2024-05-27 00:00:00,Austria,Austria,AT,44.89,60.33,96.96,94.77,entsoe.eu,,
2024-05-28 00:00:00,Austria,Austria,AT,38.46,55.87,96.97,95.07,entsoe.eu,,
2024-05-29 00:00:00,Austria,Austria,AT,34.06,50.88,97.64,95.72,entsoe.eu,,
2024-05-30 00:00:00,Austria,Austria,AT,37.14,48.75,98.14,97.05,entsoe.eu,,
2024-05-31 00:00:00,Austria,Austria,AT,45.94,58.76,96.97,94.11,entsoe.eu,,
2024-06-01 00:00:00,Austria,Austria,AT,8.24,30.76,99.28,95.72,entsoe.eu,,
2024-06-02 00:00:00,Austria,Austria,AT,18.33,36.32,98.97,95.31,entsoe.eu,,
2024-06-03 00:00:00,Austria,Austria,AT,84.63,96.37,91.06,87.56,entsoe.eu,,
2024-06-04 00:00:00,Austria,Austria,AT,70.49,90.54,92.34,89.18,entsoe.eu,,
2024-06-05 00:00:00,Austria,Austria,AT,76.11,94.03,92.78,88.65,entsoe.eu,,
2024-06-06 00:00:00,Austria,Austria,AT,63.17,80.93,93.54,90.39,entsoe.eu,,
2024-06-07 00:00:00,Austria,Austria,AT,40.09,51.79,97.67,95.72,entsoe.eu,,
2024-06-08 00:00:00,Austria,Austria,AT,20.41,41.81,98.17,96.44,entsoe.eu,,
2024-06-09 00:00:00,Austria,Austria,AT,28.83,48.82,97.61,95.49,entsoe.eu,,
2024-06-10 00:00:00,Austria,Austria,AT,62.46,79.25,94.67,91.25,entsoe.eu,,
2024-06-11 00:00:00,Austria,Austria,AT,51.91,70.45,95.54,91.55,entsoe.eu,,
2024-06-12 00:00:00,Austria,Austria,AT,49.27,63.88,95.57,92.66,entsoe.eu,,
2024-06-13 00:00:00,Austria,Austria,AT,48.89,60.56,96.28,93.79,entsoe.eu,,
2024-06-14 00:00:00,Austria,Austria,AT,37.71,43.63,98.28,96.84,entsoe.eu,,
2024-06-15 00:00:00,Austria,Austria,AT,13.37,30.61,98.92,96.70,entsoe.eu,,
2024-06-16 00:00:00,Austria,Austria,AT,19.61,36.27,98.79,96.59,entsoe.eu,,
2024-06-17 00:00:00,Austria,Austria,AT,35.53,43.96,98.21,96.09,entsoe.eu,,
2024-06-18 00:00:00,Austria,Austria,AT,29.16,33.95,99.43,98.64,entsoe.eu,,
2024-06-19 00:00:00,Austria,Austria,AT,32.30,42.36,98.39,96.90,entsoe.eu,,
2024-06-20 00:00:00,Austria,Austria,AT,42.40,46.66,98.26,96.14,entsoe.eu,,
2024-06-21 00:00:00,Austria,Austria,AT,40.54,49.70,97.82,94.67,entsoe.eu,,
2024-06-22 00:00:00,Austria,Austria,AT,15.14,35.52,98.74,95.70,entsoe.eu,,
2024-06-23 00:00:00,Austria,Austria,AT,15.44,31.93,99.15,95.94,entsoe.eu,,
2024-06-24 00:00:00,Austria,Austria,AT,26.05,37.78,98.83,97.31,entsoe.eu,,
2024-06-25 00:00:00,Austria,Austria,AT,47.11,54.03,97.56,95.73,entsoe.eu,,
2024-06-26 00:00:00,Austria,Austria,AT,59.73,64.87,95.16,92.87,entsoe.eu,,
2024-06-27 00:00:00,Austria,Austria,AT,57.25,67.52,95.34,91.45,entsoe.eu,,
2024-06-28 00:00:00,Austria,Austria,AT,50.12,59.09,97.01,94.35,entsoe.eu,,
2024-06-29 00:00:00,Austria,Austria,AT,33.02,40.99,98.83,98.09,entsoe.eu,,
2024-06-30 00:00:00,Austria,Austria,AT,14.63,27.47,99.67,97.81,entsoe.eu,,
2024-07-01 00:00:00,Austria,Austria,AT,40.15,44.89,98.46,96.65,entsoe.eu,,
2024-07-02 00:00:00,Austria,Austria,AT,24.52,32.08,99.34,98.38,entsoe.eu,,
2024-07-03 00:00:00,Austria,Austria,AT,49.77,49.89,98.24,95.51,entsoe.eu,,
2024-07-04 00:00:00,Austria,Austria,AT,24.43,41.22,98.28,95.33,entsoe.eu,,
2024-07-05 00:00:00,Austria,Austria,AT,35.42,50.18,97.54,93.88,entsoe.eu,,
2024-07-06 00:00:00,Austria,Austria,AT,19.89,43.98,97.65,94.68,entsoe.eu,,
2024-07-07 00:00:00,Austria,Austria,AT,32.25,45.55,97.89,92.85,entsoe.eu,,
2024-07-08 00:00:00,Austria,Austria,AT,54.06,61.28,96.97,94.02,entsoe.eu,,
2024-07-09 00:00:00,Austria,Austria,AT,52.52,66.98,96.27,92.74,entsoe.eu,,
2024-07-10 00:00:00,Austria,Austria,AT,47.39,60.75,96.78,93.00,entsoe.eu,,
2024-07-11 00:00:00,Austria,Austria,AT,60.83,71.78,95.83,92.09,entsoe.eu,,
2024-07-12 00:00:00,Austria,Austria,AT,48.68,61.94,96.59,92.04,entsoe.eu,,
2024-07-13 00:00:00,Austria,Austria,AT,26.25,44.22,98.01,94.53,entsoe.eu,,
2024-07-14 00:00:00,Austria,Austria,AT,28.49,44.31,98.26,95.42,entsoe.eu,,
2024-07-15 00:00:00,Austria,Austria,AT,60.65,70.90,94.82,92.76,entsoe.eu,,
2024-07-16 00:00:00,Austria,Austria,AT,46.33,60.44,95.77,93.61,entsoe.eu,,
2024-07-17 00:00:00,Austria,Austria,AT,35.48,47.96,97.10,94.71,entsoe.eu,,
2024-07-18 00:00:00,Austria,Austria,AT,47.69,55.01,97.48,95.26,entsoe.eu,,
2024-07-19 00:00:00,Austria,Austria,AT,48.53,51.08,98.10,96.00,entsoe.eu,,
2024-07-20 00:00:00,Austria,Austria,AT,44.30,53.47,97.62,94.29,entsoe.eu,,
2024-07-21 00:00:00,Austria,Austria,AT,40.39,48.00,98.27,96.02,entsoe.eu,,
2024-07-22 00:00:00,Austria,Austria,AT,41.83,46.54,98.12,96.10,entsoe.eu,,
2024-07-23 00:00:00,Austria,Austria,AT,50.27,56.23,97.08,94.99,entsoe.eu,,
2024-07-24 00:00:00,Austria,Austria,AT,43.20,49.60,97.92,95.78,entsoe.eu,,
2024-07-25 00:00:00,Austria,Austria,AT,53.94,59.45,97.19,94.65,entsoe.eu,,
2024-07-26 00:00:00,Austria,Austria,AT,55.55,60.83,97.12,93.99,entsoe.eu,,
2024-07-27 00:00:00,Austria,Austria,AT,34.27,53.43,97.09,93.96,entsoe.eu,,
2024-07-28 00:00:00,Austria,Austria,AT,40.17,61.69,96.38,91.45,entsoe.eu,,
2024-07-29 00:00:00,Austria,Austria,AT,56.21,70.33,95.61,90.20,entsoe.eu,,
2024-07-30 00:00:00,Austria,Austria,AT,69.40,82.19,94.07,89.01,entsoe.eu,,
2024-07-31 00:00:00,Austria,Austria,AT,76.71,88.72,93.52,87.39,entsoe.eu,,
2024-08-01 00:00:00,Austria,Austria,AT,89.93,96.91,93.70,87.50,entsoe.eu,,
2024-08-02 00:00:00,Austria,Austria,AT,47.00,56.81,97.17,93.38,entsoe.eu,,
2024-08-03 00:00:00,Austria,Austria,AT,40.27,48.77,98.05,95.43,entsoe.eu,,
2024-08-04 00:00:00,Austria,Austria,AT,44.59,58.94,96.98,92.24,entsoe.eu,,
2024-08-05 00:00:00,Austria,Austria,AT,70.96,73.80,95.50,90.94,entsoe.eu,,
2024-08-06 00:00:00,Austria,Austria,AT,71.95,89.96,93.19,87.55,entsoe.eu,,
2024-08-07 00:00:00,Austria,Austria,AT,76.66,88.15,94.35,86.80,entsoe.eu,,
2024-08-08 00:00:00,Austria,Austria,AT,72.52,80.27,95.19,88.04,entsoe.eu,,
2024-08-09 00:00:00,Austria,Austria,AT,65.21,82.28,94.75,87.22,entsoe.eu,,
2024-08-10 00:00:00,Austria,Austria,AT,69.77,89.31,94.24,85.57,entsoe.eu,,
2024-08-11 00:00:00,Austria,Austria,AT,71.04,90.36,94.10,85.84,entsoe.eu,,
2024-08-12 00:00:00,Austria,Austria,AT,94.45,107.41,90.73,84.33,entsoe.eu,,
2024-08-13 00:00:00,Austria,Austria,AT,88.73,103.22,91.58,85.07,entsoe.eu,,
2024-08-14 00:00:00,Austria,Austria,AT,78.40,87.41,94.17,89.01,entsoe.eu,,
2024-08-15 00:00:00,Austria,Austria,AT,45.37,63.90,96.21,90.12,entsoe.eu,,
2024-08-16 00:00:00,Austria,Austria,AT,76.45,87.36,92.84,87.22,entsoe.eu,,
2024-08-17 00:00:00,Austria,Austria,AT,59.20,81.62,93.88,85.68,entsoe.eu,,
2024-08-18 00:00:00,Austria,Austria,AT,45.11,65.41,95.75,87.53,entsoe.eu,,
2024-08-19 00:00:00,Austria,Austria,AT,38.65,49.62,97.19,93.11,entsoe.eu,,
2024-08-20 00:00:00,Austria,Austria,AT,59.23,76.25,94.50,89.93,entsoe.eu,,
2024-08-21 00:00:00,Austria,Austria,AT,49.59,72.51,93.22,90.24,entsoe.eu,,
2024-08-22 00:00:00,Austria,Austria,AT,71.14,88.02,93.55,88.56,entsoe.eu,,
2024-08-23 00:00:00,Austria,Austria,AT,74.19,96.12,91.45,85.86,entsoe.eu,,
2024-08-24 00:00:00,Austria,Austria,AT,53.34,76.44,95.01,89.30,entsoe.eu,,
2024-08-25 00:00:00,Austria,Austria,AT,36.39,61.76,96.02,91.08,entsoe.eu,,
2024-08-26 00:00:00,Austria,Austria,AT,66.08,82.49,93.29,89.91,entsoe.eu,,
2024-08-27 00:00:00,Austria,Austria,AT,89.66,108.89,91.15,86.32,entsoe.eu,,
2024-08-28 00:00:00,Austria,Austria,AT,120.12,145.91,85.08,80.61,entsoe.eu,,
2024-08-29 00:00:00,Austria,Austria,AT,129.80,154.87,84.28,79.28,entsoe.eu,,
2024-08-30 00:00:00,Austria,Austria,AT,131.36,154.21,84.26,79.50,entsoe.eu,,
2024-08-31 00:00:00,Austria,Austria,AT,106.43,135.50,89.34,83.90,entsoe.eu,,
2024-09-01 00:00:00,Austria,Austria,AT,105.39,133.25,89.69,82.60,entsoe.eu,,
2024-09-02 00:00:00,Austria,Austria,AT,140.96,162.04,85.99,79.05,entsoe.eu,,
2024-09-03 00:00:00,Austria,Austria,AT,151.69,176.14,82.76,76.07,entsoe.eu,,
2024-09-04 00:00:00,Austria,Austria,AT,156.00,181.42,82.10,75.05,entsoe.eu,,
2024-09-05 00:00:00,Austria,Austria,AT,118.70,142.22,86.28,81.22,entsoe.eu,,
2024-09-06 00:00:00,Austria,Austria,AT,143.94,171.25,83.96,76.51,entsoe.eu,,
2024-09-07 00:00:00,Austria,Austria,AT,112.54,142.47,88.83,81.36,entsoe.eu,,
2024-09-08 00:00:00,Austria,Austria,AT,105.98,135.77,89.30,81.51,entsoe.eu,,
2024-09-09 00:00:00,Austria,Austria,AT,114.90,138.38,87.05,79.35,entsoe.eu,,
2024-09-10 00:00:00,Austria,Austria,AT,61.90,85.18,91.75,88.04,entsoe.eu,,
2024-09-11 00:00:00,Austria,Austria,AT,102.11,117.87,90.15,83.69,entsoe.eu,,
2024-09-12 00:00:00,Austria,Austria,AT,46.23,58.92,96.69,92.02,entsoe.eu,,
2024-09-13 00:00:00,Austria,Austria,AT,23.92,35.89,98.73,97.08,entsoe.eu,,
2024-09-14 00:00:00,Austria,Austria,AT,26.62,46.20,97.53,94.64,entsoe.eu,,
2024-09-15 00:00:00,Austria,Austria,AT,44.34,61.66,96.39,91.45,entsoe.eu,,
2024-09-16 00:00:00,Austria,Austria,AT,100.48,107.99,91.87,84.62,entsoe.eu,,
2024-09-17 00:00:00,Austria,Austria,AT,114.29,135.65,89.26,79.73,entsoe.eu,,
2024-09-18 00:00:00,Austria,Austria,AT,83.51,100.31,92.89,86.96,entsoe.eu,,
2024-09-19 00:00:00,Austria,Austria,AT,76.98,97.37,91.97,87.18,entsoe.eu,,
2024-09-20 00:00:00,Austria,Austria,AT,62.83,78.22,95.04,90.13,entsoe.eu,,
2024-09-21 00:00:00,Austria,Austria,AT,45.54,63.36,96.29,92.15,entsoe.eu,,
2024-09-22 00:00:00,Austria,Austria,AT,28.50,42.20,98.39,96.81,entsoe.eu,,
2024-09-23 00:00:00,Austria,Austria,AT,45.14,57.96,95.53,93.39,entsoe.eu,,
2024-09-24 00:00:00,Austria,Austria,AT,72.24,86.14,94.17,89.31,entsoe.eu,,
2024-09-25 00:00:00,Austria,Austria,AT,63.46,78.13,94.65,90.97,entsoe.eu,,
2024-09-26 00:00:00,Austria,Austria,AT,38.79,54.69,95.98,94.10,entsoe.eu,,
2024-09-27 00:00:00,Austria,Austria,AT,46.81,66.80,95.18,91.33,entsoe.eu,,
2024-09-28 00:00:00,Austria,Austria,AT,34.98,50.01,97.45,94.09,entsoe.eu,,
2024-09-29 00:00:00,Austria,Austria,AT,19.21,32.24,99.25,98.74,entsoe.eu,,
2024-09-30 00:00:00,Austria,Austria,AT,56.40,69.20,95.36,91.53,entsoe.eu,,
2024-10-01 00:00:00,Austria,Austria,AT,70.96,75.26,94.34,91.04,entsoe.eu,,
2024-10-02 00:00:00,Austria,Austria,AT,82.75,85.78,92.85,90.31,entsoe.eu,,
2024-10-03 00:00:00,Austria,Austria,AT,81.26,91.16,92.30,89.87,entsoe.eu,,
2024-10-04 00:00:00,Austria,Austria,AT,50.84,61.32,94.35,93.67,entsoe.eu,,
2024-10-05 00:00:00,Austria,Austria,AT,44.22,60.45,94.70,92.17,entsoe.eu,,
2024-10-06 00:00:00,Austria,Austria,AT,44.35,69.63,93.79,90.17,entsoe.eu,,
2024-10-07 00:00:00,Austria,Austria,AT,54.91,67.91,94.20,91.24,entsoe.eu,,
2024-10-08 00:00:00,Austria,Austria,AT,38.63,50.08,96.79,94.55,entsoe.eu,,
2024-10-09 00:00:00,Austria,Austria,AT,49.40,64.78,94.73,92.14,entsoe.eu,,
2024-10-10 00:00:00,Austria,Austria,AT,61.05,76.68,93.81,89.18,entsoe.eu,,
2024-10-11 00:00:00,Austria,Austria,AT,45.92,58.03,94.91,92.09,entsoe.eu,,
2024-10-12 00:00:00,Austria,Austria,AT,32.79,51.14,95.82,93.33,entsoe.eu,,
2024-10-13 00:00:00,Austria,Austria,AT,30.10,55.21,96.32,94.39,entsoe.eu,,
2024-10-14 00:00:00,Austria,Austria,AT,83.66,102.82,86.97,83.64,entsoe.eu,,
2024-10-15 00:00:00,Austria,Austria,AT,74.48,91.35,89.18,86.32,entsoe.eu,,
2024-10-16 00:00:00,Austria,Austria,AT,42.12,62.31,93.83,91.80,entsoe.eu,,
2024-10-17 00:00:00,Austria,Austria,AT,39.44,50.07,96.57,94.32,entsoe.eu,,
2024-10-18 00:00:00,Austria,Austria,AT,47.55,56.83,95.30,93.12,entsoe.eu,,
2024-10-19 00:00:00,Austria,Austria,AT,56.22,69.12,94.83,91.85,entsoe.eu,,
2024-10-20 00:00:00,Austria,Austria,AT,15.46,36.38,98.43,95.53,entsoe.eu,,
2024-10-21 00:00:00,Austria,Austria,AT,73.95,82.56,92.08,89.70,entsoe.eu,,
2024-10-22 00:00:00,Austria,Austria,AT,107.13,125.74,86.34,82.31,entsoe.eu,,
2024-10-23 00:00:00,Austria,Austria,AT,123.65,142.82,82.27,76.96,entsoe.eu,,
2024-10-24 00:00:00,Austria,Austria,AT,102.23,117.69,86.71,83.28,entsoe.eu,,
2024-10-25 00:00:00,Austria,Austria,AT,76.51,91.92,89.46,87.59,entsoe.eu,,
2024-10-26 00:00:00,Austria,Austria,AT,98.69,112.81,90.09,86.50,entsoe.eu,,
2024-10-27 00:00:00,Austria,Austria,AT,97.41,118.59,89.35,80.98,entsoe.eu,,
2024-10-28 00:00:00,Austria,Austria,AT,144.16,168.55,81.97,74.55,entsoe.eu,,
2024-10-29 00:00:00,Austria,Austria,AT,155.86,192.99,72.00,67.17,entsoe.eu,,
2024-10-30 00:00:00,Austria,Austria,AT,161.48,200.41,71.12,66.71,entsoe.eu,,
2024-10-31 00:00:00,Austria,Austria,AT,158.56,185.98,79.33,72.68,entsoe.eu,,
2024-11-01 00:00:00,Austria,Austria,AT,131.36,163.93,83.76,74.52,entsoe.eu,,
2024-11-02 00:00:00,Austria,Austria,AT,113.73,144.36,82.77,77.53,entsoe.eu,,
2024-11-03 00:00:00,Austria,Austria,AT,181.35,224.92,74.94,65.41,entsoe.eu,,
2024-11-04 00:00:00,Austria,Austria,AT,172.86,214.88,68.98,63.89,entsoe.eu,,
2024-11-05 00:00:00,Austria,Austria,AT,161.15,204.58,68.60,64.72,entsoe.eu,,
2024-11-06 00:00:00,Austria,Austria,AT,191.15,234.58,64.49,59.61,entsoe.eu,,
2024-11-07 00:00:00,Austria,Austria,AT,185.36,226.17,66.33,61.09,entsoe.eu,,
2024-11-08 00:00:00,Austria,Austria,AT,213.77,260.48,63.74,58.69,entsoe.eu,,
2024-11-09 00:00:00,Austria,Austria,AT,214.04,266.10,64.61,58.64,entsoe.eu,,
2024-11-10 00:00:00,Austria,Austria,AT,214.85,267.57,65.78,55.83,entsoe.eu,,
2024-11-11 00:00:00,Austria,Austria,AT,247.36,295.17,60.41,52.97,entsoe.eu,,
2024-11-12 00:00:00,Austria,Austria,AT,222.67,265.50,61.84,55.24,entsoe.eu,,
2024-11-13 00:00:00,Austria,Austria,AT,233.88,278.34,60.84,53.54,entsoe.eu,,
2024-11-14 00:00:00,Austria,Austria,AT,221.95,271.23,61.21,57.03,entsoe.eu,,
2024-11-15 00:00:00,Austria,Austria,AT,207.75,257.50,61.73,57.47,entsoe.eu,,
2024-11-16 00:00:00,Austria,Austria,AT,202.05,257.29,64.82,61.10,entsoe.eu,,
2024-11-17 00:00:00,Austria,Austria,AT,212.67,263.57,68.58,62.81,entsoe.eu,,
2024-11-18 00:00:00,Austria,Austria,AT,227.66,275.05,62.73,58.33,entsoe.eu,,
2024-11-19 00:00:00,Austria,Austria,AT,227.37,279.54,62.66,58.17,entsoe.eu,,
2024-11-20 00:00:00,Austria,Austria,AT,184.64,230.89,69.98,65.71,entsoe.eu,,
2024-11-21 00:00:00,Austria,Austria,AT,177.10,217.13,70.92,66.84,entsoe.eu,,
2024-11-22 00:00:00,Austria,Austria,AT,174.75,220.24,70.37,67.06,entsoe.eu,,
2024-11-23 00:00:00,Austria,Austria,AT,150.88,196.15,74.98,70.57,entsoe.eu,,
2024-11-24 00:00:00,Austria,Austria,AT,156.93,204.74,74.55,69.02,entsoe.eu,,
2024-11-25 00:00:00,Austria,Austria,AT,169.22,213.48,70.99,67.37,entsoe.eu,,
2024-11-26 00:00:00,Austria,Austria,AT,230.37,278.19,62.34,57.20,entsoe.eu,,
2024-11-27 00:00:00,Austria,Austria,AT,229.37,283.89,60.15,55.06,entsoe.eu,,
2024-11-28 00:00:00,Austria,Austria,AT,192.95,245.23,64.55,61.13,entsoe.eu,,
2024-11-29 00:00:00,Austria,Austria,AT,151.26,200.50,69.38,65.77,entsoe.eu,,
2024-11-30 00:00:00,Austria,Austria,AT,219.38,274.28,65.53,60.42,entsoe.eu,,
2024-12-01 00:00:00,Austria,Austria,AT,213.06,267.57,66.44,59.43,entsoe.eu,,
2024-12-02 00:00:00,Austria,Austria,AT,210.20,254.25,66.41,62.62,entsoe.eu,,
2024-12-03 00:00:00,Austria,Austria,AT,233.49,274.72,61.27,56.73,entsoe.eu,,
2024-12-04 00:00:00,Austria,Austria,AT,216.12,256.71,63.05,57.76,entsoe.eu,,
2024-12-05 00:00:00,Austria,Austria,AT,230.46,283.69,60.14,56.24,entsoe.eu,,
2024-12-06 00:00:00,Austria,Austria,AT,191.27,237.20,67.84,63.80,entsoe.eu,,
2024-12-07 00:00:00,Austria,Austria,AT,168.80,218.52,72.17,66.38,entsoe.eu,,
2024-12-08 00:00:00,Austria,Austria,AT,202.47,255.80,68.36,60.75,entsoe.eu,,
2024-12-09 00:00:00,Austria,Austria,AT,207.92,252.08,66.02,60.48,entsoe.eu,,
2024-12-10 00:00:00,Austria,Austria,AT,219.30,258.96,63.16,58.32,entsoe.eu,,
2024-12-11 00:00:00,Austria,Austria,AT,180.11,216.71,67.65,63.33,entsoe.eu,,
2024-12-12 00:00:00,Austria,Austria,AT,201.18,238.16,63.84,59.02,entsoe.eu,,
2024-12-13 00:00:00,Austria,Austria,AT,204.99,244.60,64.02,58.85,entsoe.eu,,
2024-12-14 00:00:00,Austria,Austria,AT,222.92,276.56,64.03,58.72,entsoe.eu,,
2024-12-15 00:00:00,Austria,Austria,AT,146.90,191.20,76.74,71.64,entsoe.eu,,
2024-12-16 00:00:00,Austria,Austria,AT,162.28,199.10,75.96,71.05,entsoe.eu,,
2024-12-17 00:00:00,Austria,Austria,AT,204.37,246.30,68.32,62.40,entsoe.eu,,
2024-12-18 00:00:00,Austria,Austria,AT,208.25,257.58,63.85,57.23,entsoe.eu,,
2024-12-19 00:00:00,Austria,Austria,AT,189.16,236.92,68.82,61.88,entsoe.eu,,
2024-12-20 00:00:00,Austria,Austria,AT,129.53,161.43,80.93,76.30,entsoe.eu,,
2024-12-21 00:00:00,Austria,Austria,AT,128.55,165.99,82.76,74.88,entsoe.eu,,
2024-12-22 00:00:00,Austria,Austria,AT,139.27,170.99,82.75,74.41,entsoe.eu,,
2024-12-23 00:00:00,Austria,Austria,AT,132.86,170.36,78.98,74.00,entsoe.eu,,
2024-12-24 00:00:00,Austria,Austria,AT,102.52,135.97,82.66,78.18,entsoe.eu,,
2024-12-25 00:00:00,Austria,Austria,AT,124.10,163.25,80.11,73.89,entsoe.eu,,
2024-12-26 00:00:00,Austria,Austria,AT,206.31,249.21,71.39,60.44,entsoe.eu,,
2024-12-27 00:00:00,Austria,Austria,AT,206.95,244.28,67.36,60.44,entsoe.eu,,
2024-12-28 00:00:00,Austria,Austria,AT,227.03,271.11,65.58,58.43,entsoe.eu,,
2024-12-29 00:00:00,Austria,Austria,AT,251.33,303.35,62.52,55.56,entsoe.eu,,
2024-12-30 00:00:00,Austria,Austria,AT,255.47,305.51,61.98,55.52,entsoe.eu,,
2024-12-31 00:00:00,Austria,Austria,AT,253.38,305.82,63.49,55.89,entsoe.eu,,
