Datetime (UTC),Country,Zone name,Zone id,Carbon intensity gCO₂eq/kWh (direct),Carbon intensity gCO₂eq/kWh (Life cycle),Carbon-free energy percentage (CFE%),Renewable energy percentage (RE%),Data source
2021-01-01 00:00:00,Germany,Germany,DE,451.21,529.06,48.86,28.97,entsoe.eu,,
2021-01-02 00:00:00,Germany,Germany,DE,475.16,551.85,46.74,28.07,entsoe.eu,,
2021-01-03 00:00:00,Germany,Germany,DE,334.23,395.29,63.53,48.66,entsoe.eu,,
2021-01-04 00:00:00,Germany,Germany,DE,437.01,507.45,50.15,38.31,entsoe.eu,,
2021-01-05 00:00:00,Germany,Germany,DE,462.75,533.79,47.61,35.69,entsoe.eu,,
2021-01-06 00:00:00,Germany,Germany,DE,510.46,587.26,42.07,28.71,entsoe.eu,,
2021-01-07 00:00:00,Germany,Germany,DE,540.17,619.27,38.86,25.70,entsoe.eu,,
2021-01-08 00:00:00,Germany,Germany,DE,547.25,628.48,37.43,24.24,entsoe.eu,,
2021-01-09 00:00:00,Germany,Germany,DE,556.53,639.90,36.75,22.47,entsoe.eu,,
2021-01-10 00:00:00,Germany,Germany,DE,453.69,527.48,48.43,34.80,entsoe.eu,,
2021-01-11 00:00:00,Germany,Germany,DE,352.86,412.62,60.46,50.04,entsoe.eu,,
2021-01-12 00:00:00,Germany,Germany,DE,343.45,401.90,61.60,51.14,entsoe.eu,,
2021-01-13 00:00:00,Germany,Germany,DE,304.01,358.77,65.98,56.14,entsoe.eu,,
2021-01-14 00:00:00,Germany,Germany,DE,480.83,553.28,45.43,31.75,entsoe.eu,,
2021-01-15 00:00:00,Germany,Germany,DE,536.39,614.66,39.07,25.48,entsoe.eu,,
2021-01-16 00:00:00,Germany,Germany,DE,510.80,591.20,40.42,26.75,entsoe.eu,,
2021-01-17 00:00:00,Germany,Germany,DE,508.28,589.02,40.96,26.39,entsoe.eu,,
2021-01-18 00:00:00,Germany,Germany,DE,411.91,477.46,53.42,42.41,entsoe.eu,,
2021-01-19 00:00:00,Germany,Germany,DE,331.77,387.23,63.96,53.58,entsoe.eu,,
2021-01-20 00:00:00,Germany,Germany,DE,256.55,307.32,71.48,60.91,entsoe.eu,,
2021-01-21 00:00:00,Germany,Germany,DE,222.60,270.72,75.05,64.42,entsoe.eu,,
2021-01-22 00:00:00,Germany,Germany,DE,336.50,395.26,62.37,50.94,entsoe.eu,,
2021-01-23 00:00:00,Germany,Germany,DE,462.10,532.37,49.93,34.56,entsoe.eu,,
2021-01-24 00:00:00,Germany,Germany,DE,492.46,566.21,46.56,30.72,entsoe.eu,,
2021-01-25 00:00:00,Germany,Germany,DE,538.84,617.22,38.70,24.60,entsoe.eu,,
2021-01-26 00:00:00,Germany,Germany,DE,483.76,554.95,46.03,34.07,entsoe.eu,,
2021-01-27 00:00:00,Germany,Germany,DE,490.30,562.16,45.13,32.93,entsoe.eu,,
2021-01-28 00:00:00,Germany,Germany,DE,471.68,543.94,45.71,30.73,entsoe.eu,,
2021-01-29 00:00:00,Germany,Germany,DE,353.75,413.31,60.55,46.61,entsoe.eu,,
2021-01-30 00:00:00,Germany,Germany,DE,436.68,506.92,51.10,32.54,entsoe.eu,,
2021-01-31 00:00:00,Germany,Germany,DE,433.03,502.50,52.89,33.24,entsoe.eu,,
2021-02-01 00:00:00,Germany,Germany,DE,482.01,552.93,46.39,30.69,entsoe.eu,,
2021-02-02 00:00:00,Germany,Germany,DE,458.23,529.72,47.22,30.76,entsoe.eu,,
2021-02-03 00:00:00,Germany,Germany,DE,343.15,402.38,61.05,47.09,entsoe.eu,,
2021-02-04 00:00:00,Germany,Germany,DE,430.72,499.45,50.50,37.75,entsoe.eu,,
2021-02-05 00:00:00,Germany,Germany,DE,396.88,463.92,54.20,40.88,entsoe.eu,,
2021-02-06 00:00:00,Germany,Germany,DE,220.32,272.63,73.46,59.56,entsoe.eu,,
2021-02-07 00:00:00,Germany,Germany,DE,210.05,261.14,74.71,62.63,entsoe.eu,,
2021-02-08 00:00:00,Germany,Germany,DE,399.78,465.00,54.14,42.66,entsoe.eu,,
2021-02-09 00:00:00,Germany,Germany,DE,504.49,579.89,42.07,29.52,entsoe.eu,,
2021-02-10 00:00:00,Germany,Germany,DE,509.93,586.04,41.09,28.02,entsoe.eu,,
2021-02-11 00:00:00,Germany,Germany,DE,524.65,602.90,38.66,24.61,entsoe.eu,,
2021-02-12 00:00:00,Germany,Germany,DE,457.96,532.09,45.20,32.53,entsoe.eu,,
2021-02-13 00:00:00,Germany,Germany,DE,462.63,539.27,45.04,31.36,entsoe.eu,,
2021-02-14 00:00:00,Germany,Germany,DE,368.05,435.47,56.54,42.86,entsoe.eu,,
2021-02-15 00:00:00,Germany,Germany,DE,375.02,439.11,56.22,45.22,entsoe.eu,,
2021-02-16 00:00:00,Germany,Germany,DE,397.48,465.22,52.77,39.27,entsoe.eu,,
2021-02-17 00:00:00,Germany,Germany,DE,309.97,369.73,62.70,49.74,entsoe.eu,,
2021-02-18 00:00:00,Germany,Germany,DE,287.27,345.41,65.52,52.24,entsoe.eu,,
2021-02-19 00:00:00,Germany,Germany,DE,311.68,372.46,62.77,49.66,entsoe.eu,,
2021-02-20 00:00:00,Germany,Germany,DE,191.75,244.39,76.32,58.74,entsoe.eu,,
2021-02-21 00:00:00,Germany,Germany,DE,234.86,292.44,71.93,53.28,entsoe.eu,,
2021-02-22 00:00:00,Germany,Germany,DE,331.98,397.33,59.33,44.38,entsoe.eu,,
2021-02-23 00:00:00,Germany,Germany,DE,286.00,346.11,65.17,49.69,entsoe.eu,,
2021-02-24 00:00:00,Germany,Germany,DE,248.00,302.18,71.65,56.20,entsoe.eu,,
2021-02-25 00:00:00,Germany,Germany,DE,302.56,364.67,64.60,49.67,entsoe.eu,,
2021-02-26 00:00:00,Germany,Germany,DE,326.07,392.26,60.56,45.41,entsoe.eu,,
2021-02-27 00:00:00,Germany,Germany,DE,339.72,409.53,59.44,41.37,entsoe.eu,,
2021-02-28 00:00:00,Germany,Germany,DE,338.18,408.10,60.61,42.14,entsoe.eu,,
2021-03-01 00:00:00,Germany,Germany,DE,432.99,508.77,49.04,34.34,entsoe.eu,,
2021-03-02 00:00:00,Germany,Germany,DE,450.86,527.76,46.67,33.06,entsoe.eu,,
2021-03-03 00:00:00,Germany,Germany,DE,460.66,536.76,46.28,33.14,entsoe.eu,,
2021-03-04 00:00:00,Germany,Germany,DE,437.68,511.19,48.76,35.65,entsoe.eu,,
2021-03-05 00:00:00,Germany,Germany,DE,428.13,503.42,48.57,34.34,entsoe.eu,,
2021-03-06 00:00:00,Germany,Germany,DE,351.99,419.17,59.62,46.05,entsoe.eu,,
2021-03-07 00:00:00,Germany,Germany,DE,342.51,408.92,60.31,46.78,entsoe.eu,,
2021-03-08 00:00:00,Germany,Germany,DE,492.33,571.13,43.10,29.71,entsoe.eu,,
2021-03-09 00:00:00,Germany,Germany,DE,513.39,593.65,40.11,26.98,entsoe.eu,,
2021-03-10 00:00:00,Germany,Germany,DE,379.08,446.74,55.16,42.57,entsoe.eu,,
2021-03-11 00:00:00,Germany,Germany,DE,149.36,192.61,82.17,71.17,entsoe.eu,,
2021-03-12 00:00:00,Germany,Germany,DE,134.43,177.33,83.96,73.09,entsoe.eu,,
2021-03-13 00:00:00,Germany,Germany,DE,121.17,163.23,85.40,74.87,entsoe.eu,,
2021-03-14 00:00:00,Germany,Germany,DE,148.03,195.55,82.03,67.54,entsoe.eu,,
2021-03-15 00:00:00,Germany,Germany,DE,256.44,310.88,70.69,57.87,entsoe.eu,,
2021-03-16 00:00:00,Germany,Germany,DE,364.01,430.30,57.33,43.97,entsoe.eu,,
2021-03-17 00:00:00,Germany,Germany,DE,432.63,508.46,47.57,31.92,entsoe.eu,,
2021-03-18 00:00:00,Germany,Germany,DE,469.35,549.81,43.08,28.15,entsoe.eu,,
2021-03-19 00:00:00,Germany,Germany,DE,382.86,453.60,54.02,39.70,entsoe.eu,,
2021-03-20 00:00:00,Germany,Germany,DE,342.48,412.24,58.50,46.37,entsoe.eu,,
2021-03-21 00:00:00,Germany,Germany,DE,242.82,300.04,70.59,60.05,entsoe.eu,,
2021-03-22 00:00:00,Germany,Germany,DE,429.35,504.32,48.41,37.35,entsoe.eu,,
2021-03-23 00:00:00,Germany,Germany,DE,482.39,562.49,41.73,30.31,entsoe.eu,,
2021-03-24 00:00:00,Germany,Germany,DE,409.92,483.65,50.74,39.91,entsoe.eu,,
2021-03-25 00:00:00,Germany,Germany,DE,448.64,525.61,46.84,35.39,entsoe.eu,,
2021-03-26 00:00:00,Germany,Germany,DE,306.62,368.72,65.17,53.34,entsoe.eu,,
2021-03-27 00:00:00,Germany,Germany,DE,168.12,217.77,80.21,69.89,entsoe.eu,,
2021-03-28 00:00:00,Germany,Germany,DE,171.75,223.80,79.60,68.42,entsoe.eu,,
2021-03-29 00:00:00,Germany,Germany,DE,226.52,281.49,73.52,62.27,entsoe.eu,,
2021-03-30 00:00:00,Germany,Germany,DE,341.19,410.55,59.45,46.24,entsoe.eu,,
2021-03-31 00:00:00,Germany,Germany,DE,372.89,449.53,53.42,38.45,entsoe.eu,,
2021-04-01 00:00:00,Germany,Germany,DE,289.02,352.69,65.51,52.06,entsoe.eu,,
2021-04-02 00:00:00,Germany,Germany,DE,199.84,256.57,76.38,63.14,entsoe.eu,,
2021-04-03 00:00:00,Germany,Germany,DE,186.72,245.20,77.45,59.53,entsoe.eu,,
2021-04-04 00:00:00,Germany,Germany,DE,183.95,241.14,78.33,62.96,entsoe.eu,,
2021-04-05 00:00:00,Germany,Germany,DE,133.27,179.56,84.01,74.03,entsoe.eu,,
2021-04-06 00:00:00,Germany,Germany,DE,220.15,273.31,74.22,64.03,entsoe.eu,,
2021-04-07 00:00:00,Germany,Germany,DE,262.47,316.98,70.09,60.41,entsoe.eu,,
2021-04-08 00:00:00,Germany,Germany,DE,304.00,364.16,64.97,54.97,entsoe.eu,,
2021-04-09 00:00:00,Germany,Germany,DE,302.97,365.19,64.89,54.49,entsoe.eu,,
2021-04-10 00:00:00,Germany,Germany,DE,371.44,445.65,55.57,42.83,entsoe.eu,,
2021-04-11 00:00:00,Germany,Germany,DE,286.47,347.82,68.07,56.20,entsoe.eu,,
2021-04-12 00:00:00,Germany,Germany,DE,424.73,496.68,51.04,40.85,entsoe.eu,,
2021-04-13 00:00:00,Germany,Germany,DE,393.51,462.78,54.50,44.52,entsoe.eu,,
2021-04-14 00:00:00,Germany,Germany,DE,455.23,531.91,46.97,36.40,entsoe.eu,,
2021-04-15 00:00:00,Germany,Germany,DE,434.37,510.08,48.66,38.07,entsoe.eu,,
2021-04-16 00:00:00,Germany,Germany,DE,418.12,491.32,51.12,38.76,entsoe.eu,,
2021-04-17 00:00:00,Germany,Germany,DE,401.00,474.70,53.50,39.53,entsoe.eu,,
2021-04-18 00:00:00,Germany,Germany,DE,445.48,524.63,48.29,33.26,entsoe.eu,,
2021-04-19 00:00:00,Germany,Germany,DE,466.19,544.65,45.71,32.21,entsoe.eu,,
2021-04-20 00:00:00,Germany,Germany,DE,459.48,537.85,46.15,33.43,entsoe.eu,,
2021-04-21 00:00:00,Germany,Germany,DE,344.08,408.52,61.12,49.04,entsoe.eu,,
2021-04-22 00:00:00,Germany,Germany,DE,271.00,328.84,69.06,57.23,entsoe.eu,,
2021-04-23 00:00:00,Germany,Germany,DE,306.11,371.07,63.99,50.59,entsoe.eu,,
2021-04-24 00:00:00,Germany,Germany,DE,258.80,322.73,69.62,54.07,entsoe.eu,,
2021-04-25 00:00:00,Germany,Germany,DE,246.39,310.88,70.60,52.39,entsoe.eu,,
2021-04-26 00:00:00,Germany,Germany,DE,364.69,435.29,57.71,43.50,entsoe.eu,,
2021-04-27 00:00:00,Germany,Germany,DE,344.17,409.67,60.90,48.71,entsoe.eu,,
2021-04-28 00:00:00,Germany,Germany,DE,365.16,432.75,58.57,46.43,entsoe.eu,,
2021-04-29 00:00:00,Germany,Germany,DE,356.56,421.15,59.90,48.04,entsoe.eu,,
2021-04-30 00:00:00,Germany,Germany,DE,454.34,530.90,48.29,34.83,entsoe.eu,,
2021-05-01 00:00:00,Germany,Germany,DE,363.93,437.79,59.25,43.15,entsoe.eu,,
2021-05-02 00:00:00,Germany,Germany,DE,283.37,346.55,67.77,53.80,entsoe.eu,,
2021-05-03 00:00:00,Germany,Germany,DE,291.02,353.37,66.45,54.97,entsoe.eu,,
2021-05-04 00:00:00,Germany,Germany,DE,148.21,192.44,82.68,73.51,entsoe.eu,,
2021-05-05 00:00:00,Germany,Germany,DE,190.33,238.80,78.39,69.20,entsoe.eu,,
2021-05-06 00:00:00,Germany,Germany,DE,357.78,426.27,57.97,46.75,entsoe.eu,,
2021-05-07 00:00:00,Germany,Germany,DE,327.93,393.14,62.07,50.93,entsoe.eu,,
2021-05-08 00:00:00,Germany,Germany,DE,212.73,272.32,75.31,60.88,entsoe.eu,,
2021-05-09 00:00:00,Germany,Germany,DE,140.21,192.07,83.53,70.63,entsoe.eu,,
2021-05-10 00:00:00,Germany,Germany,DE,266.56,326.78,69.58,56.29,entsoe.eu,,
2021-05-11 00:00:00,Germany,Germany,DE,393.70,464.65,55.61,42.27,entsoe.eu,,
2021-05-12 00:00:00,Germany,Germany,DE,378.64,449.97,56.70,42.44,entsoe.eu,,
2021-05-13 00:00:00,Germany,Germany,DE,273.16,340.90,68.75,50.25,entsoe.eu,,
2021-05-14 00:00:00,Germany,Germany,DE,278.11,345.79,67.41,50.80,entsoe.eu,,
2021-05-15 00:00:00,Germany,Germany,DE,241.66,305.00,72.50,54.50,entsoe.eu,,
2021-05-16 00:00:00,Germany,Germany,DE,237.08,298.75,73.34,54.04,entsoe.eu,,
2021-05-17 00:00:00,Germany,Germany,DE,282.77,345.52,67.55,51.24,entsoe.eu,,
2021-05-18 00:00:00,Germany,Germany,DE,331.29,397.40,62.43,46.56,entsoe.eu,,
2021-05-19 00:00:00,Germany,Germany,DE,339.81,408.43,60.59,44.61,entsoe.eu,,
2021-05-20 00:00:00,Germany,Germany,DE,301.85,366.67,65.18,49.72,entsoe.eu,,
2021-05-21 00:00:00,Germany,Germany,DE,139.86,187.37,83.47,69.37,entsoe.eu,,
2021-05-22 00:00:00,Germany,Germany,DE,118.83,164.29,86.49,73.98,entsoe.eu,,
2021-05-23 00:00:00,Germany,Germany,DE,165.73,219.24,81.56,65.30,entsoe.eu,,
2021-05-24 00:00:00,Germany,Germany,DE,177.46,230.07,80.28,63.74,entsoe.eu,,
2021-05-25 00:00:00,Germany,Germany,DE,232.87,285.86,74.82,61.08,entsoe.eu,,
2021-05-26 00:00:00,Germany,Germany,DE,266.19,321.21,71.27,59.10,entsoe.eu,,
2021-05-27 00:00:00,Germany,Germany,DE,332.76,394.05,63.55,50.94,entsoe.eu,,
2021-05-28 00:00:00,Germany,Germany,DE,377.69,447.66,57.37,42.76,entsoe.eu,,
2021-05-29 00:00:00,Germany,Germany,DE,291.63,356.45,67.88,49.85,entsoe.eu,,
2021-05-30 00:00:00,Germany,Germany,DE,236.46,298.98,72.94,52.83,entsoe.eu,,
2021-05-31 00:00:00,Germany,Germany,DE,311.31,376.84,64.57,48.04,entsoe.eu,,
2021-06-01 00:00:00,Germany,Germany,DE,305.83,369.95,65.30,49.43,entsoe.eu,,
2021-06-02 00:00:00,Germany,Germany,DE,266.27,324.91,70.85,56.24,entsoe.eu,,
2021-06-03 00:00:00,Germany,Germany,DE,294.59,356.23,68.02,53.74,entsoe.eu,,
2021-06-04 00:00:00,Germany,Germany,DE,353.89,421.15,60.30,43.69,entsoe.eu,,
2021-06-05 00:00:00,Germany,Germany,DE,326.85,392.23,64.64,45.68,entsoe.eu,,
2021-06-06 00:00:00,Germany,Germany,DE,335.98,402.72,63.61,43.21,entsoe.eu,,
2021-06-07 00:00:00,Germany,Germany,DE,395.33,466.69,54.38,38.20,entsoe.eu,,
2021-06-08 00:00:00,Germany,Germany,DE,407.63,479.58,53.15,37.66,entsoe.eu,,
2021-06-09 00:00:00,Germany,Germany,DE,406.06,477.17,53.93,38.07,entsoe.eu,,
2021-06-10 00:00:00,Germany,Germany,DE,397.13,467.98,54.71,39.05,entsoe.eu,,
2021-06-11 00:00:00,Germany,Germany,DE,364.52,432.14,59.42,45.02,entsoe.eu,,
2021-06-12 00:00:00,Germany,Germany,DE,193.90,247.07,78.55,65.95,entsoe.eu,,
2021-06-13 00:00:00,Germany,Germany,DE,216.51,274.58,76.34,62.05,entsoe.eu,,
2021-06-14 00:00:00,Germany,Germany,DE,330.29,394.64,64.17,50.94,entsoe.eu,,
2021-06-15 00:00:00,Germany,Germany,DE,403.33,474.32,55.23,42.45,entsoe.eu,,
2021-06-16 00:00:00,Germany,Germany,DE,399.33,469.10,55.16,43.59,entsoe.eu,,
2021-06-17 00:00:00,Germany,Germany,DE,359.30,423.44,60.16,49.44,entsoe.eu,,
2021-06-18 00:00:00,Germany,Germany,DE,389.53,455.89,57.10,45.49,entsoe.eu,,
2021-06-19 00:00:00,Germany,Germany,DE,339.48,403.60,63.37,50.48,entsoe.eu,,
2021-06-20 00:00:00,Germany,Germany,DE,278.76,337.41,70.21,55.91,entsoe.eu,,
2021-06-21 00:00:00,Germany,Germany,DE,349.00,411.44,61.70,49.33,entsoe.eu,,
2021-06-22 00:00:00,Germany,Germany,DE,413.19,482.85,53.13,39.59,entsoe.eu,,
2021-06-23 00:00:00,Germany,Germany,DE,454.04,527.61,48.80,34.69,entsoe.eu,,
2021-06-24 00:00:00,Germany,Germany,DE,451.29,525.83,48.31,33.36,entsoe.eu,,
2021-06-25 00:00:00,Germany,Germany,DE,442.58,516.76,49.79,34.88,entsoe.eu,,
2021-06-26 00:00:00,Germany,Germany,DE,375.24,443.59,59.64,42.69,entsoe.eu,,
2021-06-27 00:00:00,Germany,Germany,DE,319.20,383.63,65.74,47.77,entsoe.eu,,
2021-06-28 00:00:00,Germany,Germany,DE,404.12,472.41,55.11,41.55,entsoe.eu,,
2021-06-29 00:00:00,Germany,Germany,DE,409.20,477.63,53.76,39.68,entsoe.eu,,
2021-06-30 00:00:00,Germany,Germany,DE,404.65,472.45,54.68,40.94,entsoe.eu,,
2021-07-01 00:00:00,Germany,Germany,DE,386.45,453.14,56.55,43.48,entsoe.eu,,
2021-07-02 00:00:00,Germany,Germany,DE,406.68,477.82,53.79,40.58,entsoe.eu,,
2021-07-03 00:00:00,Germany,Germany,DE,397.09,467.63,57.60,42.33,entsoe.eu,,
2021-07-04 00:00:00,Germany,Germany,DE,399.82,470.37,57.50,41.32,entsoe.eu,,
2021-07-05 00:00:00,Germany,Germany,DE,412.05,480.77,55.06,40.18,entsoe.eu,,
2021-07-06 00:00:00,Germany,Germany,DE,296.18,353.06,68.27,55.07,entsoe.eu,,
2021-07-07 00:00:00,Germany,Germany,DE,408.26,476.82,54.69,40.08,entsoe.eu,,
2021-07-08 00:00:00,Germany,Germany,DE,455.50,528.43,49.05,33.51,entsoe.eu,,
2021-07-09 00:00:00,Germany,Germany,DE,406.82,475.98,54.10,39.61,entsoe.eu,,
2021-07-10 00:00:00,Germany,Germany,DE,363.98,428.74,62.17,46.55,entsoe.eu,,
2021-07-11 00:00:00,Germany,Germany,DE,381.69,449.22,60.03,42.65,entsoe.eu,,
2021-07-12 00:00:00,Germany,Germany,DE,394.09,461.64,56.96,41.69,entsoe.eu,,
2021-07-13 00:00:00,Germany,Germany,DE,420.59,490.39,52.84,36.04,entsoe.eu,,
2021-07-14 00:00:00,Germany,Germany,DE,379.69,444.83,58.15,40.43,entsoe.eu,,
2021-07-15 00:00:00,Germany,Germany,DE,342.96,408.99,60.00,43.11,entsoe.eu,,
2021-07-16 00:00:00,Germany,Germany,DE,337.42,401.37,62.48,45.84,entsoe.eu,,
2021-07-17 00:00:00,Germany,Germany,DE,223.19,277.81,75.96,57.41,entsoe.eu,,
2021-07-18 00:00:00,Germany,Germany,DE,194.71,249.75,78.63,60.19,entsoe.eu,,
2021-07-19 00:00:00,Germany,Germany,DE,332.17,396.52,62.93,45.55,entsoe.eu,,
2021-07-20 00:00:00,Germany,Germany,DE,356.28,423.16,60.02,43.23,entsoe.eu,,
2021-07-21 00:00:00,Germany,Germany,DE,377.16,446.42,57.06,40.18,entsoe.eu,,
2021-07-22 00:00:00,Germany,Germany,DE,386.60,456.48,56.36,40.30,entsoe.eu,,
2021-07-23 00:00:00,Germany,Germany,DE,374.76,443.69,58.18,40.90,entsoe.eu,,
2021-07-24 00:00:00,Germany,Germany,DE,292.75,353.30,69.23,51.51,entsoe.eu,,
2021-07-25 00:00:00,Germany,Germany,DE,292.98,354.38,68.89,49.65,entsoe.eu,,
2021-07-26 00:00:00,Germany,Germany,DE,391.78,459.06,57.48,39.80,entsoe.eu,,
2021-07-27 00:00:00,Germany,Germany,DE,374.62,438.97,60.01,43.25,entsoe.eu,,
2021-07-28 00:00:00,Germany,Germany,DE,280.40,335.88,70.35,52.97,entsoe.eu,,
2021-07-29 00:00:00,Germany,Germany,DE,162.34,208.56,82.52,68.49,entsoe.eu,,
2021-07-30 00:00:00,Germany,Germany,DE,217.19,269.74,76.95,59.79,entsoe.eu,,
2021-07-31 00:00:00,Germany,Germany,DE,143.87,190.88,84.03,67.94,entsoe.eu,,
2021-08-01 00:00:00,Germany,Germany,DE,228.14,285.87,75.25,52.94,entsoe.eu,,
2021-08-02 00:00:00,Germany,Germany,DE,298.43,355.51,69.33,51.53,entsoe.eu,,
2021-08-03 00:00:00,Germany,Germany,DE,403.14,469.27,58.11,38.68,entsoe.eu,,
2021-08-04 00:00:00,Germany,Germany,DE,413.39,481.63,56.14,36.83,entsoe.eu,,
2021-08-05 00:00:00,Germany,Germany,DE,371.07,435.42,60.98,41.55,entsoe.eu,,
2021-08-06 00:00:00,Germany,Germany,DE,257.82,313.12,72.96,55.01,entsoe.eu,,
2021-08-07 00:00:00,Germany,Germany,DE,231.10,287.91,75.05,54.10,entsoe.eu,,
2021-08-08 00:00:00,Germany,Germany,DE,145.34,194.34,83.64,67.10,entsoe.eu,,
2021-08-09 00:00:00,Germany,Germany,DE,246.94,301.88,74.02,56.88,entsoe.eu,,
2021-08-10 00:00:00,Germany,Germany,DE,341.71,403.35,64.63,47.11,entsoe.eu,,
2021-08-11 00:00:00,Germany,Germany,DE,372.07,438.04,60.90,43.20,entsoe.eu,,
2021-08-12 00:00:00,Germany,Germany,DE,373.37,440.00,60.25,42.83,entsoe.eu,,
2021-08-13 00:00:00,Germany,Germany,DE,337.94,398.68,65.29,50.01,entsoe.eu,,
2021-08-14 00:00:00,Germany,Germany,DE,242.81,299.28,74.61,58.52,entsoe.eu,,
2021-08-15 00:00:00,Germany,Germany,DE,260.31,319.98,72.03,51.70,entsoe.eu,,
2021-08-16 00:00:00,Germany,Germany,DE,214.45,262.96,77.16,62.23,entsoe.eu,,
2021-08-17 00:00:00,Germany,Germany,DE,201.22,248.83,78.66,65.57,entsoe.eu,,
2021-08-18 00:00:00,Germany,Germany,DE,252.83,305.35,73.22,59.10,entsoe.eu,,
2021-08-19 00:00:00,Germany,Germany,DE,367.77,429.79,61.71,46.29,entsoe.eu,,
2021-08-20 00:00:00,Germany,Germany,DE,429.51,497.20,55.97,38.83,entsoe.eu,,
2021-08-21 00:00:00,Germany,Germany,DE,380.78,449.15,60.49,41.39,entsoe.eu,,
2021-08-22 00:00:00,Germany,Germany,DE,318.77,380.46,66.61,45.94,entsoe.eu,,
2021-08-23 00:00:00,Germany,Germany,DE,363.88,425.15,62.20,45.73,entsoe.eu,,
2021-08-24 00:00:00,Germany,Germany,DE,387.41,450.87,60.06,42.97,entsoe.eu,,
2021-08-25 00:00:00,Germany,Germany,DE,298.60,355.30,68.97,54.47,entsoe.eu,,
2021-08-26 00:00:00,Germany,Germany,DE,326.90,384.89,65.90,50.80,entsoe.eu,,
2021-08-27 00:00:00,Germany,Germany,DE,329.77,388.53,65.49,50.40,entsoe.eu,,
2021-08-28 00:00:00,Germany,Germany,DE,298.44,357.75,68.85,49.20,entsoe.eu,,
2021-08-29 00:00:00,Germany,Germany,DE,329.64,390.71,65.77,45.46,entsoe.eu,,
2021-08-30 00:00:00,Germany,Germany,DE,384.32,445.95,60.50,43.96,entsoe.eu,,
2021-08-31 00:00:00,Germany,Germany,DE,403.40,467.34,57.83,41.57,entsoe.eu,,
2021-09-01 00:00:00,Germany,Germany,DE,426.36,493.21,54.76,37.79,entsoe.eu,,
2021-09-02 00:00:00,Germany,Germany,DE,433.44,501.45,54.15,37.71,entsoe.eu,,
2021-09-03 00:00:00,Germany,Germany,DE,411.81,477.28,57.27,42.13,entsoe.eu,,
2021-09-04 00:00:00,Germany,Germany,DE,418.93,486.49,57.04,39.44,entsoe.eu,,
2021-09-05 00:00:00,Germany,Germany,DE,383.91,450.19,60.21,42.56,entsoe.eu,,
2021-09-06 00:00:00,Germany,Germany,DE,469.23,539.81,50.60,34.15,entsoe.eu,,
2021-09-07 00:00:00,Germany,Germany,DE,473.23,544.63,49.60,32.65,entsoe.eu,,
2021-09-08 00:00:00,Germany,Germany,DE,444.56,513.10,52.72,37.68,entsoe.eu,,
2021-09-09 00:00:00,Germany,Germany,DE,456.10,525.52,51.22,36.47,entsoe.eu,,
2021-09-10 00:00:00,Germany,Germany,DE,491.16,563.15,47.67,32.32,entsoe.eu,,
2021-09-11 00:00:00,Germany,Germany,DE,465.08,534.04,52.19,36.31,entsoe.eu,,
2021-09-12 00:00:00,Germany,Germany,DE,409.10,475.64,57.66,42.00,entsoe.eu,,
2021-09-13 00:00:00,Germany,Germany,DE,498.02,569.57,47.92,32.21,entsoe.eu,,
2021-09-14 00:00:00,Germany,Germany,DE,467.68,538.12,50.22,35.33,entsoe.eu,,
2021-09-15 00:00:00,Germany,Germany,DE,464.33,533.56,50.09,34.91,entsoe.eu,,
2021-09-16 00:00:00,Germany,Germany,DE,434.75,500.85,53.29,40.54,entsoe.eu,,
2021-09-17 00:00:00,Germany,Germany,DE,481.52,552.43,48.84,33.89,entsoe.eu,,
2021-09-18 00:00:00,Germany,Germany,DE,469.85,539.61,52.22,37.05,entsoe.eu,,
2021-09-19 00:00:00,Germany,Germany,DE,431.97,499.41,55.96,39.54,entsoe.eu,,
2021-09-20 00:00:00,Germany,Germany,DE,513.81,588.72,44.97,27.61,entsoe.eu,,
2021-09-21 00:00:00,Germany,Germany,DE,469.81,538.49,50.86,35.28,entsoe.eu,,
2021-09-22 00:00:00,Germany,Germany,DE,453.92,521.12,52.94,38.52,entsoe.eu,,
2021-09-23 00:00:00,Germany,Germany,DE,260.89,311.76,72.75,61.39,entsoe.eu,,
2021-09-24 00:00:00,Germany,Germany,DE,349.33,407.25,64.00,52.22,entsoe.eu,,
2021-09-25 00:00:00,Germany,Germany,DE,460.50,531.20,52.92,39.27,entsoe.eu,,
2021-09-26 00:00:00,Germany,Germany,DE,457.60,528.14,53.51,38.39,entsoe.eu,,
2021-09-27 00:00:00,Germany,Germany,DE,457.11,524.34,52.64,39.75,entsoe.eu,,
2021-09-28 00:00:00,Germany,Germany,DE,505.96,578.24,47.44,34.07,entsoe.eu,,
2021-09-29 00:00:00,Germany,Germany,DE,372.62,431.15,62.17,50.60,entsoe.eu,,
2021-09-30 00:00:00,Germany,Germany,DE,308.45,363.05,68.19,58.73,entsoe.eu,,
2021-10-01 00:00:00,Germany,Germany,DE,295.27,350.54,69.16,59.11,entsoe.eu,,
2021-10-02 00:00:00,Germany,Germany,DE,287.10,344.90,69.92,57.12,entsoe.eu,,
2021-10-03 00:00:00,Germany,Germany,DE,178.35,227.70,79.91,68.92,entsoe.eu,,
2021-10-04 00:00:00,Germany,Germany,DE,413.99,478.96,56.43,42.75,entsoe.eu,,
2021-10-05 00:00:00,Germany,Germany,DE,396.51,458.62,58.86,45.44,entsoe.eu,,
2021-10-06 00:00:00,Germany,Germany,DE,405.50,470.32,57.12,43.09,entsoe.eu,,
2021-10-07 00:00:00,Germany,Germany,DE,524.41,602.17,43.08,28.78,entsoe.eu,,
2021-10-08 00:00:00,Germany,Germany,DE,478.96,551.12,49.06,36.21,entsoe.eu,,
2021-10-09 00:00:00,Germany,Germany,DE,385.63,450.98,60.17,46.99,entsoe.eu,,
2021-10-10 00:00:00,Germany,Germany,DE,427.71,497.32,56.19,41.55,entsoe.eu,,
2021-10-11 00:00:00,Germany,Germany,DE,428.10,492.98,55.51,44.09,entsoe.eu,,
2021-10-12 00:00:00,Germany,Germany,DE,457.35,524.90,51.84,40.81,entsoe.eu,,
2021-10-13 00:00:00,Germany,Germany,DE,502.50,575.35,46.24,34.95,entsoe.eu,,
2021-10-14 00:00:00,Germany,Germany,DE,418.60,482.26,55.88,44.20,entsoe.eu,,
2021-10-15 00:00:00,Germany,Germany,DE,349.92,408.41,63.34,51.55,entsoe.eu,,
2021-10-16 00:00:00,Germany,Germany,DE,449.56,518.17,53.71,39.62,entsoe.eu,,
2021-10-17 00:00:00,Germany,Germany,DE,467.31,537.18,52.39,37.22,entsoe.eu,,
2021-10-18 00:00:00,Germany,Germany,DE,464.38,533.36,51.22,37.79,entsoe.eu,,
2021-10-19 00:00:00,Germany,Germany,DE,367.57,426.44,61.46,48.71,entsoe.eu,,
2021-10-20 00:00:00,Germany,Germany,DE,192.40,237.46,79.25,67.66,entsoe.eu,,
2021-10-21 00:00:00,Germany,Germany,DE,193.64,238.32,79.10,68.61,entsoe.eu,,
2021-10-22 00:00:00,Germany,Germany,DE,215.25,262.38,76.84,66.53,entsoe.eu,,
2021-10-23 00:00:00,Germany,Germany,DE,375.70,439.26,60.36,46.43,entsoe.eu,,
2021-10-24 00:00:00,Germany,Germany,DE,320.53,378.62,67.29,52.85,entsoe.eu,,
2021-10-25 00:00:00,Germany,Germany,DE,420.43,486.17,54.87,41.77,entsoe.eu,,
2021-10-26 00:00:00,Germany,Germany,DE,400.33,463.49,57.32,44.62,entsoe.eu,,
2021-10-27 00:00:00,Germany,Germany,DE,381.29,441.36,60.20,47.54,entsoe.eu,,
2021-10-28 00:00:00,Germany,Germany,DE,409.59,471.99,57.74,44.11,entsoe.eu,,
2021-10-29 00:00:00,Germany,Germany,DE,353.17,411.19,63.74,50.80,entsoe.eu,,
2021-10-30 00:00:00,Germany,Germany,DE,297.83,354.25,69.15,54.20,entsoe.eu,,
2021-10-31 00:00:00,Germany,Germany,DE,230.25,283.29,75.49,59.58,entsoe.eu,,
2021-11-01 00:00:00,Germany,Germany,DE,285.26,342.18,69.46,53.41,entsoe.eu,,
2021-11-02 00:00:00,Germany,Germany,DE,483.78,558.77,46.36,30.76,entsoe.eu,,
2021-11-03 00:00:00,Germany,Germany,DE,524.35,603.00,41.22,25.85,entsoe.eu,,
2021-11-04 00:00:00,Germany,Germany,DE,444.59,512.95,51.15,38.57,entsoe.eu,,
2021-11-05 00:00:00,Germany,Germany,DE,422.13,486.97,54.56,41.91,entsoe.eu,,
2021-11-06 00:00:00,Germany,Germany,DE,289.11,343.68,69.33,56.91,entsoe.eu,,
2021-11-07 00:00:00,Germany,Germany,DE,211.20,260.19,76.95,65.74,entsoe.eu,,
2021-11-08 00:00:00,Germany,Germany,DE,464.03,536.28,48.44,35.50,entsoe.eu,,
2021-11-09 00:00:00,Germany,Germany,DE,454.49,523.59,50.66,38.72,entsoe.eu,,
2021-11-10 00:00:00,Germany,Germany,DE,520.23,595.16,43.38,29.90,entsoe.eu,,
2021-11-11 00:00:00,Germany,Germany,DE,527.83,606.91,40.62,26.31,entsoe.eu,,
2021-11-12 00:00:00,Germany,Germany,DE,483.03,556.99,45.94,33.17,entsoe.eu,,
2021-11-13 00:00:00,Germany,Germany,DE,511.61,588.38,44.21,29.94,entsoe.eu,,
2021-11-14 00:00:00,Germany,Germany,DE,511.35,587.77,45.04,30.03,entsoe.eu,,
2021-11-15 00:00:00,Germany,Germany,DE,531.09,609.71,40.34,26.94,entsoe.eu,,
2021-11-16 00:00:00,Germany,Germany,DE,565.98,648.43,35.53,20.95,entsoe.eu,,
2021-11-17 00:00:00,Germany,Germany,DE,461.30,529.21,50.04,38.22,entsoe.eu,,
2021-11-18 00:00:00,Germany,Germany,DE,352.19,408.93,63.02,52.40,entsoe.eu,,
2021-11-19 00:00:00,Germany,Germany,DE,345.68,401.86,63.77,53.08,entsoe.eu,,
2021-11-20 00:00:00,Germany,Germany,DE,378.82,439.91,60.49,48.08,entsoe.eu,,
2021-11-21 00:00:00,Germany,Germany,DE,444.36,513.08,52.97,39.42,entsoe.eu,,
2021-11-22 00:00:00,Germany,Germany,DE,460.43,533.14,47.59,34.94,entsoe.eu,,
2021-11-23 00:00:00,Germany,Germany,DE,466.82,540.29,46.81,34.77,entsoe.eu,,
2021-11-24 00:00:00,Germany,Germany,DE,521.74,599.14,40.95,28.88,entsoe.eu,,
2021-11-25 00:00:00,Germany,Germany,DE,493.81,567.70,44.57,33.04,entsoe.eu,,
2021-11-26 00:00:00,Germany,Germany,DE,463.33,532.16,49.52,38.31,entsoe.eu,,
2021-11-27 00:00:00,Germany,Germany,DE,506.54,581.45,44.47,32.12,entsoe.eu,,
2021-11-28 00:00:00,Germany,Germany,DE,541.02,618.32,41.60,28.20,entsoe.eu,,
2021-11-29 00:00:00,Germany,Germany,DE,515.19,588.68,43.45,31.35,entsoe.eu,,
2021-11-30 00:00:00,Germany,Germany,DE,309.33,362.12,66.83,57.36,entsoe.eu,,
2021-12-01 00:00:00,Germany,Germany,DE,252.48,301.19,72.41,62.90,entsoe.eu,,
2021-12-02 00:00:00,Germany,Germany,DE,423.01,488.77,53.20,42.27,entsoe.eu,,
2021-12-03 00:00:00,Germany,Germany,DE,322.32,377.69,64.85,54.45,entsoe.eu,,
2021-12-04 00:00:00,Germany,Germany,DE,448.80,519.94,50.13,36.51,entsoe.eu,,
2021-12-05 00:00:00,Germany,Germany,DE,449.48,520.83,50.53,37.28,entsoe.eu,,
2021-12-06 00:00:00,Germany,Germany,DE,489.91,563.71,44.51,32.82,entsoe.eu,,
2021-12-07 00:00:00,Germany,Germany,DE,432.97,499.69,51.57,41.07,entsoe.eu,,
2021-12-08 00:00:00,Germany,Germany,DE,420.11,485.17,53.56,43.07,entsoe.eu,,
2021-12-09 00:00:00,Germany,Germany,DE,530.32,607.78,40.19,28.57,entsoe.eu,,
2021-12-10 00:00:00,Germany,Germany,DE,521.26,599.51,40.45,27.48,entsoe.eu,,
2021-12-11 00:00:00,Germany,Germany,DE,499.19,576.39,43.53,30.02,entsoe.eu,,
2021-12-12 00:00:00,Germany,Germany,DE,402.50,467.08,56.96,44.16,entsoe.eu,,
2021-12-13 00:00:00,Germany,Germany,DE,476.91,549.98,46.36,34.57,entsoe.eu,,
2021-12-14 00:00:00,Germany,Germany,DE,495.43,570.01,44.43,32.12,entsoe.eu,,
2021-12-15 00:00:00,Germany,Germany,DE,437.89,507.26,50.20,38.43,entsoe.eu,,
2021-12-16 00:00:00,Germany,Germany,DE,493.62,569.51,43.76,31.00,entsoe.eu,,
2021-12-17 00:00:00,Germany,Germany,DE,514.47,592.09,41.87,28.59,entsoe.eu,,
2021-12-18 00:00:00,Germany,Germany,DE,432.14,502.50,51.43,38.40,entsoe.eu,,
2021-12-19 00:00:00,Germany,Germany,DE,338.48,398.41,62.92,51.75,entsoe.eu,,
2021-12-20 00:00:00,Germany,Germany,DE,529.66,608.00,40.80,28.45,entsoe.eu,,
2021-12-21 00:00:00,Germany,Germany,DE,569.15,651.69,35.80,23.10,entsoe.eu,,
2021-12-22 00:00:00,Germany,Germany,DE,530.00,607.71,40.70,28.55,entsoe.eu,,
2021-12-23 00:00:00,Germany,Germany,DE,453.78,520.80,51.82,40.05,entsoe.eu,,
2021-12-24 00:00:00,Germany,Germany,DE,384.28,446.61,59.53,47.05,entsoe.eu,,
2021-12-25 00:00:00,Germany,Germany,DE,472.39,544.17,50.59,34.86,entsoe.eu,,
2021-12-26 00:00:00,Germany,Germany,DE,433.62,500.85,54.34,40.37,entsoe.eu,,
2021-12-27 00:00:00,Germany,Germany,DE,405.63,468.96,57.53,43.84,entsoe.eu,,
2021-12-28 00:00:00,Germany,Germany,DE,360.63,419.34,62.35,48.59,entsoe.eu,,
2021-12-29 00:00:00,Germany,Germany,DE,432.90,497.70,55.31,40.51,entsoe.eu,,
2021-12-30 00:00:00,Germany,Germany,DE,192.93,240.12,78.67,66.91,entsoe.eu,,
2021-12-31 00:00:00,Germany,Germany,DE,145.10,190.88,83.32,72.41,entsoe.eu,,
2022-01-01 00:00:00,Germany,Germany,DE,232.15,289.25,74.36,64.23,entsoe.eu,,
2022-01-02 00:00:00,Germany,Germany,DE,150.31,198.97,82.02,74.04,entsoe.eu,,
2022-01-03 00:00:00,Germany,Germany,DE,243.36,294.29,73.39,67.44,entsoe.eu,,
2022-01-04 00:00:00,Germany,Germany,DE,447.96,516.05,51.83,45.01,entsoe.eu,,
2022-01-05 00:00:00,Germany,Germany,DE,320.04,374.21,66.12,60.44,entsoe.eu,,
2022-01-06 00:00:00,Germany,Germany,DE,470.92,541.52,49.16,41.90,entsoe.eu,,
2022-01-07 00:00:00,Germany,Germany,DE,412.70,475.14,56.60,50.69,entsoe.eu,,
2022-01-08 00:00:00,Germany,Germany,DE,397.95,460.43,58.22,51.68,entsoe.eu,,
2022-01-09 00:00:00,Germany,Germany,DE,410.55,476.43,56.13,50.37,entsoe.eu,,
2022-01-10 00:00:00,Germany,Germany,DE,585.72,671.62,32.71,25.26,entsoe.eu,,
2022-01-11 00:00:00,Germany,Germany,DE,555.33,636.14,36.47,28.81,entsoe.eu,,
2022-01-12 00:00:00,Germany,Germany,DE,545.65,625.52,37.78,30.65,entsoe.eu,,
2022-01-13 00:00:00,Germany,Germany,DE,437.14,503.90,51.27,45.44,entsoe.eu,,
2022-01-14 00:00:00,Germany,Germany,DE,470.48,542.27,47.01,40.74,entsoe.eu,,
2022-01-15 00:00:00,Germany,Germany,DE,582.31,667.51,34.71,26.51,entsoe.eu,,
2022-01-16 00:00:00,Germany,Germany,DE,398.19,462.58,57.19,50.21,entsoe.eu,,
2022-01-17 00:00:00,Germany,Germany,DE,373.96,434.49,59.15,53.50,entsoe.eu,,
2022-01-18 00:00:00,Germany,Germany,DE,551.44,631.33,38.24,31.52,entsoe.eu,,
2022-01-19 00:00:00,Germany,Germany,DE,402.94,466.38,55.73,50.07,entsoe.eu,,
2022-01-20 00:00:00,Germany,Germany,DE,337.92,394.75,63.18,57.67,entsoe.eu,,
2022-01-21 00:00:00,Germany,Germany,DE,400.69,465.26,55.60,49.85,entsoe.eu,,
2022-01-22 00:00:00,Germany,Germany,DE,475.19,550.79,45.86,38.96,entsoe.eu,,
2022-01-23 00:00:00,Germany,Germany,DE,566.07,650.10,36.44,28.79,entsoe.eu,,
2022-01-24 00:00:00,Germany,Germany,DE,563.08,647.09,35.60,28.19,entsoe.eu,,
2022-01-25 00:00:00,Germany,Germany,DE,557.29,640.69,35.83,28.33,entsoe.eu,,
2022-01-26 00:00:00,Germany,Germany,DE,457.33,527.89,48.09,42.20,entsoe.eu,,
2022-01-27 00:00:00,Germany,Germany,DE,323.52,378.64,64.58,59.05,entsoe.eu,,
2022-01-28 00:00:00,Germany,Germany,DE,364.15,426.05,59.46,53.29,entsoe.eu,,
2022-01-29 00:00:00,Germany,Germany,DE,210.23,259.72,75.27,69.29,entsoe.eu,,
2022-01-30 00:00:00,Germany,Germany,DE,251.41,305.08,71.66,65.82,entsoe.eu,,
2022-01-31 00:00:00,Germany,Germany,DE,406.45,473.37,54.12,46.46,entsoe.eu,,
2022-02-01 00:00:00,Germany,Germany,DE,300.96,356.46,66.09,60.35,entsoe.eu,,
2022-02-02 00:00:00,Germany,Germany,DE,334.96,394.17,62.43,56.22,entsoe.eu,,
2022-02-03 00:00:00,Germany,Germany,DE,443.26,514.71,49.51,42.91,entsoe.eu,,
2022-02-04 00:00:00,Germany,Germany,DE,306.95,364.31,65.52,59.09,entsoe.eu,,
2022-02-05 00:00:00,Germany,Germany,DE,186.13,234.22,78.56,72.52,entsoe.eu,,
2022-02-06 00:00:00,Germany,Germany,DE,167.23,212.87,81.00,74.81,entsoe.eu,,
2022-02-07 00:00:00,Germany,Germany,DE,268.06,321.58,70.09,64.32,entsoe.eu,,
2022-02-08 00:00:00,Germany,Germany,DE,319.89,376.01,65.06,59.38,entsoe.eu,,
2022-02-09 00:00:00,Germany,Germany,DE,388.16,452.04,57.59,51.49,entsoe.eu,,
2022-02-10 00:00:00,Germany,Germany,DE,447.08,518.98,49.68,43.16,entsoe.eu,,
2022-02-11 00:00:00,Germany,Germany,DE,435.25,503.93,52.20,45.54,entsoe.eu,,
2022-02-12 00:00:00,Germany,Germany,DE,384.68,450.02,58.42,51.70,entsoe.eu,,
2022-02-13 00:00:00,Germany,Germany,DE,233.64,287.16,73.72,67.03,entsoe.eu,,
2022-02-14 00:00:00,Germany,Germany,DE,305.37,362.13,66.39,60.80,entsoe.eu,,
2022-02-15 00:00:00,Germany,Germany,DE,370.99,432.54,59.73,53.51,entsoe.eu,,
2022-02-16 00:00:00,Germany,Germany,DE,250.40,300.79,72.18,66.47,entsoe.eu,,
2022-02-17 00:00:00,Germany,Germany,DE,192.83,239.48,77.96,71.73,entsoe.eu,,
2022-02-18 00:00:00,Germany,Germany,DE,255.04,307.26,71.50,64.74,entsoe.eu,,
2022-02-19 00:00:00,Germany,Germany,DE,183.19,231.37,79.05,73.28,entsoe.eu,,
2022-02-20 00:00:00,Germany,Germany,DE,172.05,219.18,80.13,73.54,entsoe.eu,,
2022-02-21 00:00:00,Germany,Germany,DE,212.35,260.17,76.58,71.14,entsoe.eu,,
2022-02-22 00:00:00,Germany,Germany,DE,301.62,356.27,67.42,61.96,entsoe.eu,,
2022-02-23 00:00:00,Germany,Germany,DE,346.69,406.36,62.56,57.11,entsoe.eu,,
2022-02-24 00:00:00,Germany,Germany,DE,322.22,378.61,65.44,59.95,entsoe.eu,,
2022-02-25 00:00:00,Germany,Germany,DE,316.63,372.19,66.44,61.03,entsoe.eu,,
2022-02-26 00:00:00,Germany,Germany,DE,521.55,598.14,45.50,37.62,entsoe.eu,,
2022-02-27 00:00:00,Germany,Germany,DE,416.83,483.91,57.08,50.27,entsoe.eu,,
2022-02-28 00:00:00,Germany,Germany,DE,443.41,512.37,53.21,46.96,entsoe.eu,,
2022-03-01 00:00:00,Germany,Germany,DE,494.79,572.06,45.06,37.94,entsoe.eu,,
2022-03-02 00:00:00,Germany,Germany,DE,543.26,626.79,38.75,30.58,entsoe.eu,,
2022-03-03 00:00:00,Germany,Germany,DE,502.87,581.39,44.48,37.33,entsoe.eu,,
2022-03-04 00:00:00,Germany,Germany,DE,495.49,572.85,45.34,37.96,entsoe.eu,,
2022-03-05 00:00:00,Germany,Germany,DE,506.11,583.38,46.22,38.67,entsoe.eu,,
2022-03-06 00:00:00,Germany,Germany,DE,540.72,620.93,42.95,34.77,entsoe.eu,,
2022-03-07 00:00:00,Germany,Germany,DE,501.03,579.95,44.37,37.28,entsoe.eu,,
2022-03-08 00:00:00,Germany,Germany,DE,457.17,530.54,50.21,43.36,entsoe.eu,,
2022-03-09 00:00:00,Germany,Germany,DE,481.18,555.74,48.35,41.17,entsoe.eu,,
2022-03-10 00:00:00,Germany,Germany,DE,400.16,464.65,58.11,52.06,entsoe.eu,,
2022-03-11 00:00:00,Germany,Germany,DE,284.31,338.24,70.39,64.91,entsoe.eu,,
2022-03-12 00:00:00,Germany,Germany,DE,325.63,385.85,66.37,59.66,entsoe.eu,,
2022-03-13 00:00:00,Germany,Germany,DE,328.33,390.56,65.51,58.46,entsoe.eu,,
2022-03-14 00:00:00,Germany,Germany,DE,475.91,551.56,47.09,40.37,entsoe.eu,,
2022-03-15 00:00:00,Germany,Germany,DE,551.63,636.08,37.17,28.66,entsoe.eu,,
2022-03-16 00:00:00,Germany,Germany,DE,462.21,535.09,49.57,42.81,entsoe.eu,,
2022-03-17 00:00:00,Germany,Germany,DE,440.37,510.40,51.50,44.84,entsoe.eu,,
2022-03-18 00:00:00,Germany,Germany,DE,439.19,511.72,51.89,44.85,entsoe.eu,,
2022-03-19 00:00:00,Germany,Germany,DE,291.30,349.06,69.34,62.60,entsoe.eu,,
2022-03-20 00:00:00,Germany,Germany,DE,243.54,298.73,73.25,66.93,entsoe.eu,,
2022-03-21 00:00:00,Germany,Germany,DE,445.03,516.27,52.13,45.36,entsoe.eu,,
2022-03-22 00:00:00,Germany,Germany,DE,506.33,585.71,43.82,36.08,entsoe.eu,,
2022-03-23 00:00:00,Germany,Germany,DE,530.23,611.77,41.26,33.80,entsoe.eu,,
2022-03-24 00:00:00,Germany,Germany,DE,528.84,610.22,41.36,33.82,entsoe.eu,,
2022-03-25 00:00:00,Germany,Germany,DE,486.50,561.96,47.86,40.26,entsoe.eu,,
2022-03-26 00:00:00,Germany,Germany,DE,424.01,493.83,55.43,47.97,entsoe.eu,,
2022-03-27 00:00:00,Germany,Germany,DE,479.03,555.67,49.26,40.94,entsoe.eu,,
2022-03-28 00:00:00,Germany,Germany,DE,480.09,554.69,48.04,40.91,entsoe.eu,,
2022-03-29 00:00:00,Germany,Germany,DE,510.24,588.96,43.69,36.50,entsoe.eu,,
2022-03-30 00:00:00,Germany,Germany,DE,549.42,631.04,39.00,31.40,entsoe.eu,,
2022-03-31 00:00:00,Germany,Germany,DE,420.08,486.47,54.61,48.50,entsoe.eu,,
2022-04-01 00:00:00,Germany,Germany,DE,361.76,422.21,61.39,55.32,entsoe.eu,,
2022-04-02 00:00:00,Germany,Germany,DE,420.07,486.64,55.71,48.12,entsoe.eu,,
2022-04-03 00:00:00,Germany,Germany,DE,424.63,492.48,56.16,48.05,entsoe.eu,,
2022-04-04 00:00:00,Germany,Germany,DE,232.29,282.18,74.59,69.23,entsoe.eu,,
2022-04-05 00:00:00,Germany,Germany,DE,385.58,447.26,60.16,53.69,entsoe.eu,,
2022-04-06 00:00:00,Germany,Germany,DE,273.05,323.75,71.58,65.82,entsoe.eu,,
2022-04-07 00:00:00,Germany,Germany,DE,206.70,253.69,76.91,71.50,entsoe.eu,,
2022-04-08 00:00:00,Germany,Germany,DE,335.54,394.00,64.36,58.04,entsoe.eu,,
2022-04-09 00:00:00,Germany,Germany,DE,241.23,294.07,73.70,67.22,entsoe.eu,,
2022-04-10 00:00:00,Germany,Germany,DE,293.35,353.43,68.24,60.85,entsoe.eu,,
2022-04-11 00:00:00,Germany,Germany,DE,439.69,511.39,53.39,46.03,entsoe.eu,,
2022-04-12 00:00:00,Germany,Germany,DE,361.20,423.34,62.17,55.94,entsoe.eu,,
2022-04-13 00:00:00,Germany,Germany,DE,432.27,505.05,53.06,45.56,entsoe.eu,,
2022-04-14 00:00:00,Germany,Germany,DE,439.25,512.59,52.63,44.39,entsoe.eu,,
2022-04-15 00:00:00,Germany,Germany,DE,419.24,491.18,55.97,46.85,entsoe.eu,,
2022-04-16 00:00:00,Germany,Germany,DE,360.24,426.21,62.92,54.25,entsoe.eu,,
2022-04-17 00:00:00,Germany,Germany,DE,346.75,414.37,64.20,54.95,entsoe.eu,,
2022-04-18 00:00:00,Germany,Germany,DE,375.40,446.16,60.83,51.14,entsoe.eu,,
2022-04-19 00:00:00,Germany,Germany,DE,386.21,455.60,57.90,49.71,entsoe.eu,,
2022-04-20 00:00:00,Germany,Germany,DE,386.71,455.21,58.40,49.65,entsoe.eu,,
2022-04-21 00:00:00,Germany,Germany,DE,392.84,460.52,58.08,49.35,entsoe.eu,,
2022-04-22 00:00:00,Germany,Germany,DE,318.28,376.87,66.96,60.16,entsoe.eu,,
2022-04-23 00:00:00,Germany,Germany,DE,263.61,318.96,72.84,65.81,entsoe.eu,,
2022-04-24 00:00:00,Germany,Germany,DE,302.81,362.13,68.58,60.82,entsoe.eu,,
2022-04-25 00:00:00,Germany,Germany,DE,473.26,549.60,48.05,39.84,entsoe.eu,,
2022-04-26 00:00:00,Germany,Germany,DE,481.68,561.14,44.62,36.22,entsoe.eu,,
2022-04-27 00:00:00,Germany,Germany,DE,481.39,560.53,45.43,37.02,entsoe.eu,,
2022-04-28 00:00:00,Germany,Germany,DE,456.52,530.29,51.23,43.37,entsoe.eu,,
2022-04-29 00:00:00,Germany,Germany,DE,470.30,546.01,49.25,41.20,entsoe.eu,,
2022-04-30 00:00:00,Germany,Germany,DE,464.12,539.80,51.64,41.14,entsoe.eu,,
2022-05-01 00:00:00,Germany,Germany,DE,489.19,566.55,50.87,39.46,entsoe.eu,,
2022-05-02 00:00:00,Germany,Germany,DE,457.81,531.33,52.06,42.72,entsoe.eu,,
2022-05-03 00:00:00,Germany,Germany,DE,475.91,549.39,50.31,41.75,entsoe.eu,,
2022-05-04 00:00:00,Germany,Germany,DE,498.03,575.60,47.23,37.87,entsoe.eu,,
2022-05-05 00:00:00,Germany,Germany,DE,489.77,566.86,48.37,39.00,entsoe.eu,,
2022-05-06 00:00:00,Germany,Germany,DE,471.13,546.85,50.68,41.33,entsoe.eu,,
2022-05-07 00:00:00,Germany,Germany,DE,415.99,487.36,58.15,50.47,entsoe.eu,,
2022-05-08 00:00:00,Germany,Germany,DE,393.77,464.74,59.98,52.39,entsoe.eu,,
2022-05-09 00:00:00,Germany,Germany,DE,425.59,497.76,55.76,49.76,entsoe.eu,,
2022-05-10 00:00:00,Germany,Germany,DE,368.85,432.45,62.25,56.77,entsoe.eu,,
2022-05-11 00:00:00,Germany,Germany,DE,294.89,352.52,69.29,63.58,entsoe.eu,,
2022-05-12 00:00:00,Germany,Germany,DE,305.45,364.50,68.33,62.98,entsoe.eu,,
2022-05-13 00:00:00,Germany,Germany,DE,295.75,353.94,69.87,63.82,entsoe.eu,,
2022-05-14 00:00:00,Germany,Germany,DE,315.43,378.22,68.71,62.82,entsoe.eu,,
2022-05-15 00:00:00,Germany,Germany,DE,335.94,404.35,65.99,57.96,entsoe.eu,,
2022-05-16 00:00:00,Germany,Germany,DE,361.36,426.64,62.43,56.25,entsoe.eu,,
2022-05-17 00:00:00,Germany,Germany,DE,428.23,500.05,55.24,49.12,entsoe.eu,,
2022-05-18 00:00:00,Germany,Germany,DE,378.11,444.25,61.39,55.95,entsoe.eu,,
2022-05-19 00:00:00,Germany,Germany,DE,354.21,419.25,63.41,57.51,entsoe.eu,,
2022-05-20 00:00:00,Germany,Germany,DE,339.60,402.78,64.58,57.72,entsoe.eu,,
2022-05-21 00:00:00,Germany,Germany,DE,232.83,285.66,76.87,71.68,entsoe.eu,,
2022-05-22 00:00:00,Germany,Germany,DE,394.80,465.63,60.09,52.51,entsoe.eu,,
2022-05-23 00:00:00,Germany,Germany,DE,304.25,361.66,69.04,64.02,entsoe.eu,,
2022-05-24 00:00:00,Germany,Germany,DE,334.37,394.77,66.01,59.96,entsoe.eu,,
2022-05-25 00:00:00,Germany,Germany,DE,302.68,361.87,69.19,62.38,entsoe.eu,,
2022-05-26 00:00:00,Germany,Germany,DE,181.95,231.55,81.32,74.70,entsoe.eu,,
2022-05-27 00:00:00,Germany,Germany,DE,177.21,224.87,82.00,76.20,entsoe.eu,,
2022-05-28 00:00:00,Germany,Germany,DE,200.62,252.53,79.37,73.20,entsoe.eu,,
2022-05-29 00:00:00,Germany,Germany,DE,350.37,416.96,64.57,56.31,entsoe.eu,,
2022-05-30 00:00:00,Germany,Germany,DE,426.38,500.47,54.55,45.25,entsoe.eu,,
2022-05-31 00:00:00,Germany,Germany,DE,443.98,521.82,48.96,40.44,entsoe.eu,,
2022-06-01 00:00:00,Germany,Germany,DE,425.64,496.25,55.86,47.88,entsoe.eu,,
2022-06-02 00:00:00,Germany,Germany,DE,379.15,446.01,60.73,53.00,entsoe.eu,,
2022-06-03 00:00:00,Germany,Germany,DE,378.85,447.39,60.07,51.76,entsoe.eu,,
2022-06-04 00:00:00,Germany,Germany,DE,364.82,432.88,62.74,54.83,entsoe.eu,,
2022-06-05 00:00:00,Germany,Germany,DE,344.83,408.17,65.58,59.74,entsoe.eu,,
2022-06-06 00:00:00,Germany,Germany,DE,288.86,346.90,70.82,65.83,entsoe.eu,,
2022-06-07 00:00:00,Germany,Germany,DE,377.80,441.90,60.83,54.85,entsoe.eu,,
2022-06-08 00:00:00,Germany,Germany,DE,412.80,483.61,55.90,47.55,entsoe.eu,,
2022-06-09 00:00:00,Germany,Germany,DE,405.81,473.31,57.85,50.25,entsoe.eu,,
2022-06-10 00:00:00,Germany,Germany,DE,407.29,474.03,59.02,52.74,entsoe.eu,,
2022-06-11 00:00:00,Germany,Germany,DE,356.53,420.62,64.97,58.39,entsoe.eu,,
2022-06-12 00:00:00,Germany,Germany,DE,351.18,415.94,65.08,58.68,entsoe.eu,,
2022-06-13 00:00:00,Germany,Germany,DE,359.37,420.72,64.32,58.93,entsoe.eu,,
2022-06-14 00:00:00,Germany,Germany,DE,413.36,481.84,57.89,51.98,entsoe.eu,,
2022-06-15 00:00:00,Germany,Germany,DE,433.65,503.62,56.03,50.18,entsoe.eu,,
2022-06-16 00:00:00,Germany,Germany,DE,416.39,483.87,58.79,52.66,entsoe.eu,,
2022-06-17 00:00:00,Germany,Germany,DE,398.61,463.58,61.06,55.08,entsoe.eu,,
2022-06-18 00:00:00,Germany,Germany,DE,333.84,394.80,67.54,61.64,entsoe.eu,,
2022-06-19 00:00:00,Germany,Germany,DE,347.50,410.51,65.20,58.54,entsoe.eu,,
2022-06-20 00:00:00,Germany,Germany,DE,408.38,473.80,58.35,52.23,entsoe.eu,,
2022-06-21 00:00:00,Germany,Germany,DE,439.00,507.77,55.68,49.91,entsoe.eu,,
2022-06-22 00:00:00,Germany,Germany,DE,483.81,556.95,50.27,44.08,entsoe.eu,,
2022-06-23 00:00:00,Germany,Germany,DE,426.43,494.09,56.31,50.94,entsoe.eu,,
2022-06-24 00:00:00,Germany,Germany,DE,402.35,465.98,60.03,53.77,entsoe.eu,,
2022-06-25 00:00:00,Germany,Germany,DE,441.52,509.75,57.22,48.11,entsoe.eu,,
2022-06-26 00:00:00,Germany,Germany,DE,416.67,485.69,57.85,48.39,entsoe.eu,,
2022-06-27 00:00:00,Germany,Germany,DE,450.81,519.98,53.56,45.82,entsoe.eu,,
2022-06-28 00:00:00,Germany,Germany,DE,446.43,515.82,54.04,46.27,entsoe.eu,,
2022-06-29 00:00:00,Germany,Germany,DE,446.13,514.75,53.91,46.69,entsoe.eu,,
2022-06-30 00:00:00,Germany,Germany,DE,435.35,506.58,51.45,44.98,entsoe.eu,,
2022-07-01 00:00:00,Germany,Germany,DE,442.53,510.58,52.65,45.28,entsoe.eu,,
2022-07-02 00:00:00,Germany,Germany,DE,367.57,430.87,62.72,54.33,entsoe.eu,,
2022-07-03 00:00:00,Germany,Germany,DE,377.61,443.38,61.11,52.66,entsoe.eu,,
2022-07-04 00:00:00,Germany,Germany,DE,404.41,469.05,58.56,51.17,entsoe.eu,,
2022-07-05 00:00:00,Germany,Germany,DE,415.93,480.67,57.37,50.05,entsoe.eu,,
2022-07-06 00:00:00,Germany,Germany,DE,402.01,463.93,59.81,52.30,entsoe.eu,,
2022-07-07 00:00:00,Germany,Germany,DE,351.88,409.55,63.94,56.98,entsoe.eu,,
2022-07-08 00:00:00,Germany,Germany,DE,381.25,441.59,62.23,54.26,entsoe.eu,,
2022-07-09 00:00:00,Germany,Germany,DE,315.43,374.59,67.63,59.54,entsoe.eu,,
2022-07-10 00:00:00,Germany,Germany,DE,311.00,370.63,68.15,59.82,entsoe.eu,,
2022-07-11 00:00:00,Germany,Germany,DE,447.32,521.52,50.08,41.87,entsoe.eu,,
2022-07-12 00:00:00,Germany,Germany,DE,423.28,495.34,52.98,45.37,entsoe.eu,,
2022-07-13 00:00:00,Germany,Germany,DE,413.28,480.38,55.43,48.48,entsoe.eu,,
2022-07-14 00:00:00,Germany,Germany,DE,387.75,453.31,58.47,51.36,entsoe.eu,,
2022-07-15 00:00:00,Germany,Germany,DE,383.29,448.25,59.78,52.33,entsoe.eu,,
2022-07-16 00:00:00,Germany,Germany,DE,285.96,343.54,71.15,63.72,entsoe.eu,,
2022-07-17 00:00:00,Germany,Germany,DE,370.25,440.47,60.74,51.23,entsoe.eu,,
2022-07-18 00:00:00,Germany,Germany,DE,420.08,492.54,52.86,44.79,entsoe.eu,,
2022-07-19 00:00:00,Germany,Germany,DE,402.91,473.78,54.07,46.75,entsoe.eu,,
2022-07-20 00:00:00,Germany,Germany,DE,368.54,432.65,60.43,53.95,entsoe.eu,,
2022-07-21 00:00:00,Germany,Germany,DE,411.95,484.13,52.05,44.86,entsoe.eu,,
2022-07-22 00:00:00,Germany,Germany,DE,420.60,494.66,51.05,43.64,entsoe.eu,,
2022-07-23 00:00:00,Germany,Germany,DE,419.64,492.62,53.97,45.55,entsoe.eu,,
2022-07-24 00:00:00,Germany,Germany,DE,367.66,435.82,60.72,52.43,entsoe.eu,,
2022-07-25 00:00:00,Germany,Germany,DE,342.30,402.51,64.42,57.61,entsoe.eu,,
2022-07-26 00:00:00,Germany,Germany,DE,382.21,447.14,58.39,51.76,entsoe.eu,,
2022-07-27 00:00:00,Germany,Germany,DE,404.44,474.55,54.26,46.96,entsoe.eu,,
2022-07-28 00:00:00,Germany,Germany,DE,421.73,494.44,52.46,44.51,entsoe.eu,,
2022-07-29 00:00:00,Germany,Germany,DE,434.52,505.36,52.48,44.39,entsoe.eu,,
2022-07-30 00:00:00,Germany,Germany,DE,449.72,521.20,53.76,44.06,entsoe.eu,,
2022-07-31 00:00:00,Germany,Germany,DE,443.17,513.22,54.64,44.63,entsoe.eu,,
2022-08-01 00:00:00,Germany,Germany,DE,452.05,520.78,53.75,45.11,entsoe.eu,,
2022-08-02 00:00:00,Germany,Germany,DE,445.95,512.35,55.94,47.45,entsoe.eu,,
2022-08-03 00:00:00,Germany,Germany,DE,435.19,500.78,57.02,48.72,entsoe.eu,,
2022-08-04 00:00:00,Germany,Germany,DE,445.29,512.65,55.61,47.43,entsoe.eu,,
2022-08-05 00:00:00,Germany,Germany,DE,444.56,509.98,56.25,47.97,entsoe.eu,,
2022-08-06 00:00:00,Germany,Germany,DE,431.24,496.55,58.65,49.97,entsoe.eu,,
2022-08-07 00:00:00,Germany,Germany,DE,434.07,503.04,57.48,47.34,entsoe.eu,,
2022-08-08 00:00:00,Germany,Germany,DE,449.80,518.66,55.60,45.49,entsoe.eu,,
2022-08-09 00:00:00,Germany,Germany,DE,440.45,509.12,56.42,46.94,entsoe.eu,,
2022-08-10 00:00:00,Germany,Germany,DE,437.52,505.21,57.08,47.97,entsoe.eu,,
2022-08-11 00:00:00,Germany,Germany,DE,410.33,476.90,59.52,50.82,entsoe.eu,,
2022-08-12 00:00:00,Germany,Germany,DE,393.70,460.10,60.57,51.95,entsoe.eu,,
2022-08-13 00:00:00,Germany,Germany,DE,400.20,468.58,60.24,50.30,entsoe.eu,,
2022-08-14 00:00:00,Germany,Germany,DE,377.90,443.17,62.93,53.73,entsoe.eu,,
2022-08-15 00:00:00,Germany,Germany,DE,423.76,492.80,56.68,46.59,entsoe.eu,,
2022-08-16 00:00:00,Germany,Germany,DE,447.68,520.40,53.30,44.28,entsoe.eu,,
2022-08-17 00:00:00,Germany,Germany,DE,451.14,524.32,51.23,42.21,entsoe.eu,,
2022-08-18 00:00:00,Germany,Germany,DE,466.20,540.74,49.19,39.80,entsoe.eu,,
2022-08-19 00:00:00,Germany,Germany,DE,484.79,559.68,48.06,37.53,entsoe.eu,,
2022-08-20 00:00:00,Germany,Germany,DE,479.09,550.24,52.50,41.73,entsoe.eu,,
2022-08-21 00:00:00,Germany,Germany,DE,453.66,524.37,54.50,44.64,entsoe.eu,,
2022-08-22 00:00:00,Germany,Germany,DE,505.14,579.65,47.96,39.29,entsoe.eu,,
2022-08-23 00:00:00,Germany,Germany,DE,468.82,539.71,52.03,44.12,entsoe.eu,,
2022-08-24 00:00:00,Germany,Germany,DE,467.36,538.16,52.16,44.02,entsoe.eu,,
2022-08-25 00:00:00,Germany,Germany,DE,446.34,514.62,54.63,47.20,entsoe.eu,,
2022-08-26 00:00:00,Germany,Germany,DE,477.59,549.34,50.90,42.74,entsoe.eu,,
2022-08-27 00:00:00,Germany,Germany,DE,466.21,537.20,53.10,44.03,entsoe.eu,,
2022-08-28 00:00:00,Germany,Germany,DE,388.93,453.44,61.32,52.90,entsoe.eu,,
2022-08-29 00:00:00,Germany,Germany,DE,464.93,536.44,51.84,43.53,entsoe.eu,,
2022-08-30 00:00:00,Germany,Germany,DE,473.47,545.30,50.49,42.61,entsoe.eu,,
2022-08-31 00:00:00,Germany,Germany,DE,474.70,548.48,47.64,40.15,entsoe.eu,,
2022-09-01 00:00:00,Germany,Germany,DE,474.43,544.27,51.68,43.55,entsoe.eu,,
2022-09-02 00:00:00,Germany,Germany,DE,415.73,478.94,58.83,51.87,entsoe.eu,,
2022-09-03 00:00:00,Germany,Germany,DE,341.89,399.71,67.29,59.50,entsoe.eu,,
2022-09-04 00:00:00,Germany,Germany,DE,391.72,455.89,61.72,53.55,entsoe.eu,,
2022-09-05 00:00:00,Germany,Germany,DE,424.10,486.61,58.95,52.23,entsoe.eu,,
2022-09-06 00:00:00,Germany,Germany,DE,427.91,490.89,58.27,51.49,entsoe.eu,,
2022-09-07 00:00:00,Germany,Germany,DE,491.76,563.75,49.38,41.39,entsoe.eu,,
2022-09-08 00:00:00,Germany,Germany,DE,475.87,543.16,52.50,44.76,entsoe.eu,,
2022-09-09 00:00:00,Germany,Germany,DE,468.82,536.42,53.53,44.77,entsoe.eu,,
2022-09-10 00:00:00,Germany,Germany,DE,495.56,568.44,50.65,40.47,entsoe.eu,,
2022-09-11 00:00:00,Germany,Germany,DE,536.91,615.28,45.96,35.00,entsoe.eu,,
2022-09-12 00:00:00,Germany,Germany,DE,468.32,539.15,52.19,43.51,entsoe.eu,,
2022-09-13 00:00:00,Germany,Germany,DE,439.41,505.36,55.81,48.74,entsoe.eu,,
2022-09-14 00:00:00,Germany,Germany,DE,497.97,569.32,49.24,41.08,entsoe.eu,,
2022-09-15 00:00:00,Germany,Germany,DE,418.78,479.75,59.76,52.85,entsoe.eu,,
2022-09-16 00:00:00,Germany,Germany,DE,299.53,352.33,71.05,64.38,entsoe.eu,,
2022-09-17 00:00:00,Germany,Germany,DE,224.54,274.28,78.12,70.79,entsoe.eu,,
2022-09-18 00:00:00,Germany,Germany,DE,238.38,288.74,76.79,69.18,entsoe.eu,,
2022-09-19 00:00:00,Germany,Germany,DE,365.39,423.79,64.51,57.08,entsoe.eu,,
2022-09-20 00:00:00,Germany,Germany,DE,520.03,594.36,46.48,37.76,entsoe.eu,,
2022-09-21 00:00:00,Germany,Germany,DE,548.62,626.94,43.03,33.75,entsoe.eu,,
2022-09-22 00:00:00,Germany,Germany,DE,536.56,611.90,46.05,37.37,entsoe.eu,,
2022-09-23 00:00:00,Germany,Germany,DE,529.26,604.07,46.88,38.53,entsoe.eu,,
2022-09-24 00:00:00,Germany,Germany,DE,533.47,608.22,47.45,37.50,entsoe.eu,,
2022-09-25 00:00:00,Germany,Germany,DE,511.34,585.40,49.70,38.58,entsoe.eu,,
2022-09-26 00:00:00,Germany,Germany,DE,352.51,409.73,65.56,58.16,entsoe.eu,,
2022-09-27 00:00:00,Germany,Germany,DE,449.48,514.72,55.81,47.33,entsoe.eu,,
2022-09-28 00:00:00,Germany,Germany,DE,569.75,645.20,43.20,33.03,entsoe.eu,,
2022-09-29 00:00:00,Germany,Germany,DE,571.77,646.60,43.75,34.61,entsoe.eu,,
2022-09-30 00:00:00,Germany,Germany,DE,457.27,524.18,55.38,46.89,entsoe.eu,,
2022-10-01 00:00:00,Germany,Germany,DE,201.41,248.74,79.91,72.28,entsoe.eu,,
2022-10-02 00:00:00,Germany,Germany,DE,260.42,313.28,74.68,67.12,entsoe.eu,,
2022-10-03 00:00:00,Germany,Germany,DE,388.82,450.47,63.29,55.11,entsoe.eu,,
2022-10-04 00:00:00,Germany,Germany,DE,408.36,471.20,60.55,53.06,entsoe.eu,,
2022-10-05 00:00:00,Germany,Germany,DE,271.46,322.60,73.87,67.43,entsoe.eu,,
2022-10-06 00:00:00,Germany,Germany,DE,338.88,394.85,67.62,61.17,entsoe.eu,,
2022-10-07 00:00:00,Germany,Germany,DE,386.10,446.26,63.05,56.03,entsoe.eu,,
2022-10-08 00:00:00,Germany,Germany,DE,365.75,425.60,64.61,57.12,entsoe.eu,,
2022-10-09 00:00:00,Germany,Germany,DE,365.72,428.61,64.33,55.57,entsoe.eu,,
2022-10-10 00:00:00,Germany,Germany,DE,400.19,460.83,61.14,54.40,entsoe.eu,,
2022-10-11 00:00:00,Germany,Germany,DE,503.27,576.18,48.32,40.57,entsoe.eu,,
2022-10-12 00:00:00,Germany,Germany,DE,523.32,598.55,45.88,37.84,entsoe.eu,,
2022-10-13 00:00:00,Germany,Germany,DE,533.02,607.71,45.12,37.36,entsoe.eu,,
2022-10-14 00:00:00,Germany,Germany,DE,517.83,591.94,46.32,37.66,entsoe.eu,,
2022-10-15 00:00:00,Germany,Germany,DE,386.98,450.14,60.76,50.58,entsoe.eu,,
2022-10-16 00:00:00,Germany,Germany,DE,352.69,413.64,64.61,55.50,entsoe.eu,,
2022-10-17 00:00:00,Germany,Germany,DE,396.47,459.91,59.15,51.67,entsoe.eu,,
2022-10-18 00:00:00,Germany,Germany,DE,471.89,543.71,49.68,41.37,entsoe.eu,,
2022-10-19 00:00:00,Germany,Germany,DE,434.11,504.72,52.87,42.35,entsoe.eu,,
2022-10-20 00:00:00,Germany,Germany,DE,331.66,389.54,65.83,58.13,entsoe.eu,,
2022-10-21 00:00:00,Germany,Germany,DE,437.80,510.78,51.85,43.16,entsoe.eu,,
2022-10-22 00:00:00,Germany,Germany,DE,353.94,422.89,60.86,49.82,entsoe.eu,,
2022-10-23 00:00:00,Germany,Germany,DE,308.35,372.04,66.72,56.15,entsoe.eu,,
2022-10-24 00:00:00,Germany,Germany,DE,251.25,304.02,73.30,67.21,entsoe.eu,,
2022-10-25 00:00:00,Germany,Germany,DE,333.27,398.06,62.28,54.79,entsoe.eu,,
2022-10-26 00:00:00,Germany,Germany,DE,389.91,459.61,56.34,47.60,entsoe.eu,,
2022-10-27 00:00:00,Germany,Germany,DE,351.72,414.68,63.14,55.01,entsoe.eu,,
2022-10-28 00:00:00,Germany,Germany,DE,338.67,401.05,64.32,57.24,entsoe.eu,,
2022-10-29 00:00:00,Germany,Germany,DE,373.31,445.90,58.26,47.48,entsoe.eu,,
2022-10-30 00:00:00,Germany,Germany,DE,396.80,469.76,57.43,48.00,entsoe.eu,,
2022-10-31 00:00:00,Germany,Germany,DE,394.55,466.81,55.98,44.38,entsoe.eu,,
2022-11-01 00:00:00,Germany,Germany,DE,254.17,307.15,74.09,65.49,entsoe.eu,,
2022-11-02 00:00:00,Germany,Germany,DE,264.57,317.49,72.43,65.15,entsoe.eu,,
2022-11-03 00:00:00,Germany,Germany,DE,303.72,360.41,68.23,61.04,entsoe.eu,,
2022-11-04 00:00:00,Germany,Germany,DE,433.52,500.77,54.99,46.99,entsoe.eu,,
2022-11-05 00:00:00,Germany,Germany,DE,366.32,430.32,62.90,54.19,entsoe.eu,,
2022-11-06 00:00:00,Germany,Germany,DE,231.33,283.10,76.77,69.20,entsoe.eu,,
2022-11-07 00:00:00,Germany,Germany,DE,285.46,338.42,71.28,64.11,entsoe.eu,,
2022-11-08 00:00:00,Germany,Germany,DE,293.90,347.84,70.17,63.15,entsoe.eu,,
2022-11-09 00:00:00,Germany,Germany,DE,318.27,372.76,68.08,61.21,entsoe.eu,,
2022-11-10 00:00:00,Germany,Germany,DE,339.91,396.32,66.25,59.44,entsoe.eu,,
2022-11-11 00:00:00,Germany,Germany,DE,378.31,438.12,62.20,54.61,entsoe.eu,,
2022-11-12 00:00:00,Germany,Germany,DE,518.21,593.47,47.80,37.61,entsoe.eu,,
2022-11-13 00:00:00,Germany,Germany,DE,459.22,528.06,53.99,45.72,entsoe.eu,,
2022-11-14 00:00:00,Germany,Germany,DE,447.74,511.70,54.88,48.53,entsoe.eu,,
2022-11-15 00:00:00,Germany,Germany,DE,472.50,536.62,53.74,46.67,entsoe.eu,,
2022-11-16 00:00:00,Germany,Germany,DE,421.07,480.94,58.46,51.90,entsoe.eu,,
2022-11-17 00:00:00,Germany,Germany,DE,347.10,401.25,65.32,59.45,entsoe.eu,,
2022-11-18 00:00:00,Germany,Germany,DE,484.10,549.47,51.98,45.47,entsoe.eu,,
2022-11-19 00:00:00,Germany,Germany,DE,550.40,623.45,44.91,37.15,entsoe.eu,,
2022-11-20 00:00:00,Germany,Germany,DE,568.19,643.56,42.87,33.92,entsoe.eu,,
2022-11-21 00:00:00,Germany,Germany,DE,519.61,591.64,46.13,38.82,entsoe.eu,,
2022-11-22 00:00:00,Germany,Germany,DE,440.07,503.74,55.14,48.86,entsoe.eu,,
2022-11-23 00:00:00,Germany,Germany,DE,452.91,518.23,53.99,47.83,entsoe.eu,,
2022-11-24 00:00:00,Germany,Germany,DE,495.09,564.61,49.08,42.31,entsoe.eu,,
2022-11-25 00:00:00,Germany,Germany,DE,510.86,582.81,47.06,40.62,entsoe.eu,,
2022-11-26 00:00:00,Germany,Germany,DE,569.30,645.32,43.04,35.65,entsoe.eu,,
2022-11-27 00:00:00,Germany,Germany,DE,440.39,506.13,55.53,48.57,entsoe.eu,,
2022-11-28 00:00:00,Germany,Germany,DE,520.04,591.08,46.51,40.34,entsoe.eu,,
2022-11-29 00:00:00,Germany,Germany,DE,626.51,708.72,33.77,26.40,entsoe.eu,,
2022-11-30 00:00:00,Germany,Germany,DE,638.02,722.34,31.83,24.85,entsoe.eu,,
2022-12-01 00:00:00,Germany,Germany,DE,634.83,718.43,32.37,25.44,entsoe.eu,,
2022-12-02 00:00:00,Germany,Germany,DE,552.55,628.00,41.52,35.40,entsoe.eu,,
2022-12-03 00:00:00,Germany,Germany,DE,545.54,622.07,42.20,35.67,entsoe.eu,,
2022-12-04 00:00:00,Germany,Germany,DE,536.36,611.40,43.63,36.69,entsoe.eu,,
2022-12-05 00:00:00,Germany,Germany,DE,586.95,664.68,38.21,31.28,entsoe.eu,,
2022-12-06 00:00:00,Germany,Germany,DE,618.35,699.16,34.46,27.46,entsoe.eu,,
2022-12-07 00:00:00,Germany,Germany,DE,538.01,611.02,43.18,37.22,entsoe.eu,,
2022-12-08 00:00:00,Germany,Germany,DE,615.29,694.92,35.09,28.17,entsoe.eu,,
2022-12-09 00:00:00,Germany,Germany,DE,621.50,704.25,33.41,25.84,entsoe.eu,,
2022-12-10 00:00:00,Germany,Germany,DE,644.10,730.15,30.86,22.31,entsoe.eu,,
2022-12-11 00:00:00,Germany,Germany,DE,656.79,742.17,30.50,21.72,entsoe.eu,,
2022-12-12 00:00:00,Germany,Germany,DE,624.81,708.23,33.25,26.19,entsoe.eu,,
2022-12-13 00:00:00,Germany,Germany,DE,588.26,667.19,37.13,30.92,entsoe.eu,,
2022-12-14 00:00:00,Germany,Germany,DE,592.51,672.12,36.76,30.34,entsoe.eu,,
2022-12-15 00:00:00,Germany,Germany,DE,564.89,644.13,38.57,32.12,entsoe.eu,,
2022-12-16 00:00:00,Germany,Germany,DE,614.23,697.45,33.72,25.76,entsoe.eu,,
2022-12-17 00:00:00,Germany,Germany,DE,569.90,648.97,39.44,31.99,entsoe.eu,,
2022-12-18 00:00:00,Germany,Germany,DE,454.72,523.49,52.07,45.56,entsoe.eu,,
2022-12-19 00:00:00,Germany,Germany,DE,359.41,418.86,61.53,55.87,entsoe.eu,,
2022-12-20 00:00:00,Germany,Germany,DE,363.12,421.96,62.22,56.51,entsoe.eu,,
2022-12-21 00:00:00,Germany,Germany,DE,439.01,505.56,54.19,46.78,entsoe.eu,,
2022-12-22 00:00:00,Germany,Germany,DE,406.37,470.10,58.22,50.70,entsoe.eu,,
2022-12-23 00:00:00,Germany,Germany,DE,458.92,528.03,53.06,43.38,entsoe.eu,,
2022-12-24 00:00:00,Germany,Germany,DE,382.19,444.60,61.69,53.07,entsoe.eu,,
2022-12-25 00:00:00,Germany,Germany,DE,312.30,373.39,67.97,56.14,entsoe.eu,,
2022-12-26 00:00:00,Germany,Germany,DE,215.42,266.36,77.48,70.43,entsoe.eu,,
2022-12-27 00:00:00,Germany,Germany,DE,248.30,299.94,74.76,68.06,entsoe.eu,,
2022-12-28 00:00:00,Germany,Germany,DE,177.32,223.04,81.26,74.00,entsoe.eu,,
2022-12-29 00:00:00,Germany,Germany,DE,194.00,240.57,80.18,74.10,entsoe.eu,,
2022-12-30 00:00:00,Germany,Germany,DE,183.95,231.52,80.71,73.46,entsoe.eu,,
2022-12-31 00:00:00,Germany,Germany,DE,152.32,199.01,83.62,76.38,entsoe.eu,,
2023-01-01 00:00:00,Germany,Germany,DE,158.30,204.23,82.23,75.31,entsoe.eu,,
2023-01-02 00:00:00,Germany,Germany,DE,283.19,331.38,69.79,63.78,entsoe.eu,,
2023-01-03 00:00:00,Germany,Germany,DE,398.78,452.64,57.80,51.05,entsoe.eu,,
2023-01-04 00:00:00,Germany,Germany,DE,174.29,213.01,80.88,76.87,entsoe.eu,,
2023-01-05 00:00:00,Germany,Germany,DE,312.69,360.45,66.29,60.23,entsoe.eu,,
2023-01-06 00:00:00,Germany,Germany,DE,289.31,340.01,68.33,62.65,entsoe.eu,,
2023-01-07 00:00:00,Germany,Germany,DE,212.00,260.80,76.29,67.34,entsoe.eu,,
2023-01-08 00:00:00,Germany,Germany,DE,214.09,261.17,76.50,67.76,entsoe.eu,,
2023-01-09 00:00:00,Germany,Germany,DE,360.42,412.01,61.58,54.88,entsoe.eu,,
2023-01-10 00:00:00,Germany,Germany,DE,369.05,420.67,60.64,55.38,entsoe.eu,,
2023-01-11 00:00:00,Germany,Germany,DE,287.04,332.48,69.35,64.59,entsoe.eu,,
2023-01-12 00:00:00,Germany,Germany,DE,191.07,230.03,79.43,75.29,entsoe.eu,,
2023-01-13 00:00:00,Germany,Germany,DE,171.66,210.97,80.69,76.07,entsoe.eu,,
2023-01-14 00:00:00,Germany,Germany,DE,141.47,181.97,83.71,78.58,entsoe.eu,,
2023-01-15 00:00:00,Germany,Germany,DE,150.57,192.37,82.54,78.41,entsoe.eu,,
2023-01-16 00:00:00,Germany,Germany,DE,333.60,383.70,63.50,58.99,entsoe.eu,,
2023-01-17 00:00:00,Germany,Germany,DE,412.57,468.83,54.40,50.20,entsoe.eu,,
2023-01-18 00:00:00,Germany,Germany,DE,473.62,537.37,46.12,41.69,entsoe.eu,,
2023-01-19 00:00:00,Germany,Germany,DE,445.65,506.28,49.34,44.92,entsoe.eu,,
2023-01-20 00:00:00,Germany,Germany,DE,580.24,651.71,33.97,27.81,entsoe.eu,,
2023-01-21 00:00:00,Germany,Germany,DE,498.15,563.93,44.41,38.77,entsoe.eu,,
2023-01-22 00:00:00,Germany,Germany,DE,541.98,610.57,39.58,34.38,entsoe.eu,,
2023-01-23 00:00:00,Germany,Germany,DE,583.60,654.66,33.72,28.62,entsoe.eu,,
2023-01-24 00:00:00,Germany,Germany,DE,593.18,665.37,32.76,27.65,entsoe.eu,,
2023-01-25 00:00:00,Germany,Germany,DE,585.17,657.62,33.08,28.29,entsoe.eu,,
2023-01-26 00:00:00,Germany,Germany,DE,568.17,641.20,34.28,29.99,entsoe.eu,,
2023-01-27 00:00:00,Germany,Germany,DE,555.60,626.77,36.29,32.04,entsoe.eu,,
2023-01-28 00:00:00,Germany,Germany,DE,554.77,630.05,35.90,30.72,entsoe.eu,,
2023-01-29 00:00:00,Germany,Germany,DE,325.60,384.85,61.12,56.61,entsoe.eu,,
2023-01-30 00:00:00,Germany,Germany,DE,246.61,295.30,70.68,67.41,entsoe.eu,,
2023-01-31 00:00:00,Germany,Germany,DE,247.64,297.34,69.89,66.64,entsoe.eu,,
2023-02-01 00:00:00,Germany,Germany,DE,223.11,270.92,72.13,69.28,entsoe.eu,,
2023-02-02 00:00:00,Germany,Germany,DE,361.44,418.76,57.28,53.67,entsoe.eu,,
2023-02-03 00:00:00,Germany,Germany,DE,262.97,312.45,68.79,65.91,entsoe.eu,,
2023-02-04 00:00:00,Germany,Germany,DE,488.54,556.85,45.01,39.34,entsoe.eu,,
2023-02-05 00:00:00,Germany,Germany,DE,450.44,516.82,48.95,42.23,entsoe.eu,,
2023-02-06 00:00:00,Germany,Germany,DE,536.56,610.78,35.64,29.36,entsoe.eu,,
2023-02-07 00:00:00,Germany,Germany,DE,503.92,575.85,39.44,34.25,entsoe.eu,,
2023-02-08 00:00:00,Germany,Germany,DE,454.23,520.80,46.28,41.37,entsoe.eu,,
2023-02-09 00:00:00,Germany,Germany,DE,404.72,465.82,51.97,47.40,entsoe.eu,,
2023-02-10 00:00:00,Germany,Germany,DE,380.01,439.69,54.83,50.24,entsoe.eu,,
2023-02-11 00:00:00,Germany,Germany,DE,351.80,409.11,59.43,54.34,entsoe.eu,,
2023-02-12 00:00:00,Germany,Germany,DE,537.46,610.52,39.13,32.70,entsoe.eu,,
2023-02-13 00:00:00,Germany,Germany,DE,541.40,616.22,35.21,29.56,entsoe.eu,,
2023-02-14 00:00:00,Germany,Germany,DE,555.09,632.36,33.09,27.59,entsoe.eu,,
2023-02-15 00:00:00,Germany,Germany,DE,527.59,599.44,38.42,33.16,entsoe.eu,,
2023-02-16 00:00:00,Germany,Germany,DE,426.85,486.82,52.07,47.26,entsoe.eu,,
2023-02-17 00:00:00,Germany,Germany,DE,212.47,257.60,75.20,70.74,entsoe.eu,,
2023-02-18 00:00:00,Germany,Germany,DE,212.88,261.94,75.04,69.66,entsoe.eu,,
2023-02-19 00:00:00,Germany,Germany,DE,278.20,333.87,67.89,61.11,entsoe.eu,,
2023-02-20 00:00:00,Germany,Germany,DE,213.60,259.22,75.08,70.75,entsoe.eu,,
2023-02-21 00:00:00,Germany,Germany,DE,411.23,473.53,52.53,47.06,entsoe.eu,,
2023-02-22 00:00:00,Germany,Germany,DE,510.18,582.98,39.83,34.16,entsoe.eu,,
2023-02-23 00:00:00,Germany,Germany,DE,523.85,596.03,38.32,32.96,entsoe.eu,,
2023-02-24 00:00:00,Germany,Germany,DE,350.47,408.64,58.49,54.03,entsoe.eu,,
2023-02-25 00:00:00,Germany,Germany,DE,260.76,312.50,69.57,64.46,entsoe.eu,,
2023-02-26 00:00:00,Germany,Germany,DE,329.56,391.61,60.86,54.18,entsoe.eu,,
2023-02-27 00:00:00,Germany,Germany,DE,487.56,558.69,41.56,35.98,entsoe.eu,,
2023-02-28 00:00:00,Germany,Germany,DE,477.04,548.03,42.42,36.87,entsoe.eu,,
2023-03-01 00:00:00,Germany,Germany,DE,457.92,529.99,43.48,38.31,entsoe.eu,,
2023-03-02 00:00:00,Germany,Germany,DE,470.14,541.39,42.85,37.44,entsoe.eu,,
2023-03-03 00:00:00,Germany,Germany,DE,459.21,529.12,44.34,38.83,entsoe.eu,,
2023-03-04 00:00:00,Germany,Germany,DE,345.98,405.26,59.23,53.72,entsoe.eu,,
2023-03-05 00:00:00,Germany,Germany,DE,420.24,487.29,50.09,44.04,entsoe.eu,,
2023-03-06 00:00:00,Germany,Germany,DE,468.24,536.16,43.20,38.22,entsoe.eu,,
2023-03-07 00:00:00,Germany,Germany,DE,333.22,388.26,59.95,55.74,entsoe.eu,,
2023-03-08 00:00:00,Germany,Germany,DE,512.79,584.39,37.99,32.37,entsoe.eu,,
2023-03-09 00:00:00,Germany,Germany,DE,451.83,519.58,45.72,39.74,entsoe.eu,,
2023-03-10 00:00:00,Germany,Germany,DE,307.92,364.32,62.49,57.38,entsoe.eu,,
2023-03-11 00:00:00,Germany,Germany,DE,315.03,372.45,63.28,57.34,entsoe.eu,,
2023-03-12 00:00:00,Germany,Germany,DE,244.83,302.13,69.84,62.55,entsoe.eu,,
2023-03-13 00:00:00,Germany,Germany,DE,174.81,217.21,79.60,75.13,entsoe.eu,,
2023-03-14 00:00:00,Germany,Germany,DE,229.17,275.48,73.55,68.99,entsoe.eu,,
2023-03-15 00:00:00,Germany,Germany,DE,359.63,418.75,57.73,52.26,entsoe.eu,,
2023-03-16 00:00:00,Germany,Germany,DE,275.97,330.92,66.89,61.96,entsoe.eu,,
2023-03-17 00:00:00,Germany,Germany,DE,298.45,352.04,66.66,60.99,entsoe.eu,,
2023-03-18 00:00:00,Germany,Germany,DE,337.25,400.67,61.90,53.85,entsoe.eu,,
2023-03-19 00:00:00,Germany,Germany,DE,383.37,450.50,56.22,47.97,entsoe.eu,,
2023-03-20 00:00:00,Germany,Germany,DE,414.81,481.28,50.22,43.88,entsoe.eu,,
2023-03-21 00:00:00,Germany,Germany,DE,390.97,456.51,52.64,46.17,entsoe.eu,,
2023-03-22 00:00:00,Germany,Germany,DE,227.58,276.00,73.67,68.46,entsoe.eu,,
2023-03-23 00:00:00,Germany,Germany,DE,223.48,269.49,74.41,68.83,entsoe.eu,,
2023-03-24 00:00:00,Germany,Germany,DE,203.87,249.21,76.41,71.43,entsoe.eu,,
2023-03-25 00:00:00,Germany,Germany,DE,146.75,191.49,82.43,77.41,entsoe.eu,,
2023-03-26 00:00:00,Germany,Germany,DE,201.68,255.04,76.16,67.69,entsoe.eu,,
2023-03-27 00:00:00,Germany,Germany,DE,244.51,293.73,72.19,67.29,entsoe.eu,,
2023-03-28 00:00:00,Germany,Germany,DE,348.43,406.21,60.25,54.50,entsoe.eu,,
2023-03-29 00:00:00,Germany,Germany,DE,356.25,417.34,57.75,51.18,entsoe.eu,,
2023-03-30 00:00:00,Germany,Germany,DE,209.27,255.87,75.63,70.05,entsoe.eu,,
2023-03-31 00:00:00,Germany,Germany,DE,246.38,298.31,71.20,62.84,entsoe.eu,,
2023-04-01 00:00:00,Germany,Germany,DE,177.32,222.66,79.92,73.55,entsoe.eu,,
2023-04-02 00:00:00,Germany,Germany,DE,234.41,287.82,72.96,66.62,entsoe.eu,,
2023-04-03 00:00:00,Germany,Germany,DE,373.21,435.05,56.95,50.82,entsoe.eu,,
2023-04-04 00:00:00,Germany,Germany,DE,448.15,516.23,48.35,41.63,entsoe.eu,,
2023-04-05 00:00:00,Germany,Germany,DE,456.32,525.50,47.22,40.74,entsoe.eu,,
2023-04-06 00:00:00,Germany,Germany,DE,365.39,427.82,57.77,52.13,entsoe.eu,,
2023-04-07 00:00:00,Germany,Germany,DE,339.23,401.41,60.67,54.42,entsoe.eu,,
2023-04-08 00:00:00,Germany,Germany,DE,401.27,472.93,53.36,44.76,entsoe.eu,,
2023-04-09 00:00:00,Germany,Germany,DE,302.50,369.73,65.03,56.19,entsoe.eu,,
2023-04-10 00:00:00,Germany,Germany,DE,155.81,207.66,80.56,75.13,entsoe.eu,,
2023-04-11 00:00:00,Germany,Germany,DE,216.27,263.87,74.75,68.83,entsoe.eu,,
2023-04-12 00:00:00,Germany,Germany,DE,262.62,315.89,69.17,62.77,entsoe.eu,,
2023-04-13 00:00:00,Germany,Germany,DE,299.80,355.62,65.02,59.39,entsoe.eu,,
2023-04-14 00:00:00,Germany,Germany,DE,403.90,470.27,52.76,46.47,entsoe.eu,,
2023-04-15 00:00:00,Germany,Germany,DE,318.34,377.36,63.88,59.93,Electricity Maps Estimation; entsoe.eu,,
2023-04-16 00:00:00,Germany,Germany,DE,394.38,463.35,54.98,51.66,entsoe.eu,,
2023-04-17 00:00:00,Germany,Germany,DE,380.97,443.62,55.90,53.60,entsoe.eu,,
2023-04-18 00:00:00,Germany,Germany,DE,343.80,401.59,60.85,59.50,entsoe.eu,,
2023-04-19 00:00:00,Germany,Germany,DE,288.45,342.73,66.85,65.52,entsoe.eu,,
2023-04-20 00:00:00,Germany,Germany,DE,328.73,385.21,61.85,60.39,entsoe.eu,,
2023-04-21 00:00:00,Germany,Germany,DE,272.26,326.22,68.36,67.84,entsoe.eu,,
2023-04-22 00:00:00,Germany,Germany,DE,258.78,315.23,70.13,68.88,entsoe.eu,,
2023-04-23 00:00:00,Germany,Germany,DE,263.26,324.24,69.05,65.05,entsoe.eu,,
2023-04-24 00:00:00,Germany,Germany,DE,257.31,308.12,70.43,69.29,entsoe.eu,,
2023-04-25 00:00:00,Germany,Germany,DE,329.08,385.89,61.40,60.47,entsoe.eu,,
2023-04-26 00:00:00,Germany,Germany,DE,362.25,422.90,57.85,56.58,entsoe.eu,,
2023-04-27 00:00:00,Germany,Germany,DE,361.67,427.98,56.07,53.04,entsoe.eu,,
2023-04-28 00:00:00,Germany,Germany,DE,356.23,418.97,58.07,54.13,entsoe.eu,,
2023-04-29 00:00:00,Germany,Germany,DE,306.55,367.51,64.61,61.44,entsoe.eu,,
2023-04-30 00:00:00,Germany,Germany,DE,287.24,350.09,67.40,64.05,Electricity Maps Estimation; entsoe.eu,,
2023-05-01 00:00:00,Germany,Germany,DE,281.05,345.08,67.49,63.71,entsoe.eu,,
2023-05-02 00:00:00,Germany,Germany,DE,289.83,347.40,66.09,62.51,entsoe.eu,,
2023-05-03 00:00:00,Germany,Germany,DE,297.15,360.11,63.95,58.81,entsoe.eu,,
2023-05-04 00:00:00,Germany,Germany,DE,257.86,315.33,69.08,64.95,entsoe.eu,,
2023-05-05 00:00:00,Germany,Germany,DE,270.59,326.39,67.79,65.84,entsoe.eu,,
2023-05-06 00:00:00,Germany,Germany,DE,284.61,345.53,67.18,64.69,entsoe.eu,,
2023-05-07 00:00:00,Germany,Germany,DE,231.13,289.44,72.24,70.70,entsoe.eu,,
2023-05-08 00:00:00,Germany,Germany,DE,278.50,335.20,67.05,63.62,entsoe.eu,,
2023-05-09 00:00:00,Germany,Germany,DE,272.15,327.03,68.15,65.78,entsoe.eu,,
2023-05-10 00:00:00,Germany,Germany,DE,353.07,413.99,58.95,54.71,entsoe.eu,,
2023-05-11 00:00:00,Germany,Germany,DE,402.31,468.58,52.33,48.09,entsoe.eu,,
2023-05-12 00:00:00,Germany,Germany,DE,299.91,359.30,64.49,60.88,entsoe.eu,,
2023-05-13 00:00:00,Germany,Germany,DE,233.18,292.77,72.27,68.61,entsoe.eu,,
2023-05-14 00:00:00,Germany,Germany,DE,276.22,343.66,66.40,61.11,entsoe.eu,,
2023-05-15 00:00:00,Germany,Germany,DE,260.08,321.12,66.78,62.98,entsoe.eu,,
2023-05-16 00:00:00,Germany,Germany,DE,221.00,275.35,71.75,70.15,entsoe.eu,,
2023-05-17 00:00:00,Germany,Germany,DE,237.20,292.12,71.03,69.04,entsoe.eu,,
2023-05-18 00:00:00,Germany,Germany,DE,238.40,301.55,70.98,67.34,entsoe.eu,,
2023-05-19 00:00:00,Germany,Germany,DE,208.12,265.73,74.60,71.34,entsoe.eu,,
2023-05-20 00:00:00,Germany,Germany,DE,170.31,222.41,80.24,77.79,entsoe.eu,,
2023-05-21 00:00:00,Germany,Germany,DE,194.07,251.23,77.09,74.09,entsoe.eu,,
2023-05-22 00:00:00,Germany,Germany,DE,241.06,297.50,70.38,66.56,entsoe.eu,,
2023-05-23 00:00:00,Germany,Germany,DE,215.03,267.57,73.21,69.71,entsoe.eu,,
2023-05-24 00:00:00,Germany,Germany,DE,280.14,343.75,63.08,57.58,entsoe.eu,,
2023-05-25 00:00:00,Germany,Germany,DE,224.53,283.17,71.06,67.10,entsoe.eu,,
2023-05-26 00:00:00,Germany,Germany,DE,180.02,235.74,76.49,72.83,entsoe.eu,,
2023-05-27 00:00:00,Germany,Germany,DE,198.78,261.20,74.55,71.14,entsoe.eu,,
2023-05-28 00:00:00,Germany,Germany,DE,185.24,244.82,78.02,74.12,entsoe.eu,,
2023-05-29 00:00:00,Germany,Germany,DE,151.84,209.14,80.70,77.28,entsoe.eu,,
2023-05-30 00:00:00,Germany,Germany,DE,199.54,258.34,72.61,67.98,entsoe.eu,,
2023-05-31 00:00:00,Germany,Germany,DE,183.07,240.01,74.65,71.08,entsoe.eu,,
2023-06-01 00:00:00,Germany,Germany,DE,191.35,247.85,73.66,70.33,entsoe.eu,,
2023-06-02 00:00:00,Germany,Germany,DE,177.61,233.16,76.23,72.10,entsoe.eu,,
2023-06-03 00:00:00,Germany,Germany,DE,170.95,228.11,78.48,75.29,entsoe.eu,,
2023-06-04 00:00:00,Germany,Germany,DE,183.66,244.79,76.00,71.02,entsoe.eu,,
2023-06-05 00:00:00,Germany,Germany,DE,222.74,284.67,68.42,63.33,entsoe.eu,,
2023-06-06 00:00:00,Germany,Germany,DE,260.36,324.57,63.91,58.70,entsoe.eu,,
2023-06-07 00:00:00,Germany,Germany,DE,291.39,356.93,60.89,56.22,entsoe.eu,,
2023-06-08 00:00:00,Germany,Germany,DE,237.56,301.99,67.64,63.97,entsoe.eu,,
2023-06-09 00:00:00,Germany,Germany,DE,203.01,260.47,73.73,71.24,entsoe.eu,,
2023-06-10 00:00:00,Germany,Germany,DE,164.49,218.01,79.04,77.84,entsoe.eu,,
2023-06-11 00:00:00,Germany,Germany,DE,166.82,221.79,78.79,77.51,entsoe.eu,,
2023-06-12 00:00:00,Germany,Germany,DE,223.02,276.47,73.30,70.97,entsoe.eu,,
2023-06-13 00:00:00,Germany,Germany,DE,219.91,274.54,73.01,70.37,entsoe.eu,,
2023-06-14 00:00:00,Germany,Germany,DE,262.17,321.35,66.84,63.10,entsoe.eu,,
2023-06-15 00:00:00,Germany,Germany,DE,339.30,404.92,57.64,53.55,entsoe.eu,,
2023-06-16 00:00:00,Germany,Germany,DE,372.34,436.85,56.09,52.36,entsoe.eu,,
2023-06-17 00:00:00,Germany,Germany,DE,276.00,340.84,66.38,60.01,entsoe.eu,,
2023-06-18 00:00:00,Germany,Germany,DE,275.45,340.78,66.83,60.34,entsoe.eu,,
2023-06-19 00:00:00,Germany,Germany,DE,327.23,388.34,60.17,56.54,entsoe.eu,,
2023-06-20 00:00:00,Germany,Germany,DE,362.99,428.85,54.71,51.07,entsoe.eu,,
2023-06-21 00:00:00,Germany,Germany,DE,354.66,418.90,56.34,52.98,entsoe.eu,,
2023-06-22 00:00:00,Germany,Germany,DE,354.93,419.04,56.42,53.03,entsoe.eu,,
2023-06-23 00:00:00,Germany,Germany,DE,303.41,360.72,64.28,59.56,entsoe.eu,,
2023-06-24 00:00:00,Germany,Germany,DE,240.93,303.55,70.17,63.15,entsoe.eu,,
2023-06-25 00:00:00,Germany,Germany,DE,233.96,296.78,70.90,63.75,entsoe.eu,,
2023-06-26 00:00:00,Germany,Germany,DE,199.71,251.54,75.29,71.83,entsoe.eu,,
2023-06-27 00:00:00,Germany,Germany,DE,256.39,312.15,68.55,64.90,entsoe.eu,,
2023-06-28 00:00:00,Germany,Germany,DE,353.46,419.50,56.12,51.71,entsoe.eu,,
2023-06-29 00:00:00,Germany,Germany,DE,381.62,451.29,51.89,46.28,entsoe.eu,,
2023-06-30 00:00:00,Germany,Germany,DE,344.92,410.11,57.64,50.62,entsoe.eu,,
2023-07-01 00:00:00,Germany,Germany,DE,131.27,180.01,83.19,78.40,entsoe.eu,,
2023-07-02 00:00:00,Germany,Germany,DE,145.94,196.31,81.35,79.91,entsoe.eu,,
2023-07-03 00:00:00,Germany,Germany,DE,169.88,217.40,79.02,76.58,entsoe.eu,,
2023-07-04 00:00:00,Germany,Germany,DE,217.28,270.82,72.94,69.88,Electricity Maps Estimation; entsoe.eu,,
2023-07-05 00:00:00,Germany,Germany,DE,185.98,232.80,77.87,76.63,entsoe.eu,,
2023-07-06 00:00:00,Germany,Germany,DE,290.69,352.91,63.64,59.86,entsoe.eu,,
2023-07-07 00:00:00,Germany,Germany,DE,269.42,331.90,66.32,60.84,entsoe.eu,,
2023-07-08 00:00:00,Germany,Germany,DE,219.65,278.91,73.15,69.03,entsoe.eu,,
2023-07-09 00:00:00,Germany,Germany,DE,243.97,306.44,69.87,65.26,entsoe.eu,,
2023-07-10 00:00:00,Germany,Germany,DE,297.28,361.41,61.11,56.46,entsoe.eu,,
2023-07-11 00:00:00,Germany,Germany,DE,254.50,315.64,66.28,62.57,entsoe.eu,,
2023-07-12 00:00:00,Germany,Germany,DE,228.11,284.48,70.08,67.01,entsoe.eu,,
2023-07-13 00:00:00,Germany,Germany,DE,241.70,302.69,67.34,63.78,entsoe.eu,,
2023-07-14 00:00:00,Germany,Germany,DE,250.64,314.56,66.24,60.19,entsoe.eu,,
2023-07-15 00:00:00,Germany,Germany,DE,158.27,209.49,80.61,78.00,entsoe.eu,,
2023-07-16 00:00:00,Germany,Germany,DE,172.35,226.05,78.03,75.27,entsoe.eu,,
2023-07-17 00:00:00,Germany,Germany,DE,212.21,267.65,72.68,69.23,entsoe.eu,,
2023-07-18 00:00:00,Germany,Germany,DE,302.65,368.94,60.61,56.21,entsoe.eu,,
2023-07-19 00:00:00,Germany,Germany,DE,307.38,375.83,58.51,53.32,entsoe.eu,,
2023-07-20 00:00:00,Germany,Germany,DE,282.91,348.14,62.23,57.95,entsoe.eu,,
2023-07-21 00:00:00,Germany,Germany,DE,301.62,370.83,59.03,52.51,entsoe.eu,,
2023-07-22 00:00:00,Germany,Germany,DE,195.55,253.79,76.00,70.64,entsoe.eu,,
2023-07-23 00:00:00,Germany,Germany,DE,160.24,212.76,80.15,77.49,entsoe.eu,,
2023-07-24 00:00:00,Germany,Germany,DE,214.79,270.38,72.66,67.61,entsoe.eu,,
2023-07-25 00:00:00,Germany,Germany,DE,235.33,295.31,68.86,62.39,entsoe.eu,,
2023-07-26 00:00:00,Germany,Germany,DE,219.58,277.61,72.00,66.84,entsoe.eu,,
2023-07-27 00:00:00,Germany,Germany,DE,226.17,282.20,72.13,65.04,entsoe.eu,,
2023-07-28 00:00:00,Germany,Germany,DE,252.88,313.37,67.55,60.73,entsoe.eu,,
2023-07-29 00:00:00,Germany,Germany,DE,196.64,253.79,75.65,68.87,entsoe.eu,,
2023-07-30 00:00:00,Germany,Germany,DE,171.87,226.76,79.03,75.73,entsoe.eu,,
2023-07-31 00:00:00,Germany,Germany,DE,149.18,196.81,81.78,76.95,entsoe.eu,,
2023-08-01 00:00:00,Germany,Germany,DE,163.66,211.60,79.92,74.86,entsoe.eu,,
2023-08-02 00:00:00,Germany,Germany,DE,165.70,213.60,79.64,74.33,entsoe.eu,,
2023-08-03 00:00:00,Germany,Germany,DE,140.33,186.14,82.57,79.84,entsoe.eu,,
2023-08-04 00:00:00,Germany,Germany,DE,233.78,291.77,69.93,63.05,entsoe.eu,,
2023-08-05 00:00:00,Germany,Germany,DE,214.66,278.37,71.47,63.07,entsoe.eu,,
2023-08-06 00:00:00,Germany,Germany,DE,182.77,238.74,78.42,72.59,entsoe.eu,,
2023-08-07 00:00:00,Germany,Germany,DE,168.59,214.39,79.98,79.25,entsoe.eu,,
2023-08-08 00:00:00,Germany,Germany,DE,179.08,227.18,78.28,77.48,entsoe.eu,,
2023-08-09 00:00:00,Germany,Germany,DE,232.67,290.27,69.50,64.76,entsoe.eu,,
2023-08-10 00:00:00,Germany,Germany,DE,269.44,334.36,64.68,59.07,entsoe.eu,,
2023-08-11 00:00:00,Germany,Germany,DE,268.95,332.07,66.09,59.84,entsoe.eu,,
2023-08-12 00:00:00,Germany,Germany,DE,223.16,281.37,73.49,66.31,entsoe.eu,,
2023-08-13 00:00:00,Germany,Germany,DE,236.72,299.39,70.67,63.77,entsoe.eu,,
2023-08-14 00:00:00,Germany,Germany,DE,287.97,350.59,64.08,57.50,entsoe.eu,,
2023-08-15 00:00:00,Germany,Germany,DE,277.64,340.31,64.86,58.52,entsoe.eu,,
2023-08-16 00:00:00,Germany,Germany,DE,300.02,366.44,60.74,54.46,entsoe.eu,,
2023-08-17 00:00:00,Germany,Germany,DE,293.21,355.28,63.14,56.02,entsoe.eu,,
2023-08-18 00:00:00,Germany,Germany,DE,270.22,331.84,66.05,60.14,entsoe.eu,,
2023-08-19 00:00:00,Germany,Germany,DE,212.54,271.48,73.17,67.11,entsoe.eu,,
2023-08-20 00:00:00,Germany,Germany,DE,266.26,333.13,66.40,59.58,entsoe.eu,,
2023-08-21 00:00:00,Germany,Germany,DE,367.74,435.98,54.37,49.84,entsoe.eu,,
2023-08-22 00:00:00,Germany,Germany,DE,404.10,473.76,50.24,46.78,entsoe.eu,,
2023-08-23 00:00:00,Germany,Germany,DE,417.05,487.37,48.84,45.91,entsoe.eu,,
2023-08-24 00:00:00,Germany,Germany,DE,411.89,481.19,49.42,46.41,entsoe.eu,,
2023-08-25 00:00:00,Germany,Germany,DE,378.01,446.54,52.14,47.86,entsoe.eu,,
2023-08-26 00:00:00,Germany,Germany,DE,302.19,367.45,63.05,58.31,entsoe.eu,,
2023-08-27 00:00:00,Germany,Germany,DE,294.23,361.55,63.82,56.87,entsoe.eu,,
2023-08-28 00:00:00,Germany,Germany,DE,398.53,469.83,50.26,44.68,entsoe.eu,,
2023-08-29 00:00:00,Germany,Germany,DE,444.07,518.13,44.53,38.18,entsoe.eu,,
2023-08-30 00:00:00,Germany,Germany,DE,384.91,452.48,52.95,48.04,entsoe.eu,,
2023-08-31 00:00:00,Germany,Germany,DE,301.25,362.23,63.01,59.75,entsoe.eu,,
2023-09-01 00:00:00,Germany,Germany,DE,336.64,401.30,58.75,52.86,entsoe.eu,,
2023-09-02 00:00:00,Germany,Germany,DE,295.07,362.31,63.57,57.24,entsoe.eu,,
2023-09-03 00:00:00,Germany,Germany,DE,258.37,323.39,68.54,61.25,entsoe.eu,,
2023-09-04 00:00:00,Germany,Germany,DE,274.60,336.26,66.02,60.04,entsoe.eu,,
2023-09-05 00:00:00,Germany,Germany,DE,300.42,363.76,62.78,57.65,entsoe.eu,,
2023-09-06 00:00:00,Germany,Germany,DE,326.10,389.98,59.95,55.08,entsoe.eu,,
2023-09-07 00:00:00,Germany,Germany,DE,276.61,335.72,66.01,62.63,entsoe.eu,,
2023-09-08 00:00:00,Germany,Germany,DE,332.33,395.33,59.70,55.01,entsoe.eu,,
2023-09-09 00:00:00,Germany,Germany,DE,355.32,423.84,58.12,51.79,entsoe.eu,,
2023-09-10 00:00:00,Germany,Germany,DE,352.66,422.29,58.18,50.37,entsoe.eu,,
2023-09-11 00:00:00,Germany,Germany,DE,371.45,437.69,54.64,49.17,entsoe.eu,,
2023-09-12 00:00:00,Germany,Germany,DE,413.47,480.93,50.23,45.07,entsoe.eu,,
2023-09-13 00:00:00,Germany,Germany,DE,387.36,451.98,53.25,48.10,entsoe.eu,,
2023-09-14 00:00:00,Germany,Germany,DE,427.08,496.10,48.64,43.17,entsoe.eu,,
2023-09-15 00:00:00,Germany,Germany,DE,337.99,400.86,59.82,55.03,entsoe.eu,,
2023-09-16 00:00:00,Germany,Germany,DE,307.22,370.24,64.96,57.88,entsoe.eu,,
2023-09-17 00:00:00,Germany,Germany,DE,267.74,329.76,68.98,61.71,entsoe.eu,,
2023-09-18 00:00:00,Germany,Germany,DE,234.99,286.43,72.45,68.27,entsoe.eu,,
2023-09-19 00:00:00,Germany,Germany,DE,199.55,245.58,77.26,74.54,entsoe.eu,,
2023-09-20 00:00:00,Germany,Germany,DE,221.08,271.15,73.94,70.42,entsoe.eu,,
2023-09-21 00:00:00,Germany,Germany,DE,296.07,350.74,66.35,62.12,entsoe.eu,,
2023-09-22 00:00:00,Germany,Germany,DE,343.76,401.72,60.66,54.76,entsoe.eu,,
2023-09-23 00:00:00,Germany,Germany,DE,247.54,304.06,71.88,66.94,entsoe.eu,,
2023-09-24 00:00:00,Germany,Germany,DE,217.72,275.98,74.72,69.12,entsoe.eu,,
2023-09-25 00:00:00,Germany,Germany,DE,312.35,371.08,63.78,59.49,entsoe.eu,,
2023-09-26 00:00:00,Germany,Germany,DE,421.66,489.68,50.84,45.21,entsoe.eu,,
2023-09-27 00:00:00,Germany,Germany,DE,389.45,454.30,54.85,49.63,entsoe.eu,,
2023-09-28 00:00:00,Germany,Germany,DE,335.01,395.19,61.32,56.66,entsoe.eu,,
2023-09-29 00:00:00,Germany,Germany,DE,286.16,342.69,66.73,62.95,entsoe.eu,,
2023-09-30 00:00:00,Germany,Germany,DE,293.87,354.85,66.48,62.16,entsoe.eu,,
2023-10-01 00:00:00,Germany,Germany,DE,269.36,332.94,68.43,62.41,entsoe.eu,,
2023-10-02 00:00:00,Germany,Germany,DE,353.37,417.73,58.83,54.43,entsoe.eu,,
2023-10-03 00:00:00,Germany,Germany,DE,141.75,188.06,82.62,81.50,entsoe.eu,,
2023-10-04 00:00:00,Germany,Germany,DE,221.90,273.22,72.94,71.20,entsoe.eu,,
2023-10-05 00:00:00,Germany,Germany,DE,290.65,348.99,63.76,60.65,entsoe.eu,,
2023-10-06 00:00:00,Germany,Germany,DE,221.87,271.63,73.40,71.77,entsoe.eu,,
2023-10-07 00:00:00,Germany,Germany,DE,177.79,227.47,78.70,77.73,entsoe.eu,,
2023-10-08 00:00:00,Germany,Germany,DE,328.93,398.48,59.53,53.49,entsoe.eu,,
2023-10-09 00:00:00,Germany,Germany,DE,395.49,461.66,50.89,46.64,entsoe.eu,,
2023-10-10 00:00:00,Germany,Germany,DE,367.37,431.08,55.35,51.67,entsoe.eu,,
2023-10-11 00:00:00,Germany,Germany,DE,212.41,258.41,76.11,75.12,entsoe.eu,,
2023-10-12 00:00:00,Germany,Germany,DE,423.20,486.66,50.62,47.43,entsoe.eu,,
2023-10-13 00:00:00,Germany,Germany,DE,202.76,249.90,75.87,73.40,entsoe.eu,,
2023-10-14 00:00:00,Germany,Germany,DE,175.44,220.56,79.87,78.88,entsoe.eu,,
2023-10-15 00:00:00,Germany,Germany,DE,216.79,267.33,74.94,73.92,entsoe.eu,,
2023-10-16 00:00:00,Germany,Germany,DE,461.05,526.71,47.48,44.17,entsoe.eu,,
2023-10-17 00:00:00,Germany,Germany,DE,479.60,548.11,44.56,40.07,entsoe.eu,,
2023-10-18 00:00:00,Germany,Germany,DE,306.57,361.27,64.64,60.48,entsoe.eu,,
2023-10-19 00:00:00,Germany,Germany,DE,311.55,364.99,63.55,59.02,entsoe.eu,,
2023-10-20 00:00:00,Germany,Germany,DE,234.64,283.24,71.89,68.60,entsoe.eu,,
2023-10-21 00:00:00,Germany,Germany,DE,191.27,239.57,77.57,72.87,entsoe.eu,,
2023-10-22 00:00:00,Germany,Germany,DE,237.26,289.87,72.92,68.74,entsoe.eu,,
2023-10-23 00:00:00,Germany,Germany,DE,451.18,516.74,47.58,43.54,entsoe.eu,,
2023-10-24 00:00:00,Germany,Germany,DE,425.62,489.88,49.65,45.61,entsoe.eu,,
2023-10-25 00:00:00,Germany,Germany,DE,406.08,468.22,52.70,49.40,entsoe.eu,,
2023-10-26 00:00:00,Germany,Germany,DE,452.21,518.17,47.12,42.22,entsoe.eu,,
2023-10-27 00:00:00,Germany,Germany,DE,414.22,475.42,53.39,47.71,entsoe.eu,,
2023-10-28 00:00:00,Germany,Germany,DE,211.88,264.01,75.45,68.63,entsoe.eu,,
2023-10-29 00:00:00,Germany,Germany,DE,123.06,165.46,85.44,82.49,entsoe.eu,,
2023-10-30 00:00:00,Germany,Germany,DE,327.42,384.11,61.99,58.77,entsoe.eu,,
2023-10-31 00:00:00,Germany,Germany,DE,298.18,353.99,65.43,62.38,entsoe.eu,,
2023-11-01 00:00:00,Germany,Germany,DE,173.84,225.85,78.21,71.89,entsoe.eu,,
2023-11-02 00:00:00,Germany,Germany,DE,158.84,202.63,80.89,77.76,entsoe.eu,,
2023-11-03 00:00:00,Germany,Germany,DE,194.05,240.14,76.56,71.83,entsoe.eu,,
2023-11-04 00:00:00,Germany,Germany,DE,121.31,164.66,85.11,82.02,entsoe.eu,,
2023-11-05 00:00:00,Germany,Germany,DE,146.54,190.88,82.74,78.47,entsoe.eu,,
2023-11-06 00:00:00,Germany,Germany,DE,191.53,236.36,76.86,75.73,entsoe.eu,,
2023-11-07 00:00:00,Germany,Germany,DE,260.65,310.31,69.07,67.37,entsoe.eu,,
2023-11-08 00:00:00,Germany,Germany,DE,247.78,295.81,70.90,69.72,entsoe.eu,,
2023-11-09 00:00:00,Germany,Germany,DE,315.34,368.65,63.70,61.94,entsoe.eu,,
2023-11-10 00:00:00,Germany,Germany,DE,340.94,396.94,60.53,57.81,entsoe.eu,,
2023-11-11 00:00:00,Germany,Germany,DE,379.18,442.78,56.05,52.21,entsoe.eu,,
2023-11-12 00:00:00,Germany,Germany,DE,424.79,493.20,51.16,44.53,entsoe.eu,,
2023-11-13 00:00:00,Germany,Germany,DE,301.63,355.32,64.44,60.86,entsoe.eu,,
2023-11-14 00:00:00,Germany,Germany,DE,218.93,264.49,74.38,72.17,entsoe.eu,,
2023-11-15 00:00:00,Germany,Germany,DE,355.95,413.19,58.18,55.72,entsoe.eu,,
2023-11-16 00:00:00,Germany,Germany,DE,444.93,509.88,47.03,44.83,entsoe.eu,,
2023-11-17 00:00:00,Germany,Germany,DE,501.93,570.61,41.09,37.94,entsoe.eu,,
2023-11-18 00:00:00,Germany,Germany,DE,314.73,377.15,61.26,55.65,entsoe.eu,,
2023-11-19 00:00:00,Germany,Germany,DE,162.11,207.84,80.24,77.39,entsoe.eu,,
2023-11-20 00:00:00,Germany,Germany,DE,387.79,448.14,53.95,49.45,entsoe.eu,,
2023-11-21 00:00:00,Germany,Germany,DE,500.86,569.77,40.60,36.15,entsoe.eu,,
2023-11-22 00:00:00,Germany,Germany,DE,431.46,496.24,47.79,44.76,entsoe.eu,,
2023-11-23 00:00:00,Germany,Germany,DE,216.48,265.31,71.72,71.45,entsoe.eu,,
2023-11-24 00:00:00,Germany,Germany,DE,230.53,278.39,71.26,70.49,entsoe.eu,,
2023-11-25 00:00:00,Germany,Germany,DE,352.78,412.06,58.54,56.73,entsoe.eu,,
2023-11-26 00:00:00,Germany,Germany,DE,527.26,601.23,37.97,35.37,entsoe.eu,,
2023-11-27 00:00:00,Germany,Germany,DE,453.40,519.03,45.06,43.00,entsoe.eu,,
2023-11-28 00:00:00,Germany,Germany,DE,474.82,541.51,42.29,39.85,entsoe.eu,,
2023-11-29 00:00:00,Germany,Germany,DE,477.83,544.10,42.11,40.74,entsoe.eu,,
2023-11-30 00:00:00,Germany,Germany,DE,567.86,645.22,29.62,25.24,entsoe.eu,,
2023-12-01 00:00:00,Germany,Germany,DE,574.20,651.68,29.24,25.46,entsoe.eu,,
2023-12-02 00:00:00,Germany,Germany,DE,600.86,681.02,27.25,24.51,entsoe.eu,,
2023-12-03 00:00:00,Germany,Germany,DE,552.58,626.17,35.49,33.12,entsoe.eu,,
2023-12-04 00:00:00,Germany,Germany,DE,458.76,523.44,44.38,41.97,entsoe.eu,,
2023-12-05 00:00:00,Germany,Germany,DE,444.92,508.59,46.15,44.38,entsoe.eu,,
2023-12-06 00:00:00,Germany,Germany,DE,526.06,600.02,34.80,32.41,entsoe.eu,,
2023-12-07 00:00:00,Germany,Germany,DE,515.30,590.56,35.31,31.21,entsoe.eu,,
2023-12-08 00:00:00,Germany,Germany,DE,448.62,516.07,44.75,41.58,entsoe.eu,,
2023-12-09 00:00:00,Germany,Germany,DE,269.19,324.17,66.64,62.84,entsoe.eu,,
2023-12-10 00:00:00,Germany,Germany,DE,183.82,230.66,76.95,73.53,entsoe.eu,,
2023-12-11 00:00:00,Germany,Germany,DE,335.26,389.08,60.86,57.54,entsoe.eu,,
2023-12-12 00:00:00,Germany,Germany,DE,486.84,555.06,41.53,36.66,entsoe.eu,,
2023-12-13 00:00:00,Germany,Germany,DE,434.13,498.83,47.51,43.55,entsoe.eu,,
2023-12-14 00:00:00,Germany,Germany,DE,532.91,605.60,35.60,30.06,entsoe.eu,,
2023-12-15 00:00:00,Germany,Germany,DE,445.68,512.14,46.56,42.95,entsoe.eu,,
2023-12-16 00:00:00,Germany,Germany,DE,261.03,315.33,67.58,65.98,entsoe.eu,,
2023-12-17 00:00:00,Germany,Germany,DE,255.49,308.84,68.85,68.34,entsoe.eu,,
2023-12-18 00:00:00,Germany,Germany,DE,271.57,324.07,66.66,65.42,entsoe.eu,,
2023-12-19 00:00:00,Germany,Germany,DE,269.83,323.26,66.59,64.52,entsoe.eu,,
2023-12-20 00:00:00,Germany,Germany,DE,197.67,245.05,74.56,72.50,entsoe.eu,,
2023-12-21 00:00:00,Germany,Germany,DE,140.44,179.73,82.71,80.89,entsoe.eu,,
2023-12-22 00:00:00,Germany,Germany,DE,126.61,165.47,84.41,82.62,entsoe.eu,,
2023-12-23 00:00:00,Germany,Germany,DE,158.29,201.88,80.87,76.91,entsoe.eu,,
2023-12-24 00:00:00,Germany,Germany,DE,112.87,154.98,85.43,83.70,entsoe.eu,,
2023-12-25 00:00:00,Germany,Germany,DE,131.40,174.63,83.92,81.92,entsoe.eu,,
2023-12-26 00:00:00,Germany,Germany,DE,141.34,186.91,82.11,81.52,entsoe.eu,,
2023-12-27 00:00:00,Germany,Germany,DE,212.28,265.47,72.94,67.22,entsoe.eu,,
2023-12-28 00:00:00,Germany,Germany,DE,129.28,169.61,84.24,83.02,entsoe.eu,,
2023-12-29 00:00:00,Germany,Germany,DE,122.35,162.12,85.14,84.02,entsoe.eu,,
2023-12-30 00:00:00,Germany,Germany,DE,155.61,199.75,81.46,77.79,entsoe.eu,,
2023-12-31 00:00:00,Germany,Germany,DE,136.71,181.48,83.05,79.22,entsoe.eu,,
2024-01-01 00:00:00,Germany,Germany,DE,145.00,189.04,82.18,79.28,entsoe.eu,,
2024-01-02 00:00:00,Germany,Germany,DE,159.35,201.62,79.52,74.79,entsoe.eu,,
2024-01-03 00:00:00,Germany,Germany,DE,140.14,181.56,81.75,78.39,entsoe.eu,,
2024-01-04 00:00:00,Germany,Germany,DE,285.74,339.83,64.17,59.01,entsoe.eu,,
2024-01-05 00:00:00,Germany,Germany,DE,311.46,368.57,61.12,56.83,entsoe.eu,,
2024-01-06 00:00:00,Germany,Germany,DE,358.54,420.30,55.84,48.73,entsoe.eu,,
2024-01-07 00:00:00,Germany,Germany,DE,349.41,411.27,56.65,50.83,entsoe.eu,,
2024-01-08 00:00:00,Germany,Germany,DE,374.22,437.34,51.84,48.99,entsoe.eu,,
2024-01-09 00:00:00,Germany,Germany,DE,463.01,532.94,41.44,39.57,entsoe.eu,,
2024-01-10 00:00:00,Germany,Germany,DE,507.68,583.21,34.82,32.60,entsoe.eu,,
2024-01-11 00:00:00,Germany,Germany,DE,514.24,590.33,34.06,31.07,entsoe.eu,,
2024-01-12 00:00:00,Germany,Germany,DE,496.94,569.75,36.87,34.77,entsoe.eu,,
2024-01-13 00:00:00,Germany,Germany,DE,340.94,401.42,56.91,56.64,entsoe.eu,,
2024-01-14 00:00:00,Germany,Germany,DE,311.65,369.64,60.70,60.46,entsoe.eu,,
2024-01-15 00:00:00,Germany,Germany,DE,357.87,416.80,54.17,53.11,entsoe.eu,,
2024-01-16 00:00:00,Germany,Germany,DE,450.93,517.79,43.18,41.23,entsoe.eu,,
2024-01-17 00:00:00,Germany,Germany,DE,460.72,528.86,41.84,38.16,entsoe.eu,,
2024-01-18 00:00:00,Germany,Germany,DE,458.28,528.87,41.19,37.48,entsoe.eu,,
2024-01-19 00:00:00,Germany,Germany,DE,335.55,393.01,57.09,56.57,entsoe.eu,,
2024-01-20 00:00:00,Germany,Germany,DE,270.45,326.03,63.85,63.17,entsoe.eu,,
2024-01-21 00:00:00,Germany,Germany,DE,178.92,227.34,75.30,73.99,entsoe.eu,,
2024-01-22 00:00:00,Germany,Germany,DE,178.81,222.02,76.41,74.33,entsoe.eu,,
2024-01-23 00:00:00,Germany,Germany,DE,188.78,234.09,74.89,72.92,entsoe.eu,,
2024-01-24 00:00:00,Germany,Germany,DE,168.86,211.53,77.78,75.97,entsoe.eu,,
2024-01-25 00:00:00,Germany,Germany,DE,275.03,331.71,62.97,59.56,entsoe.eu,,
2024-01-26 00:00:00,Germany,Germany,DE,221.79,272.40,70.96,68.60,entsoe.eu,,
2024-01-27 00:00:00,Germany,Germany,DE,235.23,290.44,69.56,66.48,entsoe.eu,,
2024-01-28 00:00:00,Germany,Germany,DE,207.49,265.46,71.64,67.08,entsoe.eu,,
2024-01-29 00:00:00,Germany,Germany,DE,325.26,386.97,57.99,54.43,entsoe.eu,,
2024-01-30 00:00:00,Germany,Germany,DE,305.88,363.98,61.15,57.69,entsoe.eu,,
2024-01-31 00:00:00,Germany,Germany,DE,294.08,349.12,62.86,59.19,entsoe.eu,,
2024-02-01 00:00:00,Germany,Germany,DE,259.82,310.41,67.65,65.48,entsoe.eu,,
2024-02-02 00:00:00,Germany,Germany,DE,204.83,253.36,73.43,71.43,entsoe.eu,,
2024-02-03 00:00:00,Germany,Germany,DE,162.63,206.33,79.50,79.01,entsoe.eu,,
2024-02-04 00:00:00,Germany,Germany,DE,142.53,185.24,81.76,81.57,entsoe.eu,,
2024-02-05 00:00:00,Germany,Germany,DE,160.60,202.12,79.18,79.14,entsoe.eu,,
2024-02-06 00:00:00,Germany,Germany,DE,158.19,199.61,79.47,78.78,entsoe.eu,,
2024-02-07 00:00:00,Germany,Germany,DE,333.41,391.07,58.11,54.18,entsoe.eu,,
2024-02-08 00:00:00,Germany,Germany,DE,432.55,500.63,45.34,40.38,entsoe.eu,,
2024-02-09 00:00:00,Germany,Germany,DE,280.33,334.59,65.04,61.02,entsoe.eu,,
2024-02-10 00:00:00,Germany,Germany,DE,344.95,409.01,58.19,53.06,entsoe.eu,,
2024-02-11 00:00:00,Germany,Germany,DE,300.38,360.50,63.01,57.61,entsoe.eu,,
2024-02-12 00:00:00,Germany,Germany,DE,376.74,440.36,53.38,48.88,entsoe.eu,,
2024-02-13 00:00:00,Germany,Germany,DE,319.81,379.94,60.22,57.23,entsoe.eu,,
2024-02-14 00:00:00,Germany,Germany,DE,344.34,402.33,58.53,54.22,entsoe.eu,,
2024-02-15 00:00:00,Germany,Germany,DE,348.80,410.37,57.03,52.27,entsoe.eu,,
2024-02-16 00:00:00,Germany,Germany,DE,273.88,328.17,66.36,62.62,entsoe.eu,,
2024-02-17 00:00:00,Germany,Germany,DE,328.12,391.87,58.41,52.78,entsoe.eu,,
2024-02-18 00:00:00,Germany,Germany,DE,211.73,267.39,72.18,67.74,entsoe.eu,,
2024-02-19 00:00:00,Germany,Germany,DE,259.48,310.53,68.29,64.25,entsoe.eu,,
2024-02-20 00:00:00,Germany,Germany,DE,274.42,329.19,65.85,61.92,entsoe.eu,,
2024-02-21 00:00:00,Germany,Germany,DE,230.46,281.40,71.06,67.12,entsoe.eu,,
2024-02-22 00:00:00,Germany,Germany,DE,206.73,254.74,73.79,69.58,entsoe.eu,,
2024-02-23 00:00:00,Germany,Germany,DE,216.60,265.72,72.13,69.96,entsoe.eu,,
2024-02-24 00:00:00,Germany,Germany,DE,254.40,314.98,67.25,63.82,entsoe.eu,,
2024-02-25 00:00:00,Germany,Germany,DE,286.76,350.23,63.44,58.81,entsoe.eu,,
2024-02-26 00:00:00,Germany,Germany,DE,338.79,403.35,56.67,51.93,entsoe.eu,,
2024-02-27 00:00:00,Germany,Germany,DE,438.50,510.41,43.92,38.90,entsoe.eu,,
2024-02-28 00:00:00,Germany,Germany,DE,419.85,492.16,45.30,40.80,entsoe.eu,,
2024-02-29 00:00:00,Germany,Germany,DE,277.57,334.57,64.83,61.84,entsoe.eu,,
2024-03-01 00:00:00,Germany,Germany,DE,309.38,370.50,60.88,56.23,entsoe.eu,,
2024-03-02 00:00:00,Germany,Germany,DE,262.32,323.03,66.54,63.70,entsoe.eu,,
2024-03-03 00:00:00,Germany,Germany,DE,304.64,368.21,62.85,60.47,entsoe.eu,,
2024-03-04 00:00:00,Germany,Germany,DE,454.48,523.72,45.23,42.02,entsoe.eu,,
2024-03-05 00:00:00,Germany,Germany,DE,452.89,521.89,44.76,42.20,entsoe.eu,,
2024-03-06 00:00:00,Germany,Germany,DE,484.48,557.22,40.86,37.99,entsoe.eu,,
2024-03-07 00:00:00,Germany,Germany,DE,385.59,449.98,53.35,49.83,entsoe.eu,,
2024-03-08 00:00:00,Germany,Germany,DE,207.88,259.37,73.55,71.01,entsoe.eu,,
2024-03-09 00:00:00,Germany,Germany,DE,165.69,215.71,78.38,76.25,entsoe.eu,,
2024-03-10 00:00:00,Germany,Germany,DE,181.07,233.01,76.75,76.30,entsoe.eu,,
2024-03-11 00:00:00,Germany,Germany,DE,318.91,379.17,60.12,57.98,entsoe.eu,,
2024-03-12 00:00:00,Germany,Germany,DE,453.64,526.13,42.98,38.57,entsoe.eu,,
2024-03-13 00:00:00,Germany,Germany,DE,383.77,450.25,51.85,48.46,entsoe.eu,,
2024-03-14 00:00:00,Germany,Germany,DE,287.82,346.96,63.26,59.71,entsoe.eu,,
2024-03-15 00:00:00,Germany,Germany,DE,193.55,243.67,75.27,71.84,entsoe.eu,,
2024-03-16 00:00:00,Germany,Germany,DE,185.94,236.22,76.66,73.28,entsoe.eu,,
2024-03-17 00:00:00,Germany,Germany,DE,265.25,328.73,66.79,60.85,entsoe.eu,,
2024-03-18 00:00:00,Germany,Germany,DE,360.35,425.05,54.83,49.92,entsoe.eu,,
2024-03-19 00:00:00,Germany,Germany,DE,367.89,434.96,53.94,49.66,entsoe.eu,,
2024-03-20 00:00:00,Germany,Germany,DE,428.57,500.11,47.09,42.45,entsoe.eu,,
2024-03-21 00:00:00,Germany,Germany,DE,343.07,406.32,57.49,53.68,entsoe.eu,,
2024-03-22 00:00:00,Germany,Germany,DE,231.85,287.55,69.61,65.38,entsoe.eu,,
2024-03-23 00:00:00,Germany,Germany,DE,160.17,210.70,78.81,75.85,entsoe.eu,,
2024-03-24 00:00:00,Germany,Germany,DE,136.43,184.74,81.80,80.71,entsoe.eu,,
2024-03-25 00:00:00,Germany,Germany,DE,324.53,386.92,59.08,56.36,entsoe.eu,,
2024-03-26 00:00:00,Germany,Germany,DE,264.90,321.92,67.18,65.13,entsoe.eu,,
2024-03-27 00:00:00,Germany,Germany,DE,278.88,338.95,64.50,59.48,entsoe.eu,,
2024-03-28 00:00:00,Germany,Germany,DE,174.98,224.66,77.60,74.05,entsoe.eu,,
2024-03-29 00:00:00,Germany,Germany,DE,177.00,225.57,78.66,75.36,entsoe.eu,,
2024-03-30 00:00:00,Germany,Germany,DE,235.19,293.59,71.22,65.14,entsoe.eu,,
2024-03-31 00:00:00,Germany,Germany,DE,208.88,268.78,74.67,65.98,entsoe.eu,,
2024-04-01 00:00:00,Germany,Germany,DE,170.50,224.16,78.62,71.31,entsoe.eu,,
2024-04-02 00:00:00,Germany,Germany,DE,138.75,182.51,82.49,79.87,entsoe.eu,,
2024-04-03 00:00:00,Germany,Germany,DE,261.54,320.28,65.57,61.72,entsoe.eu,,
2024-04-04 00:00:00,Germany,Germany,DE,168.14,216.62,78.14,75.33,entsoe.eu,,
2024-04-05 00:00:00,Germany,Germany,DE,165.81,212.75,79.17,77.06,entsoe.eu,,
2024-04-06 00:00:00,Germany,Germany,DE,147.23,196.22,81.97,79.86,entsoe.eu,,
2024-04-07 00:00:00,Germany,Germany,DE,176.84,230.09,77.50,74.88,entsoe.eu,,
2024-04-08 00:00:00,Germany,Germany,DE,288.16,347.09,64.17,59.24,entsoe.eu,,
2024-04-09 00:00:00,Germany,Germany,DE,176.62,223.77,77.82,74.60,entsoe.eu,,
2024-04-10 00:00:00,Germany,Germany,DE,227.13,279.48,71.22,68.07,entsoe.eu,,
2024-04-11 00:00:00,Germany,Germany,DE,211.92,264.12,72.66,69.41,entsoe.eu,,
2024-04-12 00:00:00,Germany,Germany,DE,178.43,227.78,77.32,73.26,entsoe.eu,,
2024-04-13 00:00:00,Germany,Germany,DE,130.87,178.73,83.46,81.38,entsoe.eu,,
2024-04-14 00:00:00,Germany,Germany,DE,156.78,207.12,79.83,77.19,entsoe.eu,,
2024-04-15 00:00:00,Germany,Germany,DE,181.65,228.63,76.86,73.53,entsoe.eu,,
2024-04-16 00:00:00,Germany,Germany,DE,214.84,265.50,73.02,70.46,entsoe.eu,,
2024-04-17 00:00:00,Germany,Germany,DE,362.73,429.04,54.34,49.90,entsoe.eu,,
2024-04-18 00:00:00,Germany,Germany,DE,328.66,390.34,59.32,56.35,entsoe.eu,,
2024-04-19 00:00:00,Germany,Germany,DE,166.12,211.30,79.04,77.16,entsoe.eu,,
2024-04-20 00:00:00,Germany,Germany,DE,200.57,255.25,74.99,71.38,entsoe.eu,,
2024-04-21 00:00:00,Germany,Germany,DE,222.53,283.49,71.43,67.84,entsoe.eu,,
2024-04-22 00:00:00,Germany,Germany,DE,339.30,406.22,55.15,51.81,entsoe.eu,,
2024-04-23 00:00:00,Germany,Germany,DE,319.70,387.09,56.49,53.40,entsoe.eu,,
2024-04-24 00:00:00,Germany,Germany,DE,312.49,377.94,57.57,54.64,entsoe.eu,,
2024-04-25 00:00:00,Germany,Germany,DE,330.17,397.37,56.06,52.10,entsoe.eu,,
2024-04-26 00:00:00,Germany,Germany,DE,317.60,381.56,59.74,55.88,entsoe.eu,,
2024-04-27 00:00:00,Germany,Germany,DE,207.89,265.01,74.39,70.10,entsoe.eu,,
2024-04-28 00:00:00,Germany,Germany,DE,144.03,195.99,81.45,79.01,entsoe.eu,,
2024-04-29 00:00:00,Germany,Germany,DE,225.68,284.25,70.56,65.86,entsoe.eu,,
2024-04-30 00:00:00,Germany,Germany,DE,199.38,252.49,75.22,70.69,entsoe.eu,,
2024-05-01 00:00:00,Germany,Germany,DE,128.39,177.83,83.71,80.79,entsoe.eu,,
2024-05-02 00:00:00,Germany,Germany,DE,141.05,186.39,82.40,79.85,entsoe.eu,,
2024-05-03 00:00:00,Germany,Germany,DE,199.94,250.18,74.80,69.51,entsoe.eu,,
2024-05-04 00:00:00,Germany,Germany,DE,227.33,288.49,70.95,63.98,entsoe.eu,,
2024-05-05 00:00:00,Germany,Germany,DE,181.31,236.93,77.18,72.01,entsoe.eu,,
2024-05-06 00:00:00,Germany,Germany,DE,297.86,362.07,61.61,55.21,entsoe.eu,,
2024-05-07 00:00:00,Germany,Germany,DE,310.74,375.77,59.72,52.83,entsoe.eu,,
2024-05-08 00:00:00,Germany,Germany,DE,307.17,373.56,60.21,53.37,entsoe.eu,,
2024-05-09 00:00:00,Germany,Germany,DE,238.82,304.14,69.49,63.62,entsoe.eu,,
2024-05-10 00:00:00,Germany,Germany,DE,221.71,285.07,70.70,64.26,entsoe.eu,,
2024-05-11 00:00:00,Germany,Germany,DE,185.57,245.16,76.47,71.23,entsoe.eu,,
2024-05-12 00:00:00,Germany,Germany,DE,136.65,190.81,82.35,78.52,entsoe.eu,,
2024-05-13 00:00:00,Germany,Germany,DE,159.59,208.69,79.63,75.31,entsoe.eu,,
2024-05-14 00:00:00,Germany,Germany,DE,143.84,190.16,82.23,78.72,entsoe.eu,,
2024-05-15 00:00:00,Germany,Germany,DE,179.92,229.62,77.09,73.84,entsoe.eu,,
2024-05-16 00:00:00,Germany,Germany,DE,190.41,240.69,75.68,72.09,entsoe.eu,,
2024-05-17 00:00:00,Germany,Germany,DE,190.82,239.79,76.46,71.80,entsoe.eu,,
2024-05-18 00:00:00,Germany,Germany,DE,188.00,244.75,76.68,69.99,entsoe.eu,,
2024-05-19 00:00:00,Germany,Germany,DE,195.60,254.08,76.31,69.28,entsoe.eu,,
2024-05-20 00:00:00,Germany,Germany,DE,188.71,245.11,77.12,70.97,entsoe.eu,,
2024-05-21 00:00:00,Germany,Germany,DE,198.06,247.91,74.74,70.37,entsoe.eu,,
2024-05-22 00:00:00,Germany,Germany,DE,230.01,283.53,70.90,65.87,entsoe.eu,,
2024-05-23 00:00:00,Germany,Germany,DE,284.42,343.68,64.67,59.37,entsoe.eu,,
2024-05-24 00:00:00,Germany,Germany,DE,313.76,377.86,59.99,54.79,entsoe.eu,,
2024-05-25 00:00:00,Germany,Germany,DE,247.88,309.02,69.47,63.20,entsoe.eu,,
2024-05-26 00:00:00,Germany,Germany,DE,215.75,275.97,73.59,68.12,Electricity Maps Estimation; entsoe.eu,,
2024-05-27 00:00:00,Germany,Germany,DE,287.41,347.44,64.49,59.11,entsoe.eu,,
2024-05-28 00:00:00,Germany,Germany,DE,281.37,339.63,66.26,61.38,entsoe.eu,,
2024-05-29 00:00:00,Germany,Germany,DE,225.30,277.87,72.41,67.29,entsoe.eu,,
2024-05-30 00:00:00,Germany,Germany,DE,283.19,345.80,64.89,58.53,entsoe.eu,,
2024-05-31 00:00:00,Germany,Germany,DE,261.00,318.45,68.48,62.50,entsoe.eu,,
2024-06-01 00:00:00,Germany,Germany,DE,156.87,206.63,80.57,74.23,entsoe.eu,,
2024-06-02 00:00:00,Germany,Germany,DE,152.38,202.09,81.20,75.66,entsoe.eu,,
2024-06-03 00:00:00,Germany,Germany,DE,303.70,363.63,61.15,55.10,entsoe.eu,,
2024-06-04 00:00:00,Germany,Germany,DE,271.29,329.85,65.94,60.59,entsoe.eu,,
2024-06-05 00:00:00,Germany,Germany,DE,225.31,277.45,72.56,68.66,entsoe.eu,,
2024-06-06 00:00:00,Germany,Germany,DE,264.20,323.07,67.02,62.05,entsoe.eu,,
2024-06-07 00:00:00,Germany,Germany,DE,239.82,296.67,69.41,63.67,entsoe.eu,,
2024-06-08 00:00:00,Germany,Germany,DE,161.37,212.12,79.94,75.42,entsoe.eu,,
2024-06-09 00:00:00,Germany,Germany,DE,167.01,221.53,77.88,73.94,entsoe.eu,,
2024-06-10 00:00:00,Germany,Germany,DE,219.02,272.27,72.64,68.11,entsoe.eu,,
2024-06-11 00:00:00,Germany,Germany,DE,182.30,230.41,77.68,73.78,entsoe.eu,,
2024-06-12 00:00:00,Germany,Germany,DE,232.28,286.61,71.72,66.82,entsoe.eu,,
2024-06-13 00:00:00,Germany,Germany,DE,271.26,328.23,67.33,61.75,entsoe.eu,,
2024-06-14 00:00:00,Germany,Germany,DE,207.90,254.64,76.35,70.75,entsoe.eu,,
2024-06-15 00:00:00,Germany,Germany,DE,119.62,164.15,85.40,81.68,entsoe.eu,,
2024-06-16 00:00:00,Germany,Germany,DE,160.56,210.36,80.87,75.81,entsoe.eu,,
2024-06-17 00:00:00,Germany,Germany,DE,280.09,336.03,66.66,60.44,entsoe.eu,,
2024-06-18 00:00:00,Germany,Germany,DE,318.62,378.98,61.47,56.29,entsoe.eu,,
2024-06-19 00:00:00,Germany,Germany,DE,298.22,354.18,65.21,59.74,entsoe.eu,,
2024-06-20 00:00:00,Germany,Germany,DE,319.28,378.23,61.92,56.58,entsoe.eu,,
2024-06-21 00:00:00,Germany,Germany,DE,324.27,383.65,60.71,54.50,entsoe.eu,,
2024-06-22 00:00:00,Germany,Germany,DE,147.78,196.51,82.13,76.50,entsoe.eu,,
2024-06-23 00:00:00,Germany,Germany,DE,207.46,264.18,74.88,67.58,entsoe.eu,,
2024-06-24 00:00:00,Germany,Germany,DE,260.98,318.97,68.07,61.93,entsoe.eu,,
2024-06-25 00:00:00,Germany,Germany,DE,252.33,307.12,69.74,65.57,entsoe.eu,,
2024-06-26 00:00:00,Germany,Germany,DE,281.04,337.93,66.24,61.83,entsoe.eu,,
2024-06-27 00:00:00,Germany,Germany,DE,273.19,328.94,66.94,60.47,entsoe.eu,,
2024-06-28 00:00:00,Germany,Germany,DE,184.87,233.36,77.69,72.06,entsoe.eu,,
2024-06-29 00:00:00,Germany,Germany,DE,177.39,229.69,78.57,71.95,entsoe.eu,,
2024-06-30 00:00:00,Germany,Germany,DE,186.22,238.71,77.59,69.93,entsoe.eu,,
2024-07-01 00:00:00,Germany,Germany,DE,264.30,316.79,69.36,62.96,entsoe.eu,,
2024-07-02 00:00:00,Germany,Germany,DE,249.70,299.65,72.00,65.40,entsoe.eu,,
2024-07-03 00:00:00,Germany,Germany,DE,264.81,316.67,69.29,62.04,entsoe.eu,,
2024-07-04 00:00:00,Germany,Germany,DE,119.07,161.11,85.31,80.12,entsoe.eu,,
2024-07-05 00:00:00,Germany,Germany,DE,137.88,181.10,83.68,78.51,entsoe.eu,,
2024-07-06 00:00:00,Germany,Germany,DE,110.73,158.43,85.62,83.26,entsoe.eu,,
2024-07-07 00:00:00,Germany,Germany,DE,167.81,219.74,80.01,75.18,entsoe.eu,,
2024-07-08 00:00:00,Germany,Germany,DE,267.17,323.06,68.25,62.00,entsoe.eu,,
2024-07-09 00:00:00,Germany,Germany,DE,217.37,268.97,74.35,69.13,entsoe.eu,,
2024-07-10 00:00:00,Germany,Germany,DE,275.04,328.38,68.09,61.22,entsoe.eu,,
2024-07-11 00:00:00,Germany,Germany,DE,299.72,358.06,63.94,57.29,entsoe.eu,,
2024-07-12 00:00:00,Germany,Germany,DE,232.79,285.95,71.82,65.02,entsoe.eu,,
2024-07-13 00:00:00,Germany,Germany,DE,146.01,194.10,82.80,76.86,entsoe.eu,,
2024-07-14 00:00:00,Germany,Germany,DE,154.68,206.74,81.05,74.48,entsoe.eu,,
2024-07-15 00:00:00,Germany,Germany,DE,211.61,262.71,74.49,68.65,entsoe.eu,,
2024-07-16 00:00:00,Germany,Germany,DE,197.00,245.94,76.66,72.00,entsoe.eu,,
2024-07-17 00:00:00,Germany,Germany,DE,217.30,268.72,74.03,68.96,entsoe.eu,,
2024-07-18 00:00:00,Germany,Germany,DE,277.11,335.19,66.69,60.49,entsoe.eu,,
2024-07-19 00:00:00,Germany,Germany,DE,269.89,326.90,67.93,61.72,entsoe.eu,,
2024-07-20 00:00:00,Germany,Germany,DE,182.37,233.83,78.73,72.11,entsoe.eu,,
2024-07-21 00:00:00,Germany,Germany,DE,198.15,252.54,76.35,68.46,entsoe.eu,,
2024-07-22 00:00:00,Germany,Germany,DE,215.14,268.15,73.34,67.02,entsoe.eu,,
2024-07-23 00:00:00,Germany,Germany,DE,241.33,295.02,71.01,64.37,entsoe.eu,,
2024-07-24 00:00:00,Germany,Germany,DE,242.13,295.78,71.27,65.18,entsoe.eu,,
2024-07-25 00:00:00,Germany,Germany,DE,256.15,314.26,68.90,62.53,entsoe.eu,,
2024-07-26 00:00:00,Germany,Germany,DE,261.51,318.25,68.27,60.94,entsoe.eu,,
2024-07-27 00:00:00,Germany,Germany,DE,273.42,336.47,65.81,56.45,entsoe.eu,,
2024-07-28 00:00:00,Germany,Germany,DE,184.85,240.29,77.59,71.34,entsoe.eu,,
2024-07-29 00:00:00,Germany,Germany,DE,234.71,290.11,72.12,65.52,entsoe.eu,,
2024-07-30 00:00:00,Germany,Germany,DE,288.71,347.91,65.53,59.06,entsoe.eu,,
2024-07-31 00:00:00,Germany,Germany,DE,311.56,372.71,62.63,56.26,entsoe.eu,,
2024-08-01 00:00:00,Germany,Germany,DE,342.86,404.00,59.82,53.62,entsoe.eu,,
2024-08-02 00:00:00,Germany,Germany,DE,332.04,392.63,61.14,53.78,entsoe.eu,,
2024-08-03 00:00:00,Germany,Germany,DE,224.39,281.15,73.54,64.67,entsoe.eu,,
2024-08-04 00:00:00,Germany,Germany,DE,201.79,256.98,76.21,68.29,entsoe.eu,,
2024-08-05 00:00:00,Germany,Germany,DE,286.04,344.76,65.49,58.27,entsoe.eu,,
2024-08-06 00:00:00,Germany,Germany,DE,280.59,339.73,65.59,59.06,entsoe.eu,,
2024-08-07 00:00:00,Germany,Germany,DE,300.31,358.41,63.92,56.70,entsoe.eu,,
2024-08-08 00:00:00,Germany,Germany,DE,284.95,341.38,65.74,58.68,entsoe.eu,,
2024-08-09 00:00:00,Germany,Germany,DE,150.04,194.88,81.58,76.18,entsoe.eu,,
2024-08-10 00:00:00,Germany,Germany,DE,158.17,206.38,81.71,75.81,entsoe.eu,,
2024-08-11 00:00:00,Germany,Germany,DE,189.91,246.01,76.75,69.49,entsoe.eu,,
2024-08-12 00:00:00,Germany,Germany,DE,244.26,298.52,71.00,64.79,entsoe.eu,,
2024-08-13 00:00:00,Germany,Germany,DE,245.79,300.44,70.96,65.55,entsoe.eu,,
2024-08-14 00:00:00,Germany,Germany,DE,309.80,369.12,62.74,55.79,entsoe.eu,,
2024-08-15 00:00:00,Germany,Germany,DE,268.79,328.05,67.20,60.06,entsoe.eu,,
2024-08-16 00:00:00,Germany,Germany,DE,287.89,344.46,65.30,58.91,entsoe.eu,,
2024-08-17 00:00:00,Germany,Germany,DE,308.16,371.85,63.29,55.27,entsoe.eu,,
2024-08-18 00:00:00,Germany,Germany,DE,294.50,354.95,66.60,56.74,entsoe.eu,,
2024-08-19 00:00:00,Germany,Germany,DE,315.20,374.78,62.69,55.23,entsoe.eu,,
2024-08-20 00:00:00,Germany,Germany,DE,243.10,295.72,71.28,64.00,entsoe.eu,,
2024-08-21 00:00:00,Germany,Germany,DE,155.77,201.31,81.20,75.33,entsoe.eu,,
2024-08-22 00:00:00,Germany,Germany,DE,161.27,205.93,80.95,75.26,entsoe.eu,,
2024-08-23 00:00:00,Germany,Germany,DE,135.18,177.16,83.88,79.29,entsoe.eu,,
2024-08-24 00:00:00,Germany,Germany,DE,133.81,178.82,84.29,79.20,entsoe.eu,,
2024-08-25 00:00:00,Germany,Germany,DE,159.84,210.39,80.10,75.61,entsoe.eu,,
2024-08-26 00:00:00,Germany,Germany,DE,258.13,314.83,67.17,60.58,entsoe.eu,,
2024-08-27 00:00:00,Germany,Germany,DE,272.72,332.85,65.15,59.42,entsoe.eu,,
2024-08-28 00:00:00,Germany,Germany,DE,260.70,315.77,68.13,62.78,entsoe.eu,,
2024-08-29 00:00:00,Germany,Germany,DE,305.48,365.90,60.97,55.22,entsoe.eu,,
2024-08-30 00:00:00,Germany,Germany,DE,326.46,388.37,58.83,52.77,entsoe.eu,,
2024-08-31 00:00:00,Germany,Germany,DE,212.39,265.71,74.72,69.27,entsoe.eu,,
2024-09-01 00:00:00,Germany,Germany,DE,202.71,258.15,74.92,70.15,entsoe.eu,,
2024-09-02 00:00:00,Germany,Germany,DE,306.70,366.65,62.09,56.59,entsoe.eu,,
2024-09-03 00:00:00,Germany,Germany,DE,357.02,423.34,54.29,48.50,entsoe.eu,,
2024-09-04 00:00:00,Germany,Germany,DE,348.96,415.16,54.79,48.78,entsoe.eu,,
2024-09-05 00:00:00,Germany,Germany,DE,219.35,269.89,73.12,70.03,entsoe.eu,,
2024-09-06 00:00:00,Germany,Germany,DE,260.75,313.29,68.77,64.50,entsoe.eu,,
2024-09-07 00:00:00,Germany,Germany,DE,271.25,329.70,68.47,62.70,entsoe.eu,,
2024-09-08 00:00:00,Germany,Germany,DE,283.02,342.72,67.44,60.73,entsoe.eu,,
2024-09-09 00:00:00,Germany,Germany,DE,309.42,364.87,63.26,57.47,entsoe.eu,,
2024-09-10 00:00:00,Germany,Germany,DE,176.52,221.51,79.10,74.02,entsoe.eu,,
2024-09-11 00:00:00,Germany,Germany,DE,255.20,307.55,69.94,64.70,entsoe.eu,,
2024-09-12 00:00:00,Germany,Germany,DE,339.04,401.00,58.42,51.40,entsoe.eu,,
2024-09-13 00:00:00,Germany,Germany,DE,236.36,287.47,72.12,66.04,entsoe.eu,,
2024-09-14 00:00:00,Germany,Germany,DE,187.53,236.37,78.21,71.88,entsoe.eu,,
2024-09-15 00:00:00,Germany,Germany,DE,237.59,293.10,72.75,65.48,entsoe.eu,,
2024-09-16 00:00:00,Germany,Germany,DE,326.79,383.03,61.56,55.09,entsoe.eu,,
2024-09-17 00:00:00,Germany,Germany,DE,290.18,345.28,66.32,60.65,entsoe.eu,,
2024-09-18 00:00:00,Germany,Germany,DE,268.97,322.68,68.88,63.16,entsoe.eu,,
2024-09-19 00:00:00,Germany,Germany,DE,240.44,291.17,72.32,66.53,entsoe.eu,,
2024-09-20 00:00:00,Germany,Germany,DE,202.88,251.87,76.60,71.31,entsoe.eu,,
2024-09-21 00:00:00,Germany,Germany,DE,234.23,289.32,73.20,66.17,entsoe.eu,,
2024-09-22 00:00:00,Germany,Germany,DE,316.83,379.43,63.79,55.27,entsoe.eu,,
2024-09-23 00:00:00,Germany,Germany,DE,390.94,454.70,54.18,46.24,entsoe.eu,,
2024-09-24 00:00:00,Germany,Germany,DE,308.68,362.79,65.32,59.17,entsoe.eu,,
2024-09-25 00:00:00,Germany,Germany,DE,251.58,300.08,72.07,66.82,entsoe.eu,,
2024-09-26 00:00:00,Germany,Germany,DE,173.86,216.93,80.36,76.41,entsoe.eu,,
2024-09-27 00:00:00,Germany,Germany,DE,106.42,145.37,86.91,84.05,entsoe.eu,,
2024-09-28 00:00:00,Germany,Germany,DE,153.96,198.27,82.21,78.31,entsoe.eu,,
2024-09-29 00:00:00,Germany,Germany,DE,206.12,258.25,76.46,69.61,entsoe.eu,,
2024-09-30 00:00:00,Germany,Germany,DE,186.19,232.15,77.17,72.46,entsoe.eu,,
2024-10-01 00:00:00,Germany,Germany,DE,264.74,312.88,70.20,64.44,entsoe.eu,,
2024-10-02 00:00:00,Germany,Germany,DE,338.49,394.16,61.37,55.48,entsoe.eu,,
2024-10-03 00:00:00,Germany,Germany,DE,302.32,357.15,66.26,60.82,entsoe.eu,,
2024-10-04 00:00:00,Germany,Germany,DE,388.51,448.88,56.63,50.49,entsoe.eu,,
2024-10-05 00:00:00,Germany,Germany,DE,354.68,417.19,60.10,52.01,entsoe.eu,,
2024-10-06 00:00:00,Germany,Germany,DE,233.46,288.99,72.37,66.90,entsoe.eu,,
2024-10-07 00:00:00,Germany,Germany,DE,312.13,364.70,64.57,58.49,entsoe.eu,,
2024-10-08 00:00:00,Germany,Germany,DE,310.55,363.82,64.80,58.55,entsoe.eu,,
2024-10-09 00:00:00,Germany,Germany,DE,251.83,299.80,71.63,65.74,entsoe.eu,,
2024-10-10 00:00:00,Germany,Germany,DE,209.47,255.33,75.03,70.87,entsoe.eu,,
2024-10-11 00:00:00,Germany,Germany,DE,281.42,332.16,67.59,61.17,entsoe.eu,,
2024-10-12 00:00:00,Germany,Germany,DE,168.52,217.65,79.76,74.65,entsoe.eu,,
2024-10-13 00:00:00,Germany,Germany,DE,147.44,191.74,82.09,80.99,entsoe.eu,,
2024-10-14 00:00:00,Germany,Germany,DE,373.95,436.67,54.37,47.42,entsoe.eu,,
2024-10-15 00:00:00,Germany,Germany,DE,324.05,381.73,61.65,55.33,entsoe.eu,,
2024-10-16 00:00:00,Germany,Germany,DE,183.75,232.76,76.27,72.64,entsoe.eu,,
2024-10-17 00:00:00,Germany,Germany,DE,277.71,332.74,66.63,61.50,entsoe.eu,,
2024-10-18 00:00:00,Germany,Germany,DE,398.96,461.54,53.77,46.58,entsoe.eu,,
2024-10-19 00:00:00,Germany,Germany,DE,294.15,352.99,65.64,57.35,entsoe.eu,,
2024-10-20 00:00:00,Germany,Germany,DE,165.66,218.06,78.85,73.18,entsoe.eu,,
2024-10-21 00:00:00,Germany,Germany,DE,314.37,370.54,62.29,57.10,entsoe.eu,,
2024-10-22 00:00:00,Germany,Germany,DE,333.20,391.44,60.19,54.77,entsoe.eu,,
2024-10-23 00:00:00,Germany,Germany,DE,396.90,461.33,52.04,45.34,entsoe.eu,,
2024-10-24 00:00:00,Germany,Germany,DE,374.62,435.20,56.56,50.70,entsoe.eu,,
2024-10-25 00:00:00,Germany,Germany,DE,402.57,467.51,51.79,45.37,entsoe.eu,,
2024-10-26 00:00:00,Germany,Germany,DE,390.01,453.80,55.64,48.77,entsoe.eu,,
2024-10-27 00:00:00,Germany,Germany,DE,312.72,371.34,63.25,54.52,entsoe.eu,,
2024-10-28 00:00:00,Germany,Germany,DE,343.72,403.35,58.33,52.95,entsoe.eu,,
2024-10-29 00:00:00,Germany,Germany,DE,424.60,493.72,46.83,40.86,entsoe.eu,,
2024-10-30 00:00:00,Germany,Germany,DE,431.82,499.55,46.85,41.03,entsoe.eu,,
2024-10-31 00:00:00,Germany,Germany,DE,362.69,422.58,56.19,51.30,entsoe.eu,,
2024-11-01 00:00:00,Germany,Germany,DE,258.58,312.64,68.47,63.51,entsoe.eu,,
2024-11-02 00:00:00,Germany,Germany,DE,404.58,471.60,52.42,44.81,entsoe.eu,,
2024-11-03 00:00:00,Germany,Germany,DE,373.68,440.73,55.90,49.71,entsoe.eu,,
2024-11-04 00:00:00,Germany,Germany,DE,439.25,512.54,43.42,37.21,entsoe.eu,,
2024-11-05 00:00:00,Germany,Germany,DE,458.61,534.91,39.90,34.14,entsoe.eu,,
2024-11-06 00:00:00,Germany,Germany,DE,494.12,574.91,33.80,26.22,entsoe.eu,,
2024-11-07 00:00:00,Germany,Germany,DE,489.35,568.59,34.52,27.53,entsoe.eu,,
2024-11-08 00:00:00,Germany,Germany,DE,438.20,510.96,42.65,38.38,entsoe.eu,,
2024-11-09 00:00:00,Germany,Germany,DE,482.10,560.07,39.33,34.17,entsoe.eu,,
2024-11-10 00:00:00,Germany,Germany,DE,472.76,553.63,38.96,32.38,entsoe.eu,,
2024-11-11 00:00:00,Germany,Germany,DE,415.03,485.93,44.82,39.74,entsoe.eu,,
2024-11-12 00:00:00,Germany,Germany,DE,449.86,525.95,39.02,33.39,entsoe.eu,,
2024-11-13 00:00:00,Germany,Germany,DE,448.18,522.11,40.32,34.95,entsoe.eu,,
2024-11-14 00:00:00,Germany,Germany,DE,406.51,475.83,46.62,43.23,entsoe.eu,,
2024-11-15 00:00:00,Germany,Germany,DE,416.32,485.95,46.04,41.99,entsoe.eu,,
2024-11-16 00:00:00,Germany,Germany,DE,301.72,359.73,62.29,61.49,entsoe.eu,,
2024-11-17 00:00:00,Germany,Germany,DE,212.56,263.33,73.02,72.43,entsoe.eu,,
2024-11-18 00:00:00,Germany,Germany,DE,303.42,358.72,62.12,59.86,entsoe.eu,,
2024-11-19 00:00:00,Germany,Germany,DE,362.26,423.35,54.16,50.75,entsoe.eu,,
2024-11-20 00:00:00,Germany,Germany,DE,341.34,399.99,58.06,54.83,entsoe.eu,,
2024-11-21 00:00:00,Germany,Germany,DE,357.44,419.47,53.49,50.57,entsoe.eu,,
2024-11-22 00:00:00,Germany,Germany,DE,296.73,351.09,62.79,60.82,entsoe.eu,,
2024-11-23 00:00:00,Germany,Germany,DE,202.56,254.98,73.13,70.26,entsoe.eu,,
2024-11-24 00:00:00,Germany,Germany,DE,125.44,168.69,83.22,81.00,entsoe.eu,,
2024-11-25 00:00:00,Germany,Germany,DE,215.15,264.51,71.92,69.07,entsoe.eu,,
2024-11-26 00:00:00,Germany,Germany,DE,334.13,394.58,57.28,53.28,entsoe.eu,,
2024-11-27 00:00:00,Germany,Germany,DE,300.48,356.86,61.74,58.38,entsoe.eu,,
2024-11-28 00:00:00,Germany,Germany,DE,288.20,343.90,62.75,61.01,entsoe.eu,,
2024-11-29 00:00:00,Germany,Germany,DE,412.89,484.55,45.97,41.10,entsoe.eu,,
2024-11-30 00:00:00,Germany,Germany,DE,331.09,391.68,59.55,57.03,entsoe.eu,,
2024-12-01 00:00:00,Germany,Germany,DE,327.41,389.48,59.70,55.70,entsoe.eu,,
2024-12-02 00:00:00,Germany,Germany,DE,331.42,391.10,57.17,53.05,entsoe.eu,,
2024-12-03 00:00:00,Germany,Germany,DE,382.98,450.63,48.98,44.96,entsoe.eu,,
2024-12-04 00:00:00,Germany,Germany,DE,429.22,502.13,42.21,36.70,entsoe.eu,,
2024-12-05 00:00:00,Germany,Germany,DE,293.38,350.40,62.05,58.86,entsoe.eu,,
2024-12-06 00:00:00,Germany,Germany,DE,261.45,310.99,67.71,64.31,entsoe.eu,,
2024-12-07 00:00:00,Germany,Germany,DE,223.17,275.79,71.50,66.27,entsoe.eu,,
2024-12-08 00:00:00,Germany,Germany,DE,287.02,345.38,63.32,58.11,entsoe.eu,,
2024-12-09 00:00:00,Germany,Germany,DE,273.31,327.28,64.21,61.07,entsoe.eu,,
2024-12-10 00:00:00,Germany,Germany,DE,375.69,443.94,47.87,43.56,entsoe.eu,,
2024-12-11 00:00:00,Germany,Germany,DE,459.47,539.82,35.18,28.72,entsoe.eu,,
2024-12-12 00:00:00,Germany,Germany,DE,470.36,551.95,33.83,27.60,entsoe.eu,,
2024-12-13 00:00:00,Germany,Germany,DE,434.98,511.95,39.51,35.01,entsoe.eu,,
2024-12-14 00:00:00,Germany,Germany,DE,333.65,394.32,58.52,56.82,entsoe.eu,,
2024-12-15 00:00:00,Germany,Germany,DE,191.85,239.88,75.53,75.04,entsoe.eu,,
2024-12-16 00:00:00,Germany,Germany,DE,209.84,256.02,73.66,73.40,entsoe.eu,,
2024-12-17 00:00:00,Germany,Germany,DE,316.05,373.30,59.95,57.64,entsoe.eu,,
2024-12-18 00:00:00,Germany,Germany,DE,157.42,203.38,78.16,75.03,entsoe.eu,,
2024-12-19 00:00:00,Germany,Germany,DE,152.98,195.73,79.62,77.36,entsoe.eu,,
2024-12-20 00:00:00,Germany,Germany,DE,194.44,240.54,74.92,73.78,entsoe.eu,,
2024-12-21 00:00:00,Germany,Germany,DE,124.42,166.51,83.68,81.80,entsoe.eu,,
2024-12-22 00:00:00,Germany,Germany,DE,145.62,188.72,81.57,77.38,entsoe.eu,,
2024-12-23 00:00:00,Germany,Germany,DE,204.79,254.72,73.76,71.42,entsoe.eu,,
2024-12-24 00:00:00,Germany,Germany,DE,370.34,436.58,55.32,51.50,entsoe.eu,,
2024-12-25 00:00:00,Germany,Germany,DE,392.19,462.58,53.18,47.14,entsoe.eu,,
2024-12-26 00:00:00,Germany,Germany,DE,474.90,553.69,42.00,37.12,entsoe.eu,,
2024-12-27 00:00:00,Germany,Germany,DE,480.88,561.33,37.65,32.44,entsoe.eu,,
2024-12-28 00:00:00,Germany,Germany,DE,475.27,557.26,38.35,33.65,entsoe.eu,,
2024-12-29 00:00:00,Germany,Germany,DE,371.41,440.17,52.29,50.72,entsoe.eu,,
2024-12-30 00:00:00,Germany,Germany,DE,319.57,380.42,58.30,57.92,entsoe.eu,,
2024-12-31 00:00:00,Germany,Germany,DE,261.16,320.34,64.62,63.69,entsoe.eu,,
