Datetime (UTC),Country,Zone name,Zone id,Carbon intensity gCO₂eq/kWh (direct),Carbon intensity gCO₂eq/kWh (Life cycle),Carbon-free energy percentage (CFE%),Renewable energy percentage (RE%),Data source
2021-01-01 00:00:00,Poland,Poland,PL,847.34,942.96,9.58,8.02,entsoe.eu,,
2021-01-02 00:00:00,Poland,Poland,PL,835.74,929.90,11.53,9.54,entsoe.eu,,
2021-01-03 00:00:00,Poland,Poland,PL,721.00,806.80,22.78,20.38,entsoe.eu,,
2021-01-04 00:00:00,Poland,Poland,PL,804.01,893.86,15.21,13.68,entsoe.eu,,
2021-01-05 00:00:00,Poland,Poland,PL,783.71,869.91,17.91,16.79,entsoe.eu,,
2021-01-06 00:00:00,Poland,Poland,PL,873.02,966.84,8.74,7.99,entsoe.eu,,
2021-01-07 00:00:00,Poland,Poland,PL,889.57,984.06,7.54,6.97,entsoe.eu,,
2021-01-08 00:00:00,Poland,Poland,PL,892.92,987.65,7.00,6.46,entsoe.eu,,
2021-01-09 00:00:00,Poland,Poland,PL,861.60,955.80,9.10,7.87,entsoe.eu,,
2021-01-10 00:00:00,Poland,Poland,PL,825.49,918.50,12.16,10.87,entsoe.eu,,
2021-01-11 00:00:00,Poland,Poland,PL,737.22,820.28,22.66,21.48,entsoe.eu,,
2021-01-12 00:00:00,Poland,Poland,PL,726.11,808.04,23.48,22.19,entsoe.eu,,
2021-01-13 00:00:00,Poland,Poland,PL,770.75,856.23,19.34,17.98,entsoe.eu,,
2021-01-14 00:00:00,Poland,Poland,PL,835.32,925.55,12.85,11.57,entsoe.eu,,
2021-01-15 00:00:00,Poland,Poland,PL,848.14,938.63,11.62,10.75,entsoe.eu,,
2021-01-16 00:00:00,Poland,Poland,PL,779.64,866.10,18.05,17.16,entsoe.eu,,
2021-01-17 00:00:00,Poland,Poland,PL,860.60,954.96,9.59,8.28,entsoe.eu,,
2021-01-18 00:00:00,Poland,Poland,PL,840.84,931.87,12.53,11.13,entsoe.eu,,
2021-01-19 00:00:00,Poland,Poland,PL,786.58,872.97,17.87,16.53,entsoe.eu,,
2021-01-20 00:00:00,Poland,Poland,PL,715.39,796.32,24.89,23.66,entsoe.eu,,
2021-01-21 00:00:00,Poland,Poland,PL,666.99,744.00,29.76,28.65,entsoe.eu,,
2021-01-22 00:00:00,Poland,Poland,PL,696.79,776.13,26.95,25.73,entsoe.eu,,
2021-01-23 00:00:00,Poland,Poland,PL,756.51,840.91,21.05,19.24,entsoe.eu,,
2021-01-24 00:00:00,Poland,Poland,PL,840.77,933.37,12.70,10.43,entsoe.eu,,
2021-01-25 00:00:00,Poland,Poland,PL,845.41,936.01,13.05,11.48,entsoe.eu,,
2021-01-26 00:00:00,Poland,Poland,PL,788.90,873.74,18.98,17.97,entsoe.eu,,
2021-01-27 00:00:00,Poland,Poland,PL,822.37,910.17,15.01,13.96,entsoe.eu,,
2021-01-28 00:00:00,Poland,Poland,PL,780.77,865.79,19.56,18.06,entsoe.eu,,
2021-01-29 00:00:00,Poland,Poland,PL,827.37,915.98,14.29,12.66,entsoe.eu,,
2021-01-30 00:00:00,Poland,Poland,PL,813.31,900.61,15.67,13.70,entsoe.eu,,
2021-01-31 00:00:00,Poland,Poland,PL,785.17,869.47,18.29,17.40,entsoe.eu,,
2021-02-01 00:00:00,Poland,Poland,PL,833.08,919.74,14.48,13.71,entsoe.eu,,
2021-02-02 00:00:00,Poland,Poland,PL,840.61,928.03,13.18,11.80,entsoe.eu,,
2021-02-03 00:00:00,Poland,Poland,PL,808.32,893.49,17.06,15.78,entsoe.eu,,
2021-02-04 00:00:00,Poland,Poland,PL,818.34,904.47,15.56,14.16,entsoe.eu,,
2021-02-05 00:00:00,Poland,Poland,PL,851.94,941.33,11.71,10.04,entsoe.eu,,
2021-02-06 00:00:00,Poland,Poland,PL,766.86,851.35,20.07,18.21,entsoe.eu,,
2021-02-07 00:00:00,Poland,Poland,PL,663.67,741.55,30.41,29.09,entsoe.eu,,
2021-02-08 00:00:00,Poland,Poland,PL,739.49,820.41,23.50,22.54,entsoe.eu,,
2021-02-09 00:00:00,Poland,Poland,PL,877.49,970.13,9.75,8.30,entsoe.eu,,
2021-02-10 00:00:00,Poland,Poland,PL,892.14,985.94,7.90,6.79,entsoe.eu,,
2021-02-11 00:00:00,Poland,Poland,PL,867.44,958.15,11.00,10.36,entsoe.eu,,
2021-02-12 00:00:00,Poland,Poland,PL,821.82,910.20,14.80,13.63,entsoe.eu,,
2021-02-13 00:00:00,Poland,Poland,PL,745.49,828.76,22.28,21.01,entsoe.eu,,
2021-02-14 00:00:00,Poland,Poland,PL,708.87,790.13,25.47,24.33,entsoe.eu,,
2021-02-15 00:00:00,Poland,Poland,PL,819.51,908.57,15.27,13.96,entsoe.eu,,
2021-02-16 00:00:00,Poland,Poland,PL,831.99,921.57,13.76,12.21,entsoe.eu,,
2021-02-17 00:00:00,Poland,Poland,PL,803.08,890.57,17.09,15.35,entsoe.eu,,
2021-02-18 00:00:00,Poland,Poland,PL,782.07,868.04,19.14,17.43,entsoe.eu,,
2021-02-19 00:00:00,Poland,Poland,PL,742.85,825.84,22.63,20.73,entsoe.eu,,
2021-02-20 00:00:00,Poland,Poland,PL,721.04,805.14,24.04,21.42,entsoe.eu,,
2021-02-21 00:00:00,Poland,Poland,PL,694.01,776.15,26.34,23.98,entsoe.eu,,
2021-02-22 00:00:00,Poland,Poland,PL,779.95,867.05,18.31,16.03,entsoe.eu,,
2021-02-23 00:00:00,Poland,Poland,PL,758.22,843.54,20.59,18.06,entsoe.eu,,
2021-02-24 00:00:00,Poland,Poland,PL,729.45,812.29,23.69,21.48,entsoe.eu,,
2021-02-25 00:00:00,Poland,Poland,PL,719.33,801.62,24.85,22.75,entsoe.eu,,
2021-02-26 00:00:00,Poland,Poland,PL,695.00,774.96,27.19,25.10,entsoe.eu,,
2021-02-27 00:00:00,Poland,Poland,PL,698.55,779.51,26.66,24.45,entsoe.eu,,
2021-02-28 00:00:00,Poland,Poland,PL,715.61,797.86,24.94,23.04,entsoe.eu,,
2021-03-01 00:00:00,Poland,Poland,PL,808.52,895.27,16.29,13.57,entsoe.eu,,
2021-03-02 00:00:00,Poland,Poland,PL,799.15,885.11,16.85,14.03,entsoe.eu,,
2021-03-03 00:00:00,Poland,Poland,PL,794.15,879.58,17.87,14.99,entsoe.eu,,
2021-03-04 00:00:00,Poland,Poland,PL,782.74,866.37,18.66,16.13,entsoe.eu,,
2021-03-05 00:00:00,Poland,Poland,PL,806.07,892.13,16.63,14.13,entsoe.eu,,
2021-03-06 00:00:00,Poland,Poland,PL,709.80,788.84,26.27,23.97,entsoe.eu,,
2021-03-07 00:00:00,Poland,Poland,PL,657.16,731.02,30.96,29.21,entsoe.eu,,
2021-03-08 00:00:00,Poland,Poland,PL,825.54,912.85,14.57,12.49,entsoe.eu,,
2021-03-09 00:00:00,Poland,Poland,PL,848.33,938.01,12.22,9.89,entsoe.eu,,
2021-03-10 00:00:00,Poland,Poland,PL,816.14,903.78,15.80,13.52,entsoe.eu,,
2021-03-11 00:00:00,Poland,Poland,PL,644.06,716.50,33.85,32.28,entsoe.eu,,
2021-03-12 00:00:00,Poland,Poland,PL,634.71,707.15,34.36,32.55,entsoe.eu,,
2021-03-13 00:00:00,Poland,Poland,PL,587.85,658.77,38.69,36.39,entsoe.eu,,
2021-03-14 00:00:00,Poland,Poland,PL,589.06,660.50,38.02,35.51,entsoe.eu,,
2021-03-15 00:00:00,Poland,Poland,PL,781.51,867.66,18.90,16.17,entsoe.eu,,
2021-03-16 00:00:00,Poland,Poland,PL,808.88,896.65,16.35,13.70,entsoe.eu,,
2021-03-17 00:00:00,Poland,Poland,PL,795.57,882.77,17.35,14.72,entsoe.eu,,
2021-03-18 00:00:00,Poland,Poland,PL,828.19,918.78,13.63,11.09,entsoe.eu,,
2021-03-19 00:00:00,Poland,Poland,PL,752.67,837.09,21.46,19.08,entsoe.eu,,
2021-03-20 00:00:00,Poland,Poland,PL,746.93,831.01,23.05,20.49,entsoe.eu,,
2021-03-21 00:00:00,Poland,Poland,PL,652.90,729.49,31.91,29.35,entsoe.eu,,
2021-03-22 00:00:00,Poland,Poland,PL,765.76,851.04,20.53,18.47,entsoe.eu,,
2021-03-23 00:00:00,Poland,Poland,PL,782.79,869.73,17.88,15.60,entsoe.eu,,
2021-03-24 00:00:00,Poland,Poland,PL,811.85,901.15,15.22,12.74,entsoe.eu,,
2021-03-25 00:00:00,Poland,Poland,PL,808.03,897.33,15.67,13.24,entsoe.eu,,
2021-03-26 00:00:00,Poland,Poland,PL,774.81,861.29,19.39,16.75,entsoe.eu,,
2021-03-27 00:00:00,Poland,Poland,PL,650.87,727.79,32.04,29.92,entsoe.eu,,
2021-03-28 00:00:00,Poland,Poland,PL,676.08,755.70,28.58,26.60,entsoe.eu,,
2021-03-29 00:00:00,Poland,Poland,PL,727.84,810.01,24.30,21.90,entsoe.eu,,
2021-03-30 00:00:00,Poland,Poland,PL,756.56,841.47,20.88,18.27,entsoe.eu,,
2021-03-31 00:00:00,Poland,Poland,PL,773.54,860.97,18.67,15.90,entsoe.eu,,
2021-04-01 00:00:00,Poland,Poland,PL,740.08,824.29,22.36,19.65,entsoe.eu,,
2021-04-02 00:00:00,Poland,Poland,PL,730.28,814.92,23.24,20.40,entsoe.eu,,
2021-04-03 00:00:00,Poland,Poland,PL,710.57,795.13,24.86,22.64,entsoe.eu,,
2021-04-04 00:00:00,Poland,Poland,PL,640.58,721.23,31.33,29.22,entsoe.eu,,
2021-04-05 00:00:00,Poland,Poland,PL,559.43,630.65,40.44,39.80,entsoe.eu,,
2021-04-06 00:00:00,Poland,Poland,PL,689.41,768.37,28.12,26.65,entsoe.eu,,
2021-04-07 00:00:00,Poland,Poland,PL,703.83,783.45,27.49,25.86,entsoe.eu,,
2021-04-08 00:00:00,Poland,Poland,PL,726.13,807.06,25.39,24.08,entsoe.eu,,
2021-04-09 00:00:00,Poland,Poland,PL,668.61,745.01,30.58,29.45,entsoe.eu,,
2021-04-10 00:00:00,Poland,Poland,PL,770.00,857.52,19.79,17.72,entsoe.eu,,
2021-04-11 00:00:00,Poland,Poland,PL,637.52,714.29,32.38,30.00,entsoe.eu,,
2021-04-12 00:00:00,Poland,Poland,PL,749.07,832.60,21.79,19.65,entsoe.eu,,
2021-04-13 00:00:00,Poland,Poland,PL,780.96,867.02,18.64,16.41,entsoe.eu,,
2021-04-14 00:00:00,Poland,Poland,PL,790.85,876.80,17.68,16.07,entsoe.eu,,
2021-04-15 00:00:00,Poland,Poland,PL,738.58,819.68,23.63,21.95,entsoe.eu,,
2021-04-16 00:00:00,Poland,Poland,PL,764.02,847.21,21.28,18.98,entsoe.eu,,
2021-04-17 00:00:00,Poland,Poland,PL,793.71,881.41,17.61,14.57,entsoe.eu,,
2021-04-18 00:00:00,Poland,Poland,PL,791.26,879.67,17.76,14.59,entsoe.eu,,
2021-04-19 00:00:00,Poland,Poland,PL,813.36,901.07,15.92,13.80,entsoe.eu,,
2021-04-20 00:00:00,Poland,Poland,PL,832.83,921.67,13.88,11.95,entsoe.eu,,
2021-04-21 00:00:00,Poland,Poland,PL,753.91,836.77,22.51,20.36,entsoe.eu,,
2021-04-22 00:00:00,Poland,Poland,PL,672.52,747.82,31.09,29.32,entsoe.eu,,
2021-04-23 00:00:00,Poland,Poland,PL,701.01,779.21,27.83,25.62,entsoe.eu,,
2021-04-24 00:00:00,Poland,Poland,PL,698.98,779.91,27.51,24.53,entsoe.eu,,
2021-04-25 00:00:00,Poland,Poland,PL,727.50,811.14,24.23,21.24,entsoe.eu,,
2021-04-26 00:00:00,Poland,Poland,PL,798.74,885.65,17.88,15.63,entsoe.eu,,
2021-04-27 00:00:00,Poland,Poland,PL,790.21,876.44,18.90,16.59,entsoe.eu,,
2021-04-28 00:00:00,Poland,Poland,PL,753.74,836.49,22.99,20.75,entsoe.eu,,
2021-04-29 00:00:00,Poland,Poland,PL,755.12,837.74,22.93,20.65,entsoe.eu,,
2021-04-30 00:00:00,Poland,Poland,PL,792.66,877.52,19.08,17.65,entsoe.eu,,
2021-05-01 00:00:00,Poland,Poland,PL,811.50,900.61,16.10,14.02,entsoe.eu,,
2021-05-02 00:00:00,Poland,Poland,PL,693.88,772.74,28.49,27.40,entsoe.eu,,
2021-05-03 00:00:00,Poland,Poland,PL,703.08,782.52,27.42,26.82,entsoe.eu,,
2021-05-04 00:00:00,Poland,Poland,PL,613.75,685.52,37.24,35.44,entsoe.eu,,
2021-05-05 00:00:00,Poland,Poland,PL,633.08,704.93,35.33,33.69,entsoe.eu,,
2021-05-06 00:00:00,Poland,Poland,PL,698.61,774.75,28.50,27.47,entsoe.eu,,
2021-05-07 00:00:00,Poland,Poland,PL,789.08,873.85,19.18,17.24,entsoe.eu,,
2021-05-08 00:00:00,Poland,Poland,PL,710.11,789.80,27.30,24.82,entsoe.eu,,
2021-05-09 00:00:00,Poland,Poland,PL,590.17,662.52,39.01,36.99,entsoe.eu,,
2021-05-10 00:00:00,Poland,Poland,PL,661.89,737.65,32.12,30.82,entsoe.eu,,
2021-05-11 00:00:00,Poland,Poland,PL,690.50,767.33,29.73,29.05,entsoe.eu,,
2021-05-12 00:00:00,Poland,Poland,PL,740.56,821.62,24.51,23.43,entsoe.eu,,
2021-05-13 00:00:00,Poland,Poland,PL,790.71,876.39,19.33,16.63,entsoe.eu,,
2021-05-14 00:00:00,Poland,Poland,PL,795.19,881.14,18.29,15.06,entsoe.eu,,
2021-05-15 00:00:00,Poland,Poland,PL,750.06,835.48,22.48,19.18,entsoe.eu,,
2021-05-16 00:00:00,Poland,Poland,PL,754.23,841.18,20.30,17.69,entsoe.eu,,
2021-05-17 00:00:00,Poland,Poland,PL,777.73,864.50,18.98,15.90,entsoe.eu,,
2021-05-18 00:00:00,Poland,Poland,PL,797.20,883.94,17.39,15.61,entsoe.eu,,
2021-05-19 00:00:00,Poland,Poland,PL,784.35,870.22,18.75,16.84,entsoe.eu,,
2021-05-20 00:00:00,Poland,Poland,PL,741.15,824.54,22.65,20.45,entsoe.eu,,
2021-05-21 00:00:00,Poland,Poland,PL,654.59,731.85,31.52,28.72,entsoe.eu,,
2021-05-22 00:00:00,Poland,Poland,PL,675.41,755.62,29.17,26.71,entsoe.eu,,
2021-05-23 00:00:00,Poland,Poland,PL,674.07,754.80,28.35,26.15,entsoe.eu,,
2021-05-24 00:00:00,Poland,Poland,PL,707.94,789.62,26.18,23.94,entsoe.eu,,
2021-05-25 00:00:00,Poland,Poland,PL,744.15,827.22,22.48,20.50,entsoe.eu,,
2021-05-26 00:00:00,Poland,Poland,PL,700.33,780.12,27.05,25.20,entsoe.eu,,
2021-05-27 00:00:00,Poland,Poland,PL,767.19,852.05,20.23,18.43,entsoe.eu,,
2021-05-28 00:00:00,Poland,Poland,PL,796.44,884.55,16.42,14.49,entsoe.eu,,
2021-05-29 00:00:00,Poland,Poland,PL,726.45,810.77,22.83,20.33,entsoe.eu,,
2021-05-30 00:00:00,Poland,Poland,PL,686.25,768.86,25.87,23.35,entsoe.eu,,
2021-05-31 00:00:00,Poland,Poland,PL,779.38,867.28,17.80,15.79,entsoe.eu,,
2021-06-01 00:00:00,Poland,Poland,PL,786.18,873.76,17.64,15.75,entsoe.eu,,
2021-06-02 00:00:00,Poland,Poland,PL,750.74,835.76,21.89,19.93,entsoe.eu,,
2021-06-03 00:00:00,Poland,Poland,PL,747.12,833.49,20.93,19.17,entsoe.eu,,
2021-06-04 00:00:00,Poland,Poland,PL,803.48,892.68,15.57,14.22,entsoe.eu,,
2021-06-05 00:00:00,Poland,Poland,PL,751.12,838.06,20.50,18.33,entsoe.eu,,
2021-06-06 00:00:00,Poland,Poland,PL,750.24,838.08,20.25,18.10,entsoe.eu,,
2021-06-07 00:00:00,Poland,Poland,PL,812.94,901.37,16.04,14.62,entsoe.eu,,
2021-06-08 00:00:00,Poland,Poland,PL,805.19,892.70,16.83,15.34,entsoe.eu,,
2021-06-09 00:00:00,Poland,Poland,PL,811.88,899.65,15.93,14.80,entsoe.eu,,
2021-06-10 00:00:00,Poland,Poland,PL,830.64,919.76,13.91,12.77,entsoe.eu,,
2021-06-11 00:00:00,Poland,Poland,PL,822.43,912.00,14.59,13.12,entsoe.eu,,
2021-06-12 00:00:00,Poland,Poland,PL,680.35,759.91,28.24,26.35,entsoe.eu,,
2021-06-13 00:00:00,Poland,Poland,PL,593.23,665.23,36.35,35.34,entsoe.eu,,
2021-06-14 00:00:00,Poland,Poland,PL,792.29,879.99,17.20,16.11,entsoe.eu,,
2021-06-15 00:00:00,Poland,Poland,PL,806.84,895.33,15.56,14.39,entsoe.eu,,
2021-06-16 00:00:00,Poland,Poland,PL,807.40,895.89,15.74,14.39,entsoe.eu,,
2021-06-17 00:00:00,Poland,Poland,PL,767.24,852.01,20.15,18.84,entsoe.eu,,
2021-06-18 00:00:00,Poland,Poland,PL,771.49,856.39,19.42,18.24,entsoe.eu,,
2021-06-19 00:00:00,Poland,Poland,PL,754.82,839.58,21.20,19.77,entsoe.eu,,
2021-06-20 00:00:00,Poland,Poland,PL,681.75,762.10,28.06,25.82,entsoe.eu,,
2021-06-21 00:00:00,Poland,Poland,PL,752.82,836.68,21.50,19.44,entsoe.eu,,
2021-06-22 00:00:00,Poland,Poland,PL,801.98,889.31,16.66,14.51,entsoe.eu,,
2021-06-23 00:00:00,Poland,Poland,PL,841.87,932.18,12.60,10.62,entsoe.eu,,
2021-06-24 00:00:00,Poland,Poland,PL,831.57,921.45,13.34,11.24,entsoe.eu,,
2021-06-25 00:00:00,Poland,Poland,PL,835.88,926.45,12.62,10.41,entsoe.eu,,
2021-06-26 00:00:00,Poland,Poland,PL,789.58,878.28,17.02,14.36,entsoe.eu,,
2021-06-27 00:00:00,Poland,Poland,PL,771.93,859.97,18.96,16.41,entsoe.eu,,
2021-06-28 00:00:00,Poland,Poland,PL,819.97,909.38,14.42,12.69,entsoe.eu,,
2021-06-29 00:00:00,Poland,Poland,PL,818.58,908.07,14.54,13.12,entsoe.eu,,
2021-06-30 00:00:00,Poland,Poland,PL,792.84,879.43,17.11,16.01,entsoe.eu,,
2021-07-01 00:00:00,Poland,Poland,PL,780.49,866.17,18.41,17.18,entsoe.eu,,
2021-07-02 00:00:00,Poland,Poland,PL,830.50,920.25,13.41,12.29,entsoe.eu,,
2021-07-03 00:00:00,Poland,Poland,PL,794.33,882.82,16.68,15.30,entsoe.eu,,
2021-07-04 00:00:00,Poland,Poland,PL,823.10,914.46,13.60,12.38,entsoe.eu,,
2021-07-05 00:00:00,Poland,Poland,PL,845.36,935.59,12.51,11.10,entsoe.eu,,
2021-07-06 00:00:00,Poland,Poland,PL,786.39,872.82,18.22,16.39,entsoe.eu,,
2021-07-07 00:00:00,Poland,Poland,PL,800.25,886.97,16.83,15.17,entsoe.eu,,
2021-07-08 00:00:00,Poland,Poland,PL,836.86,925.98,12.95,11.37,entsoe.eu,,
2021-07-09 00:00:00,Poland,Poland,PL,810.20,897.13,15.89,14.40,entsoe.eu,,
2021-07-10 00:00:00,Poland,Poland,PL,761.11,845.48,20.35,18.81,entsoe.eu,,
2021-07-11 00:00:00,Poland,Poland,PL,782.94,870.68,18.08,17.07,entsoe.eu,,
2021-07-12 00:00:00,Poland,Poland,PL,817.56,904.89,15.44,13.96,entsoe.eu,,
2021-07-13 00:00:00,Poland,Poland,PL,813.03,899.91,15.94,14.37,entsoe.eu,,
2021-07-14 00:00:00,Poland,Poland,PL,819.03,906.32,15.98,14.34,entsoe.eu,,
2021-07-15 00:00:00,Poland,Poland,PL,835.98,924.73,13.83,12.13,entsoe.eu,,
2021-07-16 00:00:00,Poland,Poland,PL,832.81,921.55,13.87,12.09,entsoe.eu,,
2021-07-17 00:00:00,Poland,Poland,PL,771.36,856.72,20.12,17.69,entsoe.eu,,
2021-07-18 00:00:00,Poland,Poland,PL,701.75,782.90,25.94,23.67,entsoe.eu,,
2021-07-19 00:00:00,Poland,Poland,PL,801.51,888.48,16.50,14.79,entsoe.eu,,
2021-07-20 00:00:00,Poland,Poland,PL,804.89,892.04,16.14,14.49,entsoe.eu,,
2021-07-21 00:00:00,Poland,Poland,PL,804.47,891.24,16.47,14.97,entsoe.eu,,
2021-07-22 00:00:00,Poland,Poland,PL,846.28,936.12,12.22,10.81,entsoe.eu,,
2021-07-23 00:00:00,Poland,Poland,PL,833.89,923.33,13.45,11.63,entsoe.eu,,
2021-07-24 00:00:00,Poland,Poland,PL,762.60,847.36,20.72,18.25,entsoe.eu,,
2021-07-25 00:00:00,Poland,Poland,PL,736.59,819.43,22.77,20.37,entsoe.eu,,
2021-07-26 00:00:00,Poland,Poland,PL,820.03,906.81,15.25,13.67,entsoe.eu,,
2021-07-27 00:00:00,Poland,Poland,PL,817.81,905.49,15.17,13.42,entsoe.eu,,
2021-07-28 00:00:00,Poland,Poland,PL,798.64,885.36,17.17,15.04,entsoe.eu,,
2021-07-29 00:00:00,Poland,Poland,PL,732.19,813.95,23.99,22.19,entsoe.eu,,
2021-07-30 00:00:00,Poland,Poland,PL,701.56,781.49,27.00,24.76,entsoe.eu,,
2021-07-31 00:00:00,Poland,Poland,PL,683.82,763.44,28.35,25.78,entsoe.eu,,
2021-08-01 00:00:00,Poland,Poland,PL,753.38,838.83,21.14,17.83,entsoe.eu,,
2021-08-02 00:00:00,Poland,Poland,PL,747.14,828.60,23.30,21.45,entsoe.eu,,
2021-08-03 00:00:00,Poland,Poland,PL,831.91,919.73,14.87,13.33,entsoe.eu,,
2021-08-04 00:00:00,Poland,Poland,PL,869.50,960.10,11.52,9.85,entsoe.eu,,
2021-08-05 00:00:00,Poland,Poland,PL,830.00,917.32,15.00,13.30,entsoe.eu,,
2021-08-06 00:00:00,Poland,Poland,PL,748.44,830.18,22.85,20.33,entsoe.eu,,
2021-08-07 00:00:00,Poland,Poland,PL,719.82,800.93,26.30,22.54,entsoe.eu,,
2021-08-08 00:00:00,Poland,Poland,PL,698.64,778.83,27.14,24.41,entsoe.eu,,
2021-08-09 00:00:00,Poland,Poland,PL,771.10,856.47,20.26,18.08,entsoe.eu,,
2021-08-10 00:00:00,Poland,Poland,PL,822.93,911.25,15.17,13.54,entsoe.eu,,
2021-08-11 00:00:00,Poland,Poland,PL,796.10,882.01,17.59,16.05,entsoe.eu,,
2021-08-12 00:00:00,Poland,Poland,PL,819.55,907.24,15.27,13.85,entsoe.eu,,
2021-08-13 00:00:00,Poland,Poland,PL,792.87,878.91,18.32,16.66,entsoe.eu,,
2021-08-14 00:00:00,Poland,Poland,PL,705.22,787.76,25.86,23.19,entsoe.eu,,
2021-08-15 00:00:00,Poland,Poland,PL,708.28,791.08,25.52,22.54,entsoe.eu,,
2021-08-16 00:00:00,Poland,Poland,PL,734.91,816.34,24.43,22.36,entsoe.eu,,
2021-08-17 00:00:00,Poland,Poland,PL,665.36,740.35,31.28,29.71,entsoe.eu,,
2021-08-18 00:00:00,Poland,Poland,PL,675.81,752.13,29.83,28.41,entsoe.eu,,
2021-08-19 00:00:00,Poland,Poland,PL,760.80,843.69,20.95,19.99,entsoe.eu,,
2021-08-20 00:00:00,Poland,Poland,PL,848.47,938.90,12.24,11.19,entsoe.eu,,
2021-08-21 00:00:00,Poland,Poland,PL,829.72,920.00,13.87,12.57,entsoe.eu,,
2021-08-22 00:00:00,Poland,Poland,PL,776.68,864.23,18.31,16.15,entsoe.eu,,
2021-08-23 00:00:00,Poland,Poland,PL,768.81,851.80,20.11,18.86,entsoe.eu,,
2021-08-24 00:00:00,Poland,Poland,PL,775.38,858.92,19.65,18.42,entsoe.eu,,
2021-08-25 00:00:00,Poland,Poland,PL,749.37,831.08,22.82,21.21,entsoe.eu,,
2021-08-26 00:00:00,Poland,Poland,PL,807.97,895.14,16.23,14.30,entsoe.eu,,
2021-08-27 00:00:00,Poland,Poland,PL,838.59,929.28,12.67,10.70,entsoe.eu,,
2021-08-28 00:00:00,Poland,Poland,PL,806.01,895.04,16.37,13.48,entsoe.eu,,
2021-08-29 00:00:00,Poland,Poland,PL,821.63,910.72,14.58,12.15,entsoe.eu,,
2021-08-30 00:00:00,Poland,Poland,PL,820.83,907.26,15.52,14.15,entsoe.eu,,
2021-08-31 00:00:00,Poland,Poland,PL,759.68,840.45,21.97,21.21,entsoe.eu,,
2021-09-01 00:00:00,Poland,Poland,PL,799.11,883.84,17.74,17.43,entsoe.eu,,
2021-09-02 00:00:00,Poland,Poland,PL,808.55,895.76,16.11,15.57,entsoe.eu,,
2021-09-03 00:00:00,Poland,Poland,PL,764.36,848.36,20.30,19.60,entsoe.eu,,
2021-09-04 00:00:00,Poland,Poland,PL,809.30,898.21,15.22,14.37,entsoe.eu,,
2021-09-05 00:00:00,Poland,Poland,PL,772.97,860.20,18.54,17.89,entsoe.eu,,
2021-09-06 00:00:00,Poland,Poland,PL,821.55,910.21,14.89,14.23,entsoe.eu,,
2021-09-07 00:00:00,Poland,Poland,PL,843.39,933.23,13.40,12.25,entsoe.eu,,
2021-09-08 00:00:00,Poland,Poland,PL,828.22,917.04,14.53,13.18,entsoe.eu,,
2021-09-09 00:00:00,Poland,Poland,PL,774.02,858.84,19.87,18.47,entsoe.eu,,
2021-09-10 00:00:00,Poland,Poland,PL,797.97,885.02,17.22,15.80,entsoe.eu,,
2021-09-11 00:00:00,Poland,Poland,PL,807.54,895.19,17.01,14.93,entsoe.eu,,
2021-09-12 00:00:00,Poland,Poland,PL,812.70,899.96,16.24,14.62,entsoe.eu,,
2021-09-13 00:00:00,Poland,Poland,PL,849.52,938.48,13.02,11.72,entsoe.eu,,
2021-09-14 00:00:00,Poland,Poland,PL,874.53,965.65,10.56,9.41,entsoe.eu,,
2021-09-15 00:00:00,Poland,Poland,PL,840.61,927.47,15.35,14.04,entsoe.eu,,
2021-09-16 00:00:00,Poland,Poland,PL,838.71,925.98,15.00,13.39,entsoe.eu,,
2021-09-17 00:00:00,Poland,Poland,PL,849.91,938.98,12.78,11.26,entsoe.eu,,
2021-09-18 00:00:00,Poland,Poland,PL,805.46,890.63,17.77,16.50,entsoe.eu,,
2021-09-19 00:00:00,Poland,Poland,PL,813.82,901.44,15.62,14.37,entsoe.eu,,
2021-09-20 00:00:00,Poland,Poland,PL,845.68,935.25,12.44,11.23,entsoe.eu,,
2021-09-21 00:00:00,Poland,Poland,PL,848.90,937.91,12.52,11.22,entsoe.eu,,
2021-09-22 00:00:00,Poland,Poland,PL,853.43,943.20,12.05,10.55,entsoe.eu,,
2021-09-23 00:00:00,Poland,Poland,PL,701.57,778.57,27.81,26.63,entsoe.eu,,
2021-09-24 00:00:00,Poland,Poland,PL,673.68,748.21,30.46,29.53,entsoe.eu,,
2021-09-25 00:00:00,Poland,Poland,PL,786.66,869.29,19.94,19.20,entsoe.eu,,
2021-09-26 00:00:00,Poland,Poland,PL,854.94,943.65,12.94,11.80,entsoe.eu,,
2021-09-27 00:00:00,Poland,Poland,PL,777.38,860.88,19.96,18.50,entsoe.eu,,
2021-09-28 00:00:00,Poland,Poland,PL,815.70,902.98,15.23,13.83,entsoe.eu,,
2021-09-29 00:00:00,Poland,Poland,PL,741.05,822.86,22.82,21.25,entsoe.eu,,
2021-09-30 00:00:00,Poland,Poland,PL,768.31,851.86,20.31,18.33,entsoe.eu,,
2021-10-01 00:00:00,Poland,Poland,PL,729.96,811.92,23.40,21.32,entsoe.eu,,
2021-10-02 00:00:00,Poland,Poland,PL,680.54,759.94,28.21,25.60,entsoe.eu,,
2021-10-03 00:00:00,Poland,Poland,PL,557.03,628.03,39.76,37.35,entsoe.eu,,
2021-10-04 00:00:00,Poland,Poland,PL,791.25,878.19,17.09,15.00,entsoe.eu,,
2021-10-05 00:00:00,Poland,Poland,PL,742.23,823.16,23.20,21.94,entsoe.eu,,
2021-10-06 00:00:00,Poland,Poland,PL,783.27,868.28,18.44,16.06,entsoe.eu,,
2021-10-07 00:00:00,Poland,Poland,PL,821.01,909.21,14.53,12.74,entsoe.eu,,
2021-10-08 00:00:00,Poland,Poland,PL,790.82,876.39,17.76,16.02,entsoe.eu,,
2021-10-09 00:00:00,Poland,Poland,PL,769.44,855.14,19.47,17.08,entsoe.eu,,
2021-10-10 00:00:00,Poland,Poland,PL,764.71,851.37,19.11,16.47,entsoe.eu,,
2021-10-11 00:00:00,Poland,Poland,PL,777.61,863.49,18.85,17.18,entsoe.eu,,
2021-10-12 00:00:00,Poland,Poland,PL,788.73,875.51,17.45,15.74,entsoe.eu,,
2021-10-13 00:00:00,Poland,Poland,PL,813.08,902.17,14.47,12.82,entsoe.eu,,
2021-10-14 00:00:00,Poland,Poland,PL,764.09,848.21,20.31,18.43,entsoe.eu,,
2021-10-15 00:00:00,Poland,Poland,PL,687.89,765.11,28.40,26.66,entsoe.eu,,
2021-10-16 00:00:00,Poland,Poland,PL,749.47,832.88,21.82,19.88,entsoe.eu,,
2021-10-17 00:00:00,Poland,Poland,PL,765.30,850.46,19.92,18.01,entsoe.eu,,
2021-10-18 00:00:00,Poland,Poland,PL,840.67,930.81,12.61,10.91,entsoe.eu,,
2021-10-19 00:00:00,Poland,Poland,PL,766.35,850.45,20.65,18.80,entsoe.eu,,
2021-10-20 00:00:00,Poland,Poland,PL,624.23,696.75,35.09,33.53,entsoe.eu,,
2021-10-21 00:00:00,Poland,Poland,PL,623.96,696.15,35.29,33.92,entsoe.eu,,
2021-10-22 00:00:00,Poland,Poland,PL,609.52,680.72,36.49,35.20,entsoe.eu,,
2021-10-23 00:00:00,Poland,Poland,PL,691.30,768.98,28.26,26.72,entsoe.eu,,
2021-10-24 00:00:00,Poland,Poland,PL,754.18,839.73,21.40,19.11,entsoe.eu,,
2021-10-25 00:00:00,Poland,Poland,PL,749.22,831.52,22.27,20.84,entsoe.eu,,
2021-10-26 00:00:00,Poland,Poland,PL,769.84,853.95,20.31,18.45,entsoe.eu,,
2021-10-27 00:00:00,Poland,Poland,PL,747.15,828.92,22.65,21.06,entsoe.eu,,
2021-10-28 00:00:00,Poland,Poland,PL,787.06,872.31,18.64,16.90,entsoe.eu,,
2021-10-29 00:00:00,Poland,Poland,PL,724.10,804.66,24.89,23.07,entsoe.eu,,
2021-10-30 00:00:00,Poland,Poland,PL,646.99,723.53,32.21,29.71,entsoe.eu,,
2021-10-31 00:00:00,Poland,Poland,PL,621.51,698.05,34.16,31.37,entsoe.eu,,
2021-11-01 00:00:00,Poland,Poland,PL,662.36,742.22,28.99,26.58,entsoe.eu,,
2021-11-02 00:00:00,Poland,Poland,PL,809.51,898.78,14.61,12.61,entsoe.eu,,
2021-11-03 00:00:00,Poland,Poland,PL,839.76,929.83,12.73,11.54,entsoe.eu,,
2021-11-04 00:00:00,Poland,Poland,PL,743.77,825.05,22.78,22.02,entsoe.eu,,
2021-11-05 00:00:00,Poland,Poland,PL,705.12,784.08,26.09,24.95,entsoe.eu,,
2021-11-06 00:00:00,Poland,Poland,PL,637.24,712.46,32.74,31.21,entsoe.eu,,
2021-11-07 00:00:00,Poland,Poland,PL,576.56,648.32,38.15,36.29,entsoe.eu,,
2021-11-08 00:00:00,Poland,Poland,PL,813.39,901.48,14.87,13.72,entsoe.eu,,
2021-11-09 00:00:00,Poland,Poland,PL,825.97,914.52,14.06,12.73,entsoe.eu,,
2021-11-10 00:00:00,Poland,Poland,PL,792.30,878.89,16.74,15.47,entsoe.eu,,
2021-11-11 00:00:00,Poland,Poland,PL,807.61,897.13,14.46,13.25,entsoe.eu,,
2021-11-12 00:00:00,Poland,Poland,PL,826.18,917.17,12.69,10.86,entsoe.eu,,
2021-11-13 00:00:00,Poland,Poland,PL,804.30,893.95,14.76,12.74,entsoe.eu,,
2021-11-14 00:00:00,Poland,Poland,PL,847.84,940.61,10.81,8.96,entsoe.eu,,
2021-11-15 00:00:00,Poland,Poland,PL,857.78,949.48,10.14,8.90,entsoe.eu,,
2021-11-16 00:00:00,Poland,Poland,PL,870.27,962.17,8.83,7.85,entsoe.eu,,
2021-11-17 00:00:00,Poland,Poland,PL,807.22,894.75,15.30,13.94,entsoe.eu,,
2021-11-18 00:00:00,Poland,Poland,PL,690.41,767.78,28.20,26.99,entsoe.eu,,
2021-11-19 00:00:00,Poland,Poland,PL,634.98,707.08,33.99,32.80,entsoe.eu,,
2021-11-20 00:00:00,Poland,Poland,PL,624.25,696.97,34.85,33.30,entsoe.eu,,
2021-11-21 00:00:00,Poland,Poland,PL,721.92,803.25,24.62,22.83,entsoe.eu,,
2021-11-22 00:00:00,Poland,Poland,PL,847.68,937.33,12.28,10.85,entsoe.eu,,
2021-11-23 00:00:00,Poland,Poland,PL,782.98,867.35,18.67,17.30,entsoe.eu,,
2021-11-24 00:00:00,Poland,Poland,PL,812.24,899.27,15.72,14.32,entsoe.eu,,
2021-11-25 00:00:00,Poland,Poland,PL,788.87,873.77,18.02,16.66,entsoe.eu,,
2021-11-26 00:00:00,Poland,Poland,PL,832.52,921.51,13.35,12.23,entsoe.eu,,
2021-11-27 00:00:00,Poland,Poland,PL,840.79,932.03,11.95,10.54,entsoe.eu,,
2021-11-28 00:00:00,Poland,Poland,PL,874.03,967.40,8.47,7.78,entsoe.eu,,
2021-11-29 00:00:00,Poland,Poland,PL,813.93,899.07,15.26,14.63,entsoe.eu,,
2021-11-30 00:00:00,Poland,Poland,PL,736.99,815.92,23.25,22.37,entsoe.eu,,
2021-12-01 00:00:00,Poland,Poland,PL,743.46,823.19,22.69,21.98,entsoe.eu,,
2021-12-02 00:00:00,Poland,Poland,PL,713.59,789.78,26.05,25.71,entsoe.eu,,
2021-12-03 00:00:00,Poland,Poland,PL,728.29,806.89,24.00,23.15,entsoe.eu,,
2021-12-04 00:00:00,Poland,Poland,PL,798.24,883.72,16.02,14.77,entsoe.eu,,
2021-12-05 00:00:00,Poland,Poland,PL,819.92,907.76,13.62,12.14,entsoe.eu,,
2021-12-06 00:00:00,Poland,Poland,PL,889.44,980.41,7.66,6.70,entsoe.eu,,
2021-12-07 00:00:00,Poland,Poland,PL,886.11,976.24,8.60,7.63,entsoe.eu,,
2021-12-08 00:00:00,Poland,Poland,PL,795.73,878.90,17.88,16.72,entsoe.eu,,
2021-12-09 00:00:00,Poland,Poland,PL,841.21,929.93,13.18,11.74,entsoe.eu,,
2021-12-10 00:00:00,Poland,Poland,PL,854.24,944.03,11.58,9.99,entsoe.eu,,
2021-12-11 00:00:00,Poland,Poland,PL,865.79,957.76,10.56,8.70,entsoe.eu,,
2021-12-12 00:00:00,Poland,Poland,PL,838.94,928.99,13.33,11.21,entsoe.eu,,
2021-12-13 00:00:00,Poland,Poland,PL,864.37,955.58,10.55,8.54,entsoe.eu,,
2021-12-14 00:00:00,Poland,Poland,PL,820.10,908.47,14.28,12.36,entsoe.eu,,
2021-12-15 00:00:00,Poland,Poland,PL,778.21,863.04,18.19,16.37,entsoe.eu,,
2021-12-16 00:00:00,Poland,Poland,PL,718.99,798.69,24.63,22.89,entsoe.eu,,
2021-12-17 00:00:00,Poland,Poland,PL,743.57,825.06,21.86,20.47,entsoe.eu,,
2021-12-18 00:00:00,Poland,Poland,PL,715.63,796.60,24.68,22.81,entsoe.eu,,
2021-12-19 00:00:00,Poland,Poland,PL,615.68,688.47,34.55,32.72,entsoe.eu,,
2021-12-20 00:00:00,Poland,Poland,PL,739.14,820.61,22.22,20.99,entsoe.eu,,
2021-12-21 00:00:00,Poland,Poland,PL,875.39,967.69,8.70,8.08,entsoe.eu,,
2021-12-22 00:00:00,Poland,Poland,PL,858.41,950.40,10.24,8.96,entsoe.eu,,
2021-12-23 00:00:00,Poland,Poland,PL,808.18,895.76,15.62,14.33,entsoe.eu,,
2021-12-24 00:00:00,Poland,Poland,PL,768.91,852.97,20.28,19.53,entsoe.eu,,
2021-12-25 00:00:00,Poland,Poland,PL,770.52,855.28,19.39,19.14,entsoe.eu,,
2021-12-26 00:00:00,Poland,Poland,PL,817.37,906.42,14.74,14.13,entsoe.eu,,
2021-12-27 00:00:00,Poland,Poland,PL,754.49,837.05,22.18,21.20,entsoe.eu,,
2021-12-28 00:00:00,Poland,Poland,PL,712.06,790.97,26.07,24.86,entsoe.eu,,
2021-12-29 00:00:00,Poland,Poland,PL,831.87,921.48,13.39,11.80,entsoe.eu,,
2021-12-30 00:00:00,Poland,Poland,PL,748.25,830.35,23.31,21.88,entsoe.eu,,
2021-12-31 00:00:00,Poland,Poland,PL,610.73,681.94,37.40,36.17,entsoe.eu,,
2022-01-01 00:00:00,Poland,Poland,PL,775.19,856.81,26.23,25.06,entsoe.eu,,
2022-01-02 00:00:00,Poland,Poland,PL,646.87,718.84,37.96,36.31,entsoe.eu,,
2022-01-03 00:00:00,Poland,Poland,PL,719.48,794.17,31.88,30.54,entsoe.eu,,
2022-01-04 00:00:00,Poland,Poland,PL,824.51,907.88,21.24,19.54,entsoe.eu,,
2022-01-05 00:00:00,Poland,Poland,PL,803.63,885.16,23.12,21.94,entsoe.eu,,
2022-01-06 00:00:00,Poland,Poland,PL,764.81,844.87,25.68,24.73,entsoe.eu,,
2022-01-07 00:00:00,Poland,Poland,PL,788.11,869.92,23.78,22.50,entsoe.eu,,
2022-01-08 00:00:00,Poland,Poland,PL,815.04,899.91,20.74,19.08,entsoe.eu,,
2022-01-09 00:00:00,Poland,Poland,PL,796.85,880.76,22.82,21.15,entsoe.eu,,
2022-01-10 00:00:00,Poland,Poland,PL,916.54,1007.81,11.56,10.50,entsoe.eu,,
2022-01-11 00:00:00,Poland,Poland,PL,922.89,1015.53,10.22,8.71,entsoe.eu,,
2022-01-12 00:00:00,Poland,Poland,PL,885.87,975.19,14.02,12.62,entsoe.eu,,
2022-01-13 00:00:00,Poland,Poland,PL,730.10,805.07,30.37,29.42,entsoe.eu,,
2022-01-14 00:00:00,Poland,Poland,PL,707.00,779.44,33.09,31.77,entsoe.eu,,
2022-01-15 00:00:00,Poland,Poland,PL,822.62,906.06,21.60,19.63,entsoe.eu,,
2022-01-16 00:00:00,Poland,Poland,PL,772.67,852.48,26.46,24.69,entsoe.eu,,
2022-01-17 00:00:00,Poland,Poland,PL,704.67,777.97,32.52,31.17,entsoe.eu,,
2022-01-18 00:00:00,Poland,Poland,PL,826.04,910.01,19.92,18.46,entsoe.eu,,
2022-01-19 00:00:00,Poland,Poland,PL,769.93,849.48,26.17,24.68,entsoe.eu,,
2022-01-20 00:00:00,Poland,Poland,PL,691.44,763.89,33.88,32.85,entsoe.eu,,
2022-01-21 00:00:00,Poland,Poland,PL,715.04,789.85,31.01,29.69,entsoe.eu,,
2022-01-22 00:00:00,Poland,Poland,PL,812.39,895.84,20.95,19.28,entsoe.eu,,
2022-01-23 00:00:00,Poland,Poland,PL,894.44,985.68,12.30,10.14,entsoe.eu,,
2022-01-24 00:00:00,Poland,Poland,PL,877.06,966.29,14.67,13.29,entsoe.eu,,
2022-01-25 00:00:00,Poland,Poland,PL,853.50,939.62,17.49,15.85,entsoe.eu,,
2022-01-26 00:00:00,Poland,Poland,PL,788.55,869.70,23.90,22.67,entsoe.eu,,
2022-01-27 00:00:00,Poland,Poland,PL,688.22,760.83,33.93,32.79,entsoe.eu,,
2022-01-28 00:00:00,Poland,Poland,PL,708.50,781.80,32.35,31.08,entsoe.eu,,
2022-01-29 00:00:00,Poland,Poland,PL,687.08,758.64,34.97,33.36,entsoe.eu,,
2022-01-30 00:00:00,Poland,Poland,PL,689.61,761.09,34.54,33.65,entsoe.eu,,
2022-01-31 00:00:00,Poland,Poland,PL,877.90,963.89,16.77,15.54,entsoe.eu,,
2022-02-01 00:00:00,Poland,Poland,PL,827.71,909.69,21.76,20.85,entsoe.eu,,
2022-02-02 00:00:00,Poland,Poland,PL,825.23,906.55,21.90,21.14,entsoe.eu,,
2022-02-03 00:00:00,Poland,Poland,PL,892.20,980.10,14.92,14.05,entsoe.eu,,
2022-02-04 00:00:00,Poland,Poland,PL,829.41,912.47,21.09,20.12,entsoe.eu,,
2022-02-05 00:00:00,Poland,Poland,PL,640.77,710.36,38.48,37.22,entsoe.eu,,
2022-02-06 00:00:00,Poland,Poland,PL,606.63,673.55,40.87,39.67,entsoe.eu,,
2022-02-07 00:00:00,Poland,Poland,PL,716.08,790.93,30.92,29.90,entsoe.eu,,
2022-02-08 00:00:00,Poland,Poland,PL,720.68,795.53,30.70,29.64,entsoe.eu,,
2022-02-09 00:00:00,Poland,Poland,PL,731.26,807.18,30.01,28.40,entsoe.eu,,
2022-02-10 00:00:00,Poland,Poland,PL,816.58,899.71,21.24,19.34,entsoe.eu,,
2022-02-11 00:00:00,Poland,Poland,PL,816.94,900.44,20.69,18.69,entsoe.eu,,
2022-02-12 00:00:00,Poland,Poland,PL,728.40,808.34,28.44,26.25,entsoe.eu,,
2022-02-13 00:00:00,Poland,Poland,PL,616.22,687.34,39.30,37.07,entsoe.eu,,
2022-02-14 00:00:00,Poland,Poland,PL,674.73,747.66,34.57,32.94,entsoe.eu,,
2022-02-15 00:00:00,Poland,Poland,PL,769.42,849.74,25.89,23.96,entsoe.eu,,
2022-02-16 00:00:00,Poland,Poland,PL,644.19,713.82,38.10,36.55,entsoe.eu,,
2022-02-17 00:00:00,Poland,Poland,PL,640.91,710.05,38.37,37.00,entsoe.eu,,
2022-02-18 00:00:00,Poland,Poland,PL,654.94,725.49,37.34,35.75,entsoe.eu,,
2022-02-19 00:00:00,Poland,Poland,PL,676.88,749.23,35.25,33.88,entsoe.eu,,
2022-02-20 00:00:00,Poland,Poland,PL,679.53,751.92,35.30,34.05,entsoe.eu,,
2022-02-21 00:00:00,Poland,Poland,PL,662.35,731.27,37.46,36.56,entsoe.eu,,
2022-02-22 00:00:00,Poland,Poland,PL,749.91,826.54,29.09,28.08,entsoe.eu,,
2022-02-23 00:00:00,Poland,Poland,PL,733.89,809.28,30.04,29.43,entsoe.eu,,
2022-02-24 00:00:00,Poland,Poland,PL,690.74,764.25,34.17,33.24,entsoe.eu,,
2022-02-25 00:00:00,Poland,Poland,PL,714.62,789.36,31.93,30.94,entsoe.eu,,
2022-02-26 00:00:00,Poland,Poland,PL,904.46,993.70,14.50,13.40,entsoe.eu,,
2022-02-27 00:00:00,Poland,Poland,PL,863.86,951.35,17.69,16.36,entsoe.eu,,
2022-02-28 00:00:00,Poland,Poland,PL,882.13,970.37,15.98,14.88,entsoe.eu,,
2022-03-01 00:00:00,Poland,Poland,PL,891.60,980.25,15.18,14.10,entsoe.eu,,
2022-03-02 00:00:00,Poland,Poland,PL,921.73,1012.83,12.26,11.21,entsoe.eu,,
2022-03-03 00:00:00,Poland,Poland,PL,912.03,1001.34,13.83,12.76,entsoe.eu,,
2022-03-04 00:00:00,Poland,Poland,PL,920.38,1009.35,13.69,12.84,entsoe.eu,,
2022-03-05 00:00:00,Poland,Poland,PL,943.85,1033.60,11.62,10.31,entsoe.eu,,
2022-03-06 00:00:00,Poland,Poland,PL,955.84,1046.41,10.47,9.30,entsoe.eu,,
2022-03-07 00:00:00,Poland,Poland,PL,887.22,973.28,17.12,16.01,entsoe.eu,,
2022-03-08 00:00:00,Poland,Poland,PL,933.98,1023.39,12.90,11.93,entsoe.eu,,
2022-03-09 00:00:00,Poland,Poland,PL,911.12,998.69,14.77,13.78,entsoe.eu,,
2022-03-10 00:00:00,Poland,Poland,PL,830.27,912.92,21.99,20.82,entsoe.eu,,
2022-03-11 00:00:00,Poland,Poland,PL,776.60,856.67,26.07,24.89,entsoe.eu,,
2022-03-12 00:00:00,Poland,Poland,PL,798.73,880.38,24.18,22.63,entsoe.eu,,
2022-03-13 00:00:00,Poland,Poland,PL,750.18,828.70,28.75,27.11,entsoe.eu,,
2022-03-14 00:00:00,Poland,Poland,PL,798.01,878.28,24.86,23.62,entsoe.eu,,
2022-03-15 00:00:00,Poland,Poland,PL,893.92,981.72,15.49,14.18,entsoe.eu,,
2022-03-16 00:00:00,Poland,Poland,PL,880.63,968.40,16.23,14.78,entsoe.eu,,
2022-03-17 00:00:00,Poland,Poland,PL,811.42,892.97,23.56,22.32,entsoe.eu,,
2022-03-18 00:00:00,Poland,Poland,PL,862.10,948.29,18.58,17.08,entsoe.eu,,
2022-03-19 00:00:00,Poland,Poland,PL,782.08,863.65,25.83,24.17,entsoe.eu,,
2022-03-20 00:00:00,Poland,Poland,PL,717.89,795.69,31.13,29.69,entsoe.eu,,
2022-03-21 00:00:00,Poland,Poland,PL,804.54,887.33,23.05,21.42,entsoe.eu,,
2022-03-22 00:00:00,Poland,Poland,PL,860.10,947.19,17.72,16.25,entsoe.eu,,
2022-03-23 00:00:00,Poland,Poland,PL,863.01,949.54,17.82,16.39,entsoe.eu,,
2022-03-24 00:00:00,Poland,Poland,PL,869.72,956.88,16.90,15.51,entsoe.eu,,
2022-03-25 00:00:00,Poland,Poland,PL,817.45,899.84,22.34,20.94,entsoe.eu,,
2022-03-26 00:00:00,Poland,Poland,PL,705.87,779.44,33.13,31.76,entsoe.eu,,
2022-03-27 00:00:00,Poland,Poland,PL,759.63,838.62,27.88,26.34,entsoe.eu,,
2022-03-28 00:00:00,Poland,Poland,PL,686.46,757.92,35.14,33.91,entsoe.eu,,
2022-03-29 00:00:00,Poland,Poland,PL,865.19,951.08,17.60,16.23,entsoe.eu,,
2022-03-30 00:00:00,Poland,Poland,PL,864.81,949.94,17.65,16.42,entsoe.eu,,
2022-03-31 00:00:00,Poland,Poland,PL,783.96,862.84,25.53,24.11,entsoe.eu,,
2022-04-01 00:00:00,Poland,Poland,PL,722.68,795.71,32.00,30.99,entsoe.eu,,
2022-04-02 00:00:00,Poland,Poland,PL,708.97,780.91,33.77,32.18,entsoe.eu,,
2022-04-03 00:00:00,Poland,Poland,PL,775.82,854.42,27.52,25.50,entsoe.eu,,
2022-04-04 00:00:00,Poland,Poland,PL,613.80,680.42,42.44,41.25,entsoe.eu,,
2022-04-05 00:00:00,Poland,Poland,PL,708.48,781.18,33.87,32.49,entsoe.eu,,
2022-04-06 00:00:00,Poland,Poland,PL,769.92,847.31,28.22,26.88,entsoe.eu,,
2022-04-07 00:00:00,Poland,Poland,PL,627.52,694.46,41.49,40.23,entsoe.eu,,
2022-04-08 00:00:00,Poland,Poland,PL,662.42,731.98,37.80,36.43,entsoe.eu,,
2022-04-09 00:00:00,Poland,Poland,PL,623.79,692.24,41.14,39.38,entsoe.eu,,
2022-04-10 00:00:00,Poland,Poland,PL,628.70,697.98,40.48,38.81,entsoe.eu,,
2022-04-11 00:00:00,Poland,Poland,PL,827.64,911.36,21.89,20.04,entsoe.eu,,
2022-04-12 00:00:00,Poland,Poland,PL,822.58,906.00,22.24,20.33,entsoe.eu,,
2022-04-13 00:00:00,Poland,Poland,PL,782.84,860.93,27.02,25.15,entsoe.eu,,
2022-04-14 00:00:00,Poland,Poland,PL,828.59,911.30,21.98,20.24,entsoe.eu,,
2022-04-15 00:00:00,Poland,Poland,PL,803.14,882.67,25.02,23.05,entsoe.eu,,
2022-04-16 00:00:00,Poland,Poland,PL,720.54,796.06,33.01,31.31,entsoe.eu,,
2022-04-17 00:00:00,Poland,Poland,PL,782.99,865.41,26.96,25.35,entsoe.eu,,
2022-04-18 00:00:00,Poland,Poland,PL,764.95,845.81,28.21,26.77,entsoe.eu,,
2022-04-19 00:00:00,Poland,Poland,PL,830.19,913.52,21.66,20.09,entsoe.eu,,
2022-04-20 00:00:00,Poland,Poland,PL,858.14,942.14,19.47,17.89,entsoe.eu,,
2022-04-21 00:00:00,Poland,Poland,PL,871.03,956.54,17.90,16.33,entsoe.eu,,
2022-04-22 00:00:00,Poland,Poland,PL,793.47,873.46,25.09,23.52,entsoe.eu,,
2022-04-23 00:00:00,Poland,Poland,PL,757.32,836.90,28.18,25.97,entsoe.eu,,
2022-04-24 00:00:00,Poland,Poland,PL,717.23,794.04,31.09,28.94,entsoe.eu,,
2022-04-25 00:00:00,Poland,Poland,PL,891.60,978.35,15.80,14.24,entsoe.eu,,
2022-04-26 00:00:00,Poland,Poland,PL,895.72,984.06,15.30,13.75,entsoe.eu,,
2022-04-27 00:00:00,Poland,Poland,PL,870.07,956.96,17.88,16.42,entsoe.eu,,
2022-04-28 00:00:00,Poland,Poland,PL,872.10,958.79,17.82,16.48,entsoe.eu,,
2022-04-29 00:00:00,Poland,Poland,PL,861.37,948.12,17.86,16.51,entsoe.eu,,
2022-04-30 00:00:00,Poland,Poland,PL,820.00,906.23,20.95,19.30,entsoe.eu,,
2022-05-01 00:00:00,Poland,Poland,PL,851.09,938.08,19.80,19.29,entsoe.eu,,
2022-05-02 00:00:00,Poland,Poland,PL,832.50,918.26,21.26,20.27,entsoe.eu,,
2022-05-03 00:00:00,Poland,Poland,PL,826.70,911.48,22.13,21.40,entsoe.eu,,
2022-05-04 00:00:00,Poland,Poland,PL,818.44,902.45,22.35,20.72,entsoe.eu,,
2022-05-05 00:00:00,Poland,Poland,PL,828.72,913.29,21.44,19.70,entsoe.eu,,
2022-05-06 00:00:00,Poland,Poland,PL,858.89,945.38,18.54,16.74,entsoe.eu,,
2022-05-07 00:00:00,Poland,Poland,PL,800.83,884.88,23.45,21.46,entsoe.eu,,
2022-05-08 00:00:00,Poland,Poland,PL,772.81,855.18,25.58,23.76,entsoe.eu,,
2022-05-09 00:00:00,Poland,Poland,PL,772.44,853.54,26.18,24.53,entsoe.eu,,
2022-05-10 00:00:00,Poland,Poland,PL,736.58,814.68,29.92,28.27,entsoe.eu,,
2022-05-11 00:00:00,Poland,Poland,PL,753.33,832.23,28.54,26.82,entsoe.eu,,
2022-05-12 00:00:00,Poland,Poland,PL,670.41,742.57,36.01,34.41,entsoe.eu,,
2022-05-13 00:00:00,Poland,Poland,PL,762.25,840.96,27.64,25.84,entsoe.eu,,
2022-05-14 00:00:00,Poland,Poland,PL,645.26,715.77,38.40,36.88,entsoe.eu,,
2022-05-15 00:00:00,Poland,Poland,PL,700.19,776.01,33.93,31.40,entsoe.eu,,
2022-05-16 00:00:00,Poland,Poland,PL,799.68,881.91,24.30,22.28,entsoe.eu,,
2022-05-17 00:00:00,Poland,Poland,PL,781.14,860.87,26.04,24.23,entsoe.eu,,
2022-05-18 00:00:00,Poland,Poland,PL,801.63,883.28,24.38,22.73,entsoe.eu,,
2022-05-19 00:00:00,Poland,Poland,PL,761.08,839.47,28.21,26.56,entsoe.eu,,
2022-05-20 00:00:00,Poland,Poland,PL,745.56,822.95,29.85,28.13,entsoe.eu,,
2022-05-21 00:00:00,Poland,Poland,PL,609.63,677.36,41.68,40.39,entsoe.eu,,
2022-05-22 00:00:00,Poland,Poland,PL,760.96,840.01,27.16,25.82,entsoe.eu,,
2022-05-23 00:00:00,Poland,Poland,PL,766.54,846.64,27.39,25.54,entsoe.eu,,
2022-05-24 00:00:00,Poland,Poland,PL,749.86,827.25,29.12,27.25,entsoe.eu,,
2022-05-25 00:00:00,Poland,Poland,PL,842.06,926.72,20.29,18.33,entsoe.eu,,
2022-05-26 00:00:00,Poland,Poland,PL,637.03,706.16,39.57,38.02,entsoe.eu,,
2022-05-27 00:00:00,Poland,Poland,PL,646.07,714.86,39.15,37.65,entsoe.eu,,
2022-05-28 00:00:00,Poland,Poland,PL,593.52,660.94,42.84,41.01,entsoe.eu,,
2022-05-29 00:00:00,Poland,Poland,PL,800.24,883.35,23.45,21.14,entsoe.eu,,
2022-05-30 00:00:00,Poland,Poland,PL,861.09,947.68,18.01,16.33,entsoe.eu,,
2022-05-31 00:00:00,Poland,Poland,PL,820.45,905.50,21.36,19.69,entsoe.eu,,
2022-06-01 00:00:00,Poland,Poland,PL,809.39,892.69,23.13,21.38,entsoe.eu,,
2022-06-02 00:00:00,Poland,Poland,PL,787.24,869.17,25.19,23.23,entsoe.eu,,
2022-06-03 00:00:00,Poland,Poland,PL,793.50,875.84,24.67,22.62,entsoe.eu,,
2022-06-04 00:00:00,Poland,Poland,PL,790.11,871.63,26.21,23.42,entsoe.eu,,
2022-06-05 00:00:00,Poland,Poland,PL,738.81,817.07,30.70,28.66,entsoe.eu,,
2022-06-06 00:00:00,Poland,Poland,PL,793.42,874.38,26.24,24.62,entsoe.eu,,
2022-06-07 00:00:00,Poland,Poland,PL,850.47,936.01,20.23,18.53,entsoe.eu,,
2022-06-08 00:00:00,Poland,Poland,PL,872.43,959.96,17.36,15.58,entsoe.eu,,
2022-06-09 00:00:00,Poland,Poland,PL,863.51,949.02,18.60,16.93,entsoe.eu,,
2022-06-10 00:00:00,Poland,Poland,PL,817.69,899.98,22.94,21.39,entsoe.eu,,
2022-06-11 00:00:00,Poland,Poland,PL,780.34,862.21,26.07,23.74,entsoe.eu,,
2022-06-12 00:00:00,Poland,Poland,PL,754.44,835.24,27.99,25.20,entsoe.eu,,
2022-06-13 00:00:00,Poland,Poland,PL,782.84,862.96,25.60,23.71,entsoe.eu,,
2022-06-14 00:00:00,Poland,Poland,PL,722.31,798.07,31.23,30.05,entsoe.eu,,
2022-06-15 00:00:00,Poland,Poland,PL,811.76,895.89,22.68,21.40,entsoe.eu,,
2022-06-16 00:00:00,Poland,Poland,PL,761.35,841.58,27.81,25.95,entsoe.eu,,
2022-06-17 00:00:00,Poland,Poland,PL,775.93,857.17,26.80,24.83,entsoe.eu,,
2022-06-18 00:00:00,Poland,Poland,PL,696.68,772.01,34.39,32.40,entsoe.eu,,
2022-06-19 00:00:00,Poland,Poland,PL,656.52,728.49,38.40,36.36,entsoe.eu,,
2022-06-20 00:00:00,Poland,Poland,PL,842.84,928.05,19.81,18.02,entsoe.eu,,
2022-06-21 00:00:00,Poland,Poland,PL,730.27,806.42,30.50,28.84,entsoe.eu,,
2022-06-22 00:00:00,Poland,Poland,PL,797.38,880.48,24.08,22.10,entsoe.eu,,
2022-06-23 00:00:00,Poland,Poland,PL,800.42,883.56,24.23,22.19,entsoe.eu,,
2022-06-24 00:00:00,Poland,Poland,PL,692.09,766.06,34.23,32.21,entsoe.eu,,
2022-06-25 00:00:00,Poland,Poland,PL,735.63,813.71,30.15,27.99,entsoe.eu,,
2022-06-26 00:00:00,Poland,Poland,PL,749.22,828.43,28.73,26.72,entsoe.eu,,
2022-06-27 00:00:00,Poland,Poland,PL,747.61,825.45,29.02,27.33,entsoe.eu,,
2022-06-28 00:00:00,Poland,Poland,PL,818.39,901.25,22.04,20.24,entsoe.eu,,
2022-06-29 00:00:00,Poland,Poland,PL,844.01,929.45,19.87,17.80,entsoe.eu,,
2022-06-30 00:00:00,Poland,Poland,PL,826.14,910.00,21.42,19.39,entsoe.eu,,
2022-07-01 00:00:00,Poland,Poland,PL,770.14,849.37,26.74,24.65,entsoe.eu,,
2022-07-02 00:00:00,Poland,Poland,PL,784.89,866.31,25.50,22.91,entsoe.eu,,
2022-07-03 00:00:00,Poland,Poland,PL,762.66,843.38,27.46,24.75,entsoe.eu,,
2022-07-04 00:00:00,Poland,Poland,PL,797.23,879.65,24.26,21.92,entsoe.eu,,
2022-07-05 00:00:00,Poland,Poland,PL,853.06,937.65,19.72,17.48,entsoe.eu,,
2022-07-06 00:00:00,Poland,Poland,PL,795.37,875.05,25.42,23.20,entsoe.eu,,
2022-07-07 00:00:00,Poland,Poland,PL,797.81,877.72,25.55,23.14,entsoe.eu,,
2022-07-08 00:00:00,Poland,Poland,PL,773.37,851.59,28.11,25.73,entsoe.eu,,
2022-07-09 00:00:00,Poland,Poland,PL,683.59,756.20,36.06,33.64,entsoe.eu,,
2022-07-10 00:00:00,Poland,Poland,PL,663.93,735.46,37.55,35.14,entsoe.eu,,
2022-07-11 00:00:00,Poland,Poland,PL,777.29,855.80,27.21,25.00,entsoe.eu,,
2022-07-12 00:00:00,Poland,Poland,PL,674.76,745.15,36.74,34.67,entsoe.eu,,
2022-07-13 00:00:00,Poland,Poland,PL,707.65,780.60,33.92,32.07,entsoe.eu,,
2022-07-14 00:00:00,Poland,Poland,PL,724.83,799.71,32.24,30.40,entsoe.eu,,
2022-07-15 00:00:00,Poland,Poland,PL,690.48,762.56,35.55,33.61,entsoe.eu,,
2022-07-16 00:00:00,Poland,Poland,PL,662.86,733.85,37.82,35.57,entsoe.eu,,
2022-07-17 00:00:00,Poland,Poland,PL,680.69,754.20,36.03,33.55,entsoe.eu,,
2022-07-18 00:00:00,Poland,Poland,PL,808.42,889.66,24.58,22.29,entsoe.eu,,
2022-07-19 00:00:00,Poland,Poland,PL,812.87,894.61,24.17,21.96,entsoe.eu,,
2022-07-20 00:00:00,Poland,Poland,PL,795.02,875.30,25.95,24.05,entsoe.eu,,
2022-07-21 00:00:00,Poland,Poland,PL,773.10,852.24,27.82,26.09,entsoe.eu,,
2022-07-22 00:00:00,Poland,Poland,PL,821.39,904.07,22.77,20.56,entsoe.eu,,
2022-07-23 00:00:00,Poland,Poland,PL,803.10,885.16,24.89,22.26,entsoe.eu,,
2022-07-24 00:00:00,Poland,Poland,PL,734.80,812.81,30.84,27.95,entsoe.eu,,
2022-07-25 00:00:00,Poland,Poland,PL,725.71,801.02,31.97,29.74,entsoe.eu,,
2022-07-26 00:00:00,Poland,Poland,PL,788.72,867.25,26.25,24.21,entsoe.eu,,
2022-07-27 00:00:00,Poland,Poland,PL,780.39,859.12,27.06,24.77,entsoe.eu,,
2022-07-28 00:00:00,Poland,Poland,PL,807.40,888.46,24.61,22.33,entsoe.eu,,
2022-07-29 00:00:00,Poland,Poland,PL,776.26,853.14,27.53,25.16,entsoe.eu,,
2022-07-30 00:00:00,Poland,Poland,PL,800.90,879.00,25.05,22.42,entsoe.eu,,
2022-07-31 00:00:00,Poland,Poland,PL,777.04,853.86,27.06,24.15,entsoe.eu,,
2022-08-01 00:00:00,Poland,Poland,PL,848.86,931.05,21.39,18.85,entsoe.eu,,
2022-08-02 00:00:00,Poland,Poland,PL,855.78,937.77,20.64,18.25,entsoe.eu,,
2022-08-03 00:00:00,Poland,Poland,PL,829.87,910.30,23.50,21.28,entsoe.eu,,
2022-08-04 00:00:00,Poland,Poland,PL,778.57,855.28,28.00,25.72,entsoe.eu,,
2022-08-05 00:00:00,Poland,Poland,PL,767.43,843.48,29.03,26.64,entsoe.eu,,
2022-08-06 00:00:00,Poland,Poland,PL,757.89,833.56,29.71,27.53,entsoe.eu,,
2022-08-07 00:00:00,Poland,Poland,PL,784.26,863.39,27.05,23.87,entsoe.eu,,
2022-08-08 00:00:00,Poland,Poland,PL,862.30,945.18,20.26,17.64,entsoe.eu,,
2022-08-09 00:00:00,Poland,Poland,PL,868.13,951.14,19.42,17.01,entsoe.eu,,
2022-08-10 00:00:00,Poland,Poland,PL,844.36,925.66,21.68,19.43,entsoe.eu,,
2022-08-11 00:00:00,Poland,Poland,PL,844.01,924.99,21.90,19.78,entsoe.eu,,
2022-08-12 00:00:00,Poland,Poland,PL,831.10,911.39,22.97,20.90,entsoe.eu,,
2022-08-13 00:00:00,Poland,Poland,PL,823.65,903.42,23.52,20.86,entsoe.eu,,
2022-08-14 00:00:00,Poland,Poland,PL,779.74,857.12,27.25,24.55,entsoe.eu,,
2022-08-15 00:00:00,Poland,Poland,PL,755.61,831.10,29.56,27.30,entsoe.eu,,
2022-08-16 00:00:00,Poland,Poland,PL,869.80,953.23,19.58,17.54,entsoe.eu,,
2022-08-17 00:00:00,Poland,Poland,PL,874.99,958.84,18.78,16.65,entsoe.eu,,
2022-08-18 00:00:00,Poland,Poland,PL,842.36,924.01,21.82,19.84,entsoe.eu,,
2022-08-19 00:00:00,Poland,Poland,PL,797.15,874.85,25.70,23.44,entsoe.eu,,
2022-08-20 00:00:00,Poland,Poland,PL,855.09,937.34,20.36,17.66,entsoe.eu,,
2022-08-21 00:00:00,Poland,Poland,PL,837.17,917.75,21.89,19.20,entsoe.eu,,
2022-08-22 00:00:00,Poland,Poland,PL,880.38,963.34,18.14,15.95,entsoe.eu,,
2022-08-23 00:00:00,Poland,Poland,PL,881.81,965.28,18.17,16.06,entsoe.eu,,
2022-08-24 00:00:00,Poland,Poland,PL,893.66,978.27,16.99,14.97,entsoe.eu,,
2022-08-25 00:00:00,Poland,Poland,PL,858.10,940.30,20.29,18.21,entsoe.eu,,
2022-08-26 00:00:00,Poland,Poland,PL,827.15,907.55,23.28,21.11,entsoe.eu,,
2022-08-27 00:00:00,Poland,Poland,PL,807.74,887.75,24.52,21.92,entsoe.eu,,
2022-08-28 00:00:00,Poland,Poland,PL,797.08,875.91,25.39,22.73,entsoe.eu,,
2022-08-29 00:00:00,Poland,Poland,PL,812.03,890.75,24.65,22.55,entsoe.eu,,
2022-08-30 00:00:00,Poland,Poland,PL,843.90,925.03,21.47,19.32,entsoe.eu,,
2022-08-31 00:00:00,Poland,Poland,PL,842.39,923.78,21.66,19.51,entsoe.eu,,
2022-09-01 00:00:00,Poland,Poland,PL,855.55,937.72,20.74,18.74,entsoe.eu,,
2022-09-02 00:00:00,Poland,Poland,PL,825.47,905.72,23.75,21.74,entsoe.eu,,
2022-09-03 00:00:00,Poland,Poland,PL,717.48,790.35,33.22,30.67,entsoe.eu,,
2022-09-04 00:00:00,Poland,Poland,PL,716.89,790.12,32.90,30.30,entsoe.eu,,
2022-09-05 00:00:00,Poland,Poland,PL,775.24,851.54,27.96,26.23,entsoe.eu,,
2022-09-06 00:00:00,Poland,Poland,PL,791.53,869.16,26.59,24.79,entsoe.eu,,
2022-09-07 00:00:00,Poland,Poland,PL,771.97,848.78,28.21,26.29,entsoe.eu,,
2022-09-08 00:00:00,Poland,Poland,PL,709.04,779.72,34.22,32.73,entsoe.eu,,
2022-09-09 00:00:00,Poland,Poland,PL,850.61,931.43,21.48,19.48,entsoe.eu,,
2022-09-10 00:00:00,Poland,Poland,PL,921.38,1007.58,14.88,12.32,entsoe.eu,,
2022-09-11 00:00:00,Poland,Poland,PL,784.61,861.30,26.63,23.99,entsoe.eu,,
2022-09-12 00:00:00,Poland,Poland,PL,884.51,967.92,18.33,16.97,entsoe.eu,,
2022-09-13 00:00:00,Poland,Poland,PL,844.11,924.68,21.91,20.75,entsoe.eu,,
2022-09-14 00:00:00,Poland,Poland,PL,858.92,940.13,20.55,19.43,entsoe.eu,,
2022-09-15 00:00:00,Poland,Poland,PL,789.09,865.05,27.30,26.26,entsoe.eu,,
2022-09-16 00:00:00,Poland,Poland,PL,666.47,734.68,38.17,37.53,entsoe.eu,,
2022-09-17 00:00:00,Poland,Poland,PL,766.17,842.29,28.86,28.08,entsoe.eu,,
2022-09-18 00:00:00,Poland,Poland,PL,792.51,870.89,26.18,25.19,entsoe.eu,,
2022-09-19 00:00:00,Poland,Poland,PL,866.99,948.70,19.94,18.74,entsoe.eu,,
2022-09-20 00:00:00,Poland,Poland,PL,872.89,955.44,19.30,18.12,entsoe.eu,,
2022-09-21 00:00:00,Poland,Poland,PL,897.97,981.94,17.57,16.68,entsoe.eu,,
2022-09-22 00:00:00,Poland,Poland,PL,926.20,1013.29,14.75,13.87,entsoe.eu,,
2022-09-23 00:00:00,Poland,Poland,PL,916.13,1002.79,14.83,13.70,entsoe.eu,,
2022-09-24 00:00:00,Poland,Poland,PL,914.21,1000.42,15.99,14.31,entsoe.eu,,
2022-09-25 00:00:00,Poland,Poland,PL,899.04,985.40,16.21,14.46,entsoe.eu,,
2022-09-26 00:00:00,Poland,Poland,PL,862.27,945.75,19.37,18.02,entsoe.eu,,
2022-09-27 00:00:00,Poland,Poland,PL,868.86,951.75,19.13,17.89,entsoe.eu,,
2022-09-28 00:00:00,Poland,Poland,PL,909.88,995.74,15.81,14.58,entsoe.eu,,
2022-09-29 00:00:00,Poland,Poland,PL,935.35,1023.24,12.81,11.69,entsoe.eu,,
2022-09-30 00:00:00,Poland,Poland,PL,917.43,1004.57,14.74,13.57,entsoe.eu,,
2022-10-01 00:00:00,Poland,Poland,PL,754.94,831.39,29.45,28.11,entsoe.eu,,
2022-10-02 00:00:00,Poland,Poland,PL,637.98,705.37,39.58,38.48,entsoe.eu,,
2022-10-03 00:00:00,Poland,Poland,PL,664.82,732.57,37.54,36.51,entsoe.eu,,
2022-10-04 00:00:00,Poland,Poland,PL,772.49,848.71,27.68,26.56,entsoe.eu,,
2022-10-05 00:00:00,Poland,Poland,PL,734.03,807.40,31.58,30.43,entsoe.eu,,
2022-10-06 00:00:00,Poland,Poland,PL,691.49,761.23,35.67,34.51,entsoe.eu,,
2022-10-07 00:00:00,Poland,Poland,PL,778.77,855.25,27.81,26.58,entsoe.eu,,
2022-10-08 00:00:00,Poland,Poland,PL,755.61,829.33,31.09,29.46,entsoe.eu,,
2022-10-09 00:00:00,Poland,Poland,PL,794.34,872.54,26.74,25.07,entsoe.eu,,
2022-10-10 00:00:00,Poland,Poland,PL,705.61,776.10,34.97,33.65,entsoe.eu,,
2022-10-11 00:00:00,Poland,Poland,PL,789.81,866.95,27.29,25.98,entsoe.eu,,
2022-10-12 00:00:00,Poland,Poland,PL,889.43,974.82,17.72,16.25,entsoe.eu,,
2022-10-13 00:00:00,Poland,Poland,PL,808.77,888.23,24.43,22.89,entsoe.eu,,
2022-10-14 00:00:00,Poland,Poland,PL,868.08,952.02,19.08,17.36,entsoe.eu,,
2022-10-15 00:00:00,Poland,Poland,PL,781.57,858.58,27.55,25.48,entsoe.eu,,
2022-10-16 00:00:00,Poland,Poland,PL,738.31,813.33,31.35,29.33,entsoe.eu,,
2022-10-17 00:00:00,Poland,Poland,PL,785.33,862.72,27.22,25.79,entsoe.eu,,
2022-10-18 00:00:00,Poland,Poland,PL,840.35,921.79,22.33,21.00,entsoe.eu,,
2022-10-19 00:00:00,Poland,Poland,PL,803.09,883.51,24.88,23.36,entsoe.eu,,
2022-10-20 00:00:00,Poland,Poland,PL,803.49,885.59,24.80,23.42,entsoe.eu,,
2022-10-21 00:00:00,Poland,Poland,PL,818.71,900.87,23.09,21.66,entsoe.eu,,
2022-10-22 00:00:00,Poland,Poland,PL,859.69,945.90,19.35,17.25,entsoe.eu,,
2022-10-23 00:00:00,Poland,Poland,PL,788.25,871.92,24.51,22.38,entsoe.eu,,
2022-10-24 00:00:00,Poland,Poland,PL,780.53,862.05,25.47,24.11,entsoe.eu,,
2022-10-25 00:00:00,Poland,Poland,PL,807.03,890.96,22.36,21.02,entsoe.eu,,
2022-10-26 00:00:00,Poland,Poland,PL,842.32,930.87,18.13,16.58,entsoe.eu,,
2022-10-27 00:00:00,Poland,Poland,PL,823.85,910.47,20.34,18.85,entsoe.eu,,
2022-10-28 00:00:00,Poland,Poland,PL,758.16,838.48,27.59,26.16,entsoe.eu,,
2022-10-29 00:00:00,Poland,Poland,PL,699.18,776.72,31.79,29.92,entsoe.eu,,
2022-10-30 00:00:00,Poland,Poland,PL,807.36,896.16,20.09,17.79,entsoe.eu,,
2022-10-31 00:00:00,Poland,Poland,PL,854.26,945.38,16.95,14.86,entsoe.eu,,
2022-11-01 00:00:00,Poland,Poland,PL,819.19,904.91,22.40,20.42,entsoe.eu,,
2022-11-02 00:00:00,Poland,Poland,PL,765.60,845.96,26.20,24.73,entsoe.eu,,
2022-11-03 00:00:00,Poland,Poland,PL,741.10,820.49,28.05,26.71,entsoe.eu,,
2022-11-04 00:00:00,Poland,Poland,PL,799.76,881.98,23.38,22.01,entsoe.eu,,
2022-11-05 00:00:00,Poland,Poland,PL,809.97,893.16,22.68,20.99,entsoe.eu,,
2022-11-06 00:00:00,Poland,Poland,PL,736.05,813.74,31.20,30.11,entsoe.eu,,
2022-11-07 00:00:00,Poland,Poland,PL,766.93,844.55,28.74,27.60,entsoe.eu,,
2022-11-08 00:00:00,Poland,Poland,PL,748.13,825.11,30.37,29.02,entsoe.eu,,
2022-11-09 00:00:00,Poland,Poland,PL,773.16,850.90,27.94,26.72,entsoe.eu,,
2022-11-10 00:00:00,Poland,Poland,PL,787.98,865.79,27.18,26.00,entsoe.eu,,
2022-11-11 00:00:00,Poland,Poland,PL,735.08,810.34,31.48,30.26,entsoe.eu,,
2022-11-12 00:00:00,Poland,Poland,PL,887.03,973.97,17.64,16.00,entsoe.eu,,
2022-11-13 00:00:00,Poland,Poland,PL,902.80,991.74,15.80,13.79,entsoe.eu,,
2022-11-14 00:00:00,Poland,Poland,PL,859.18,944.37,19.66,18.18,entsoe.eu,,
2022-11-15 00:00:00,Poland,Poland,PL,902.31,992.40,14.31,12.85,entsoe.eu,,
2022-11-16 00:00:00,Poland,Poland,PL,807.90,889.58,23.58,22.50,entsoe.eu,,
2022-11-17 00:00:00,Poland,Poland,PL,811.89,893.44,23.25,22.27,entsoe.eu,,
2022-11-18 00:00:00,Poland,Poland,PL,885.13,973.04,16.22,15.16,entsoe.eu,,
2022-11-19 00:00:00,Poland,Poland,PL,901.59,989.25,14.35,13.15,entsoe.eu,,
2022-11-20 00:00:00,Poland,Poland,PL,913.84,1001.78,13.65,12.74,entsoe.eu,,
2022-11-21 00:00:00,Poland,Poland,PL,938.65,1029.05,10.88,9.94,entsoe.eu,,
2022-11-22 00:00:00,Poland,Poland,PL,895.26,982.59,14.62,13.61,entsoe.eu,,
2022-11-23 00:00:00,Poland,Poland,PL,932.17,1022.27,11.30,10.33,entsoe.eu,,
2022-11-24 00:00:00,Poland,Poland,PL,975.14,1067.85,8.08,6.92,entsoe.eu,,
2022-11-25 00:00:00,Poland,Poland,PL,972.75,1066.23,7.97,6.88,entsoe.eu,,
2022-11-26 00:00:00,Poland,Poland,PL,942.61,1036.68,10.25,8.90,entsoe.eu,,
2022-11-27 00:00:00,Poland,Poland,PL,908.84,1000.52,13.49,11.97,entsoe.eu,,
2022-11-28 00:00:00,Poland,Poland,PL,839.01,924.29,19.76,18.67,entsoe.eu,,
2022-11-29 00:00:00,Poland,Poland,PL,875.25,962.50,16.17,15.22,entsoe.eu,,
2022-11-30 00:00:00,Poland,Poland,PL,928.84,1020.58,11.46,10.46,entsoe.eu,,
2022-12-01 00:00:00,Poland,Poland,PL,963.57,1057.23,8.43,7.47,entsoe.eu,,
2022-12-02 00:00:00,Poland,Poland,PL,933.44,1025.22,11.35,10.25,entsoe.eu,,
2022-12-03 00:00:00,Poland,Poland,PL,926.28,1018.16,11.87,10.78,entsoe.eu,,
2022-12-04 00:00:00,Poland,Poland,PL,839.61,925.07,19.81,19.04,entsoe.eu,,
2022-12-05 00:00:00,Poland,Poland,PL,909.97,999.22,13.69,12.81,entsoe.eu,,
2022-12-06 00:00:00,Poland,Poland,PL,968.57,1062.14,8.21,7.38,entsoe.eu,,
2022-12-07 00:00:00,Poland,Poland,PL,848.67,932.77,19.75,19.18,entsoe.eu,,
2022-12-08 00:00:00,Poland,Poland,PL,891.63,979.05,15.76,15.17,entsoe.eu,,
2022-12-09 00:00:00,Poland,Poland,PL,979.59,1074.11,7.71,7.13,entsoe.eu,,
2022-12-10 00:00:00,Poland,Poland,PL,975.45,1070.62,7.38,6.63,entsoe.eu,,
2022-12-11 00:00:00,Poland,Poland,PL,931.07,1022.41,12.33,11.71,entsoe.eu,,
2022-12-12 00:00:00,Poland,Poland,PL,812.46,893.94,22.64,22.43,entsoe.eu,,
2022-12-13 00:00:00,Poland,Poland,PL,867.81,953.13,17.69,17.28,entsoe.eu,,
2022-12-14 00:00:00,Poland,Poland,PL,898.41,985.02,14.88,14.47,entsoe.eu,,
2022-12-15 00:00:00,Poland,Poland,PL,962.04,1054.05,8.50,8.03,entsoe.eu,,
2022-12-16 00:00:00,Poland,Poland,PL,987.01,1079.45,6.84,6.43,entsoe.eu,,
2022-12-17 00:00:00,Poland,Poland,PL,975.87,1068.10,8.36,7.54,entsoe.eu,,
2022-12-18 00:00:00,Poland,Poland,PL,896.42,983.76,15.49,14.44,entsoe.eu,,
2022-12-19 00:00:00,Poland,Poland,PL,756.01,832.53,28.21,27.42,entsoe.eu,,
2022-12-20 00:00:00,Poland,Poland,PL,753.74,829.55,28.15,27.22,entsoe.eu,,
2022-12-21 00:00:00,Poland,Poland,PL,835.53,917.14,21.10,19.95,entsoe.eu,,
2022-12-22 00:00:00,Poland,Poland,PL,826.77,907.67,22.32,21.16,entsoe.eu,,
2022-12-23 00:00:00,Poland,Poland,PL,875.41,962.00,17.73,16.46,entsoe.eu,,
2022-12-24 00:00:00,Poland,Poland,PL,898.44,988.35,15.48,14.39,entsoe.eu,,
2022-12-25 00:00:00,Poland,Poland,PL,832.23,918.84,21.21,19.75,entsoe.eu,,
2022-12-26 00:00:00,Poland,Poland,PL,610.75,680.61,41.78,40.79,entsoe.eu,,
2022-12-27 00:00:00,Poland,Poland,PL,642.78,712.82,39.47,38.76,entsoe.eu,,
2022-12-28 00:00:00,Poland,Poland,PL,644.99,715.69,39.57,38.82,entsoe.eu,,
2022-12-29 00:00:00,Poland,Poland,PL,618.96,687.63,41.82,41.16,entsoe.eu,,
2022-12-30 00:00:00,Poland,Poland,PL,615.53,684.95,42.11,41.41,entsoe.eu,,
2022-12-31 00:00:00,Poland,Poland,PL,532.43,595.99,49.07,48.40,entsoe.eu,,
2023-01-01 00:00:00,Poland,Poland,PL,563.53,614.21,44.32,43.38,entsoe.eu,,
2023-01-02 00:00:00,Poland,Poland,PL,624.39,677.72,38.07,37.01,entsoe.eu,,
2023-01-03 00:00:00,Poland,Poland,PL,675.19,731.33,32.48,31.37,entsoe.eu,,
2023-01-04 00:00:00,Poland,Poland,PL,613.85,666.68,38.35,37.84,entsoe.eu,,
2023-01-05 00:00:00,Poland,Poland,PL,608.74,660.46,38.93,38.23,entsoe.eu,,
2023-01-06 00:00:00,Poland,Poland,PL,732.54,792.99,26.45,25.11,entsoe.eu,,
2023-01-07 00:00:00,Poland,Poland,PL,737.40,798.67,26.29,24.40,entsoe.eu,,
2023-01-08 00:00:00,Poland,Poland,PL,635.02,690.62,36.07,34.44,entsoe.eu,,
2023-01-09 00:00:00,Poland,Poland,PL,777.03,838.85,22.22,20.80,entsoe.eu,,
2023-01-10 00:00:00,Poland,Poland,PL,833.40,898.11,16.60,15.34,entsoe.eu,,
2023-01-11 00:00:00,Poland,Poland,PL,677.63,734.20,31.89,31.01,entsoe.eu,,
2023-01-12 00:00:00,Poland,Poland,PL,588.80,640.59,40.83,39.78,entsoe.eu,,
2023-01-13 00:00:00,Poland,Poland,PL,615.64,667.94,38.32,37.53,entsoe.eu,,
2023-01-14 00:00:00,Poland,Poland,PL,560.06,610.92,43.31,42.78,entsoe.eu,,
2023-01-15 00:00:00,Poland,Poland,PL,539.02,589.39,44.94,44.55,entsoe.eu,,
2023-01-16 00:00:00,Poland,Poland,PL,671.97,728.27,32.62,31.64,entsoe.eu,,
2023-01-17 00:00:00,Poland,Poland,PL,727.63,786.76,26.88,25.87,entsoe.eu,,
2023-01-18 00:00:00,Poland,Poland,PL,836.94,901.95,15.95,14.79,entsoe.eu,,
2023-01-19 00:00:00,Poland,Poland,PL,854.74,920.55,14.47,13.48,entsoe.eu,,
2023-01-20 00:00:00,Poland,Poland,PL,885.15,951.15,12.17,11.17,entsoe.eu,,
2023-01-21 00:00:00,Poland,Poland,PL,681.69,737.30,31.93,31.19,entsoe.eu,,
2023-01-22 00:00:00,Poland,Poland,PL,826.29,890.94,17.34,16.28,entsoe.eu,,
2023-01-23 00:00:00,Poland,Poland,PL,910.99,978.68,9.41,8.50,entsoe.eu,,
2023-01-24 00:00:00,Poland,Poland,PL,909.09,976.76,9.53,8.57,entsoe.eu,,
2023-01-25 00:00:00,Poland,Poland,PL,897.72,964.96,10.45,9.42,entsoe.eu,,
2023-01-26 00:00:00,Poland,Poland,PL,902.95,971.11,9.81,8.68,entsoe.eu,,
2023-01-27 00:00:00,Poland,Poland,PL,841.76,906.97,15.57,14.55,entsoe.eu,,
2023-01-28 00:00:00,Poland,Poland,PL,847.31,914.35,14.61,13.29,entsoe.eu,,
2023-01-29 00:00:00,Poland,Poland,PL,669.80,726.04,32.89,32.04,entsoe.eu,,
2023-01-30 00:00:00,Poland,Poland,PL,592.26,643.49,40.45,39.99,entsoe.eu,,
2023-01-31 00:00:00,Poland,Poland,PL,623.93,676.18,37.92,37.36,entsoe.eu,,
2023-02-01 00:00:00,Poland,Poland,PL,604.03,655.34,39.83,39.34,entsoe.eu,,
2023-02-02 00:00:00,Poland,Poland,PL,686.58,743.26,31.30,30.35,entsoe.eu,,
2023-02-03 00:00:00,Poland,Poland,PL,678.82,735.08,32.16,31.44,entsoe.eu,,
2023-02-04 00:00:00,Poland,Poland,PL,702.00,760.25,29.26,28.32,entsoe.eu,,
2023-02-05 00:00:00,Poland,Poland,PL,819.33,885.95,17.39,15.72,entsoe.eu,,
2023-02-06 00:00:00,Poland,Poland,PL,855.44,921.92,14.32,13.01,entsoe.eu,,
2023-02-07 00:00:00,Poland,Poland,PL,866.74,933.34,13.29,12.17,entsoe.eu,,
2023-02-08 00:00:00,Poland,Poland,PL,778.66,841.66,21.74,20.61,entsoe.eu,,
2023-02-09 00:00:00,Poland,Poland,PL,655.68,712.13,33.88,32.90,entsoe.eu,,
2023-02-10 00:00:00,Poland,Poland,PL,660.36,716.23,33.52,32.60,entsoe.eu,,
2023-02-11 00:00:00,Poland,Poland,PL,611.41,664.73,38.06,37.13,entsoe.eu,,
2023-02-12 00:00:00,Poland,Poland,PL,760.76,823.51,23.09,21.77,entsoe.eu,,
2023-02-13 00:00:00,Poland,Poland,PL,710.76,769.05,28.32,27.15,entsoe.eu,,
2023-02-14 00:00:00,Poland,Poland,PL,818.46,883.96,17.56,16.20,entsoe.eu,,
2023-02-15 00:00:00,Poland,Poland,PL,812.68,877.40,18.84,17.47,entsoe.eu,,
2023-02-16 00:00:00,Poland,Poland,PL,747.83,808.07,26.08,24.80,entsoe.eu,,
2023-02-17 00:00:00,Poland,Poland,PL,653.93,707.76,35.46,34.64,entsoe.eu,,
2023-02-18 00:00:00,Poland,Poland,PL,572.68,624.30,42.47,41.79,entsoe.eu,,
2023-02-19 00:00:00,Poland,Poland,PL,597.31,650.04,40.18,39.20,entsoe.eu,,
2023-02-20 00:00:00,Poland,Poland,PL,554.78,604.13,44.57,44.20,entsoe.eu,,
2023-02-21 00:00:00,Poland,Poland,PL,630.01,682.60,37.59,37.02,entsoe.eu,,
2023-02-22 00:00:00,Poland,Poland,PL,810.40,875.46,18.62,17.24,entsoe.eu,,
2023-02-23 00:00:00,Poland,Poland,PL,725.69,786.43,26.93,25.79,entsoe.eu,,
2023-02-24 00:00:00,Poland,Poland,PL,721.84,780.60,28.20,27.01,entsoe.eu,,
2023-02-25 00:00:00,Poland,Poland,PL,658.43,713.21,34.96,34.33,entsoe.eu,,
2023-02-26 00:00:00,Poland,Poland,PL,728.05,787.38,27.71,26.63,entsoe.eu,,
2023-02-27 00:00:00,Poland,Poland,PL,841.36,907.70,15.64,14.41,entsoe.eu,,
2023-02-28 00:00:00,Poland,Poland,PL,781.69,846.83,20.78,19.56,entsoe.eu,,
2023-03-01 00:00:00,Poland,Poland,PL,784.22,849.74,20.33,19.08,entsoe.eu,,
2023-03-02 00:00:00,Poland,Poland,PL,816.88,883.96,16.96,15.66,entsoe.eu,,
2023-03-03 00:00:00,Poland,Poland,PL,744.24,805.27,24.91,23.96,entsoe.eu,,
2023-03-04 00:00:00,Poland,Poland,PL,607.41,662.05,38.09,37.31,entsoe.eu,,
2023-03-05 00:00:00,Poland,Poland,PL,721.60,783.39,26.44,25.79,entsoe.eu,,
2023-03-06 00:00:00,Poland,Poland,PL,793.44,859.05,19.26,18.43,entsoe.eu,,
2023-03-07 00:00:00,Poland,Poland,PL,641.75,697.65,35.02,34.54,entsoe.eu,,
2023-03-08 00:00:00,Poland,Poland,PL,717.26,779.02,26.55,25.49,entsoe.eu,,
2023-03-09 00:00:00,Poland,Poland,PL,789.63,855.11,19.35,17.52,entsoe.eu,,
2023-03-10 00:00:00,Poland,Poland,PL,726.75,788.70,26.09,25.14,entsoe.eu,,
2023-03-11 00:00:00,Poland,Poland,PL,627.60,682.91,35.73,34.79,entsoe.eu,,
2023-03-12 00:00:00,Poland,Poland,PL,588.70,643.21,39.96,39.30,entsoe.eu,,
2023-03-13 00:00:00,Poland,Poland,PL,545.87,596.97,44.10,43.59,entsoe.eu,,
2023-03-14 00:00:00,Poland,Poland,PL,575.39,627.48,41.70,41.02,entsoe.eu,,
2023-03-15 00:00:00,Poland,Poland,PL,703.27,762.16,29.38,28.38,entsoe.eu,,
2023-03-16 00:00:00,Poland,Poland,PL,705.61,766.72,28.74,27.47,entsoe.eu,,
2023-03-17 00:00:00,Poland,Poland,PL,572.24,625.29,41.88,41.04,entsoe.eu,,
2023-03-18 00:00:00,Poland,Poland,PL,576.36,630.43,41.41,40.21,entsoe.eu,,
2023-03-19 00:00:00,Poland,Poland,PL,728.87,792.65,25.89,24.30,entsoe.eu,,
2023-03-20 00:00:00,Poland,Poland,PL,740.37,804.40,23.90,22.35,entsoe.eu,,
2023-03-21 00:00:00,Poland,Poland,PL,776.25,842.20,20.27,18.04,entsoe.eu,,
2023-03-22 00:00:00,Poland,Poland,PL,670.42,729.30,31.97,30.84,entsoe.eu,,
2023-03-23 00:00:00,Poland,Poland,PL,625.77,682.06,35.93,34.91,entsoe.eu,,
2023-03-24 00:00:00,Poland,Poland,PL,616.57,672.73,36.53,35.66,entsoe.eu,,
2023-03-25 00:00:00,Poland,Poland,PL,595.35,652.29,38.64,37.82,entsoe.eu,,
2023-03-26 00:00:00,Poland,Poland,PL,612.90,670.05,37.12,36.02,entsoe.eu,,
2023-03-27 00:00:00,Poland,Poland,PL,665.87,723.77,32.57,31.58,entsoe.eu,,
2023-03-28 00:00:00,Poland,Poland,PL,642.13,698.20,34.96,34.36,entsoe.eu; Electricity Maps Estimation,,
2023-03-29 00:00:00,Poland,Poland,PL,679.30,739.28,31.19,30.24,entsoe.eu,,
2023-03-30 00:00:00,Poland,Poland,PL,674.30,733.20,31.65,30.50,entsoe.eu,,
2023-03-31 00:00:00,Poland,Poland,PL,718.69,779.50,27.49,26.17,entsoe.eu,,
2023-04-01 00:00:00,Poland,Poland,PL,636.72,692.49,36.49,35.22,entsoe.eu,,
2023-04-02 00:00:00,Poland,Poland,PL,575.98,627.63,42.31,41.67,entsoe.eu,,
2023-04-03 00:00:00,Poland,Poland,PL,633.72,689.56,36.40,35.42,entsoe.eu,,
2023-04-04 00:00:00,Poland,Poland,PL,744.32,806.36,25.62,23.39,entsoe.eu,,
2023-04-05 00:00:00,Poland,Poland,PL,772.74,837.11,22.30,19.64,entsoe.eu,,
2023-04-06 00:00:00,Poland,Poland,PL,714.92,776.96,27.53,25.45,entsoe.eu,,
2023-04-07 00:00:00,Poland,Poland,PL,754.81,817.69,23.94,22.29,entsoe.eu,,
2023-04-08 00:00:00,Poland,Poland,PL,716.22,779.24,28.05,26.04,entsoe.eu,,
2023-04-09 00:00:00,Poland,Poland,PL,723.95,788.23,26.97,24.75,entsoe.eu,,
2023-04-10 00:00:00,Poland,Poland,PL,639.03,699.86,35.23,33.90,entsoe.eu,,
2023-04-11 00:00:00,Poland,Poland,PL,640.42,696.91,35.82,34.53,entsoe.eu,,
2023-04-12 00:00:00,Poland,Poland,PL,720.01,781.88,27.05,25.29,entsoe.eu,,
2023-04-13 00:00:00,Poland,Poland,PL,717.44,779.86,27.01,25.22,entsoe.eu,,
2023-04-14 00:00:00,Poland,Poland,PL,681.93,740.68,30.91,29.54,entsoe.eu,,
2023-04-15 00:00:00,Poland,Poland,PL,650.79,708.04,34.13,32.59,entsoe.eu,,
2023-04-16 00:00:00,Poland,Poland,PL,728.66,791.14,26.37,24.48,entsoe.eu,,
2023-04-17 00:00:00,Poland,Poland,PL,742.87,805.34,24.31,22.89,entsoe.eu,,
2023-04-18 00:00:00,Poland,Poland,PL,642.79,699.61,34.80,33.47,entsoe.eu,,
2023-04-19 00:00:00,Poland,Poland,PL,687.83,746.16,30.69,29.90,entsoe.eu,,
2023-04-20 00:00:00,Poland,Poland,PL,671.90,730.60,32.29,31.34,entsoe.eu,,
2023-04-21 00:00:00,Poland,Poland,PL,633.00,691.60,35.79,34.80,entsoe.eu,,
2023-04-22 00:00:00,Poland,Poland,PL,636.11,696.27,35.29,33.71,entsoe.eu,,
2023-04-23 00:00:00,Poland,Poland,PL,598.40,654.31,39.30,37.65,entsoe.eu,,
2023-04-24 00:00:00,Poland,Poland,PL,676.39,735.80,31.69,30.24,entsoe.eu,,
2023-04-25 00:00:00,Poland,Poland,PL,699.50,758.49,29.80,28.69,entsoe.eu,,
2023-04-26 00:00:00,Poland,Poland,PL,622.83,678.06,37.11,36.68,entsoe.eu,,
2023-04-27 00:00:00,Poland,Poland,PL,683.94,744.01,30.74,29.39,entsoe.eu,,
2023-04-28 00:00:00,Poland,Poland,PL,676.02,736.90,31.19,28.94,entsoe.eu,,
2023-04-29 00:00:00,Poland,Poland,PL,636.26,694.98,35.29,32.57,entsoe.eu,,
2023-04-30 00:00:00,Poland,Poland,PL,587.61,643.59,40.86,38.41,entsoe.eu,,
2023-05-01 00:00:00,Poland,Poland,PL,593.95,650.15,40.80,38.09,entsoe.eu,,
2023-05-02 00:00:00,Poland,Poland,PL,627.95,683.40,38.10,34.75,entsoe.eu,,
2023-05-03 00:00:00,Poland,Poland,PL,681.01,741.03,32.28,28.76,entsoe.eu,,
2023-05-04 00:00:00,Poland,Poland,PL,667.74,727.15,33.78,31.35,entsoe.eu,,
2023-05-05 00:00:00,Poland,Poland,PL,554.85,608.32,44.21,41.72,entsoe.eu,,
2023-05-06 00:00:00,Poland,Poland,PL,608.38,662.94,38.92,36.13,entsoe.eu,,
2023-05-07 00:00:00,Poland,Poland,PL,639.22,696.65,36.24,33.14,entsoe.eu,,
2023-05-08 00:00:00,Poland,Poland,PL,649.86,707.63,35.04,32.16,entsoe.eu,,
2023-05-09 00:00:00,Poland,Poland,PL,552.80,605.04,44.49,42.83,entsoe.eu,,
2023-05-10 00:00:00,Poland,Poland,PL,538.30,586.21,46.68,45.84,entsoe.eu,,
2023-05-11 00:00:00,Poland,Poland,PL,616.68,668.82,38.87,37.83,entsoe.eu,,
2023-05-12 00:00:00,Poland,Poland,PL,596.83,648.44,40.78,39.71,entsoe.eu,,
2023-05-13 00:00:00,Poland,Poland,PL,623.45,679.10,37.16,35.64,entsoe.eu,,
2023-05-14 00:00:00,Poland,Poland,PL,647.02,703.23,35.06,33.79,entsoe.eu,,
2023-05-15 00:00:00,Poland,Poland,PL,723.65,779.29,28.89,27.28,entsoe.eu,,
2023-05-16 00:00:00,Poland,Poland,PL,680.96,735.46,32.82,31.54,entsoe.eu,,
2023-05-17 00:00:00,Poland,Poland,PL,714.48,770.10,29.42,28.60,entsoe.eu,,
2023-05-18 00:00:00,Poland,Poland,PL,741.34,799.46,26.98,25.59,entsoe.eu,,
2023-05-19 00:00:00,Poland,Poland,PL,764.72,822.70,25.10,22.85,entsoe.eu,,
2023-05-20 00:00:00,Poland,Poland,PL,667.58,722.10,34.50,32.26,entsoe.eu,,
2023-05-21 00:00:00,Poland,Poland,PL,563.02,614.05,44.31,42.76,entsoe.eu,,
2023-05-22 00:00:00,Poland,Poland,PL,674.42,729.60,33.60,32.01,entsoe.eu,,
2023-05-23 00:00:00,Poland,Poland,PL,724.27,780.58,29.19,27.89,entsoe.eu,,
2023-05-24 00:00:00,Poland,Poland,PL,762.24,818.94,25.45,23.33,entsoe.eu,,
2023-05-25 00:00:00,Poland,Poland,PL,739.09,795.28,27.99,26.25,entsoe.eu,,
2023-05-26 00:00:00,Poland,Poland,PL,642.05,695.61,36.81,34.88,entsoe.eu,,
2023-05-27 00:00:00,Poland,Poland,PL,619.49,674.83,39.35,36.51,entsoe.eu,,
2023-05-28 00:00:00,Poland,Poland,PL,601.82,658.08,40.79,39.25,entsoe.eu,,
2023-05-29 00:00:00,Poland,Poland,PL,675.37,734.00,33.58,32.43,entsoe.eu,,
2023-05-30 00:00:00,Poland,Poland,PL,646.26,702.98,36.37,34.41,entsoe.eu,,
2023-05-31 00:00:00,Poland,Poland,PL,645.52,702.44,36.55,35.16,entsoe.eu,,
2023-06-01 00:00:00,Poland,Poland,PL,613.57,668.44,39.42,38.21,entsoe.eu,,
2023-06-02 00:00:00,Poland,Poland,PL,609.32,663.21,39.82,38.12,entsoe.eu,,
2023-06-03 00:00:00,Poland,Poland,PL,597.03,653.91,40.81,38.53,entsoe.eu,,
2023-06-04 00:00:00,Poland,Poland,PL,607.75,666.61,38.77,36.83,entsoe.eu,,
2023-06-05 00:00:00,Poland,Poland,PL,652.85,711.70,34.57,31.84,entsoe.eu,,
2023-06-06 00:00:00,Poland,Poland,PL,704.14,763.79,30.12,27.37,entsoe.eu,,
2023-06-07 00:00:00,Poland,Poland,PL,698.83,758.14,30.74,27.88,entsoe.eu,,
2023-06-08 00:00:00,Poland,Poland,PL,679.25,739.41,31.96,29.70,entsoe.eu,,
2023-06-09 00:00:00,Poland,Poland,PL,640.12,697.12,36.41,35.06,entsoe.eu,,
2023-06-10 00:00:00,Poland,Poland,PL,513.29,564.05,49.11,48.12,entsoe.eu,,
2023-06-11 00:00:00,Poland,Poland,PL,542.53,595.23,45.87,44.66,entsoe.eu,,
2023-06-12 00:00:00,Poland,Poland,PL,628.64,683.90,37.89,35.53,entsoe.eu,,
2023-06-13 00:00:00,Poland,Poland,PL,693.33,752.38,30.50,27.59,entsoe.eu,,
2023-06-14 00:00:00,Poland,Poland,PL,703.18,763.87,28.87,24.39,entsoe.eu,,
2023-06-15 00:00:00,Poland,Poland,PL,747.32,809.24,25.25,21.51,entsoe.eu,,
2023-06-16 00:00:00,Poland,Poland,PL,738.65,799.83,26.25,22.37,entsoe.eu,,
2023-06-17 00:00:00,Poland,Poland,PL,713.30,774.06,28.17,23.69,entsoe.eu,,
2023-06-18 00:00:00,Poland,Poland,PL,684.91,746.53,30.09,25.61,entsoe.eu,,
2023-06-19 00:00:00,Poland,Poland,PL,709.94,771.15,28.55,25.83,entsoe.eu,,
2023-06-20 00:00:00,Poland,Poland,PL,697.32,757.81,29.53,26.66,entsoe.eu,,
2023-06-21 00:00:00,Poland,Poland,PL,682.53,742.40,30.87,28.16,entsoe.eu,,
2023-06-22 00:00:00,Poland,Poland,PL,680.99,740.70,31.51,28.97,entsoe.eu,,
2023-06-23 00:00:00,Poland,Poland,PL,696.28,756.25,29.40,25.43,entsoe.eu,,
2023-06-24 00:00:00,Poland,Poland,PL,644.95,704.09,34.56,30.78,entsoe.eu,,
2023-06-25 00:00:00,Poland,Poland,PL,655.00,715.19,34.61,32.38,entsoe.eu,,
2023-06-26 00:00:00,Poland,Poland,PL,685.88,746.09,31.66,30.17,entsoe.eu,,
2023-06-27 00:00:00,Poland,Poland,PL,585.83,638.66,41.60,40.42,entsoe.eu,,
2023-06-28 00:00:00,Poland,Poland,PL,641.66,698.22,35.73,33.75,entsoe.eu,,
2023-06-29 00:00:00,Poland,Poland,PL,681.20,740.92,31.60,29.37,entsoe.eu,,
2023-06-30 00:00:00,Poland,Poland,PL,728.09,789.88,26.87,24.13,entsoe.eu,,
2023-07-01 00:00:00,Poland,Poland,PL,656.75,716.34,34.16,31.86,entsoe.eu,,
2023-07-02 00:00:00,Poland,Poland,PL,510.54,560.76,48.78,48.07,entsoe.eu,,
2023-07-03 00:00:00,Poland,Poland,PL,562.36,615.29,44.01,43.29,entsoe.eu,,
2023-07-04 00:00:00,Poland,Poland,PL,586.79,641.66,41.01,39.93,entsoe.eu,,
2023-07-05 00:00:00,Poland,Poland,PL,616.67,673.96,37.89,36.72,entsoe.eu,,
2023-07-06 00:00:00,Poland,Poland,PL,682.50,742.89,31.37,29.83,entsoe.eu,,
2023-07-07 00:00:00,Poland,Poland,PL,670.69,731.06,32.71,30.29,entsoe.eu,,
2023-07-08 00:00:00,Poland,Poland,PL,632.11,689.14,37.28,34.45,entsoe.eu,,
2023-07-09 00:00:00,Poland,Poland,PL,641.21,698.80,35.51,33.44,entsoe.eu,,
2023-07-10 00:00:00,Poland,Poland,PL,704.55,764.87,29.98,28.47,entsoe.eu,,
2023-07-11 00:00:00,Poland,Poland,PL,684.53,745.72,31.20,29.72,entsoe.eu,,
2023-07-12 00:00:00,Poland,Poland,PL,663.14,721.98,33.45,31.84,entsoe.eu,,
2023-07-13 00:00:00,Poland,Poland,PL,709.01,771.50,28.14,25.89,entsoe.eu,,
2023-07-14 00:00:00,Poland,Poland,PL,657.95,717.71,34.19,32.23,entsoe.eu,,
2023-07-15 00:00:00,Poland,Poland,PL,578.74,634.11,42.75,41.69,entsoe.eu,,
2023-07-16 00:00:00,Poland,Poland,PL,576.35,632.05,42.48,41.33,entsoe.eu,,
2023-07-17 00:00:00,Poland,Poland,PL,675.03,734.21,32.53,31.19,entsoe.eu,,
2023-07-18 00:00:00,Poland,Poland,PL,623.62,681.34,37.22,35.69,entsoe.eu,,
2023-07-19 00:00:00,Poland,Poland,PL,704.76,767.79,28.43,26.18,entsoe.eu,,
2023-07-20 00:00:00,Poland,Poland,PL,673.03,734.09,31.95,30.01,entsoe.eu,,
2023-07-21 00:00:00,Poland,Poland,PL,688.42,750.23,30.40,28.05,entsoe.eu,,
2023-07-22 00:00:00,Poland,Poland,PL,595.78,652.11,40.49,38.12,entsoe.eu,,
2023-07-23 00:00:00,Poland,Poland,PL,593.45,649.98,40.79,39.09,entsoe.eu,,
2023-07-24 00:00:00,Poland,Poland,PL,644.07,701.08,35.49,33.64,entsoe.eu,,
2023-07-25 00:00:00,Poland,Poland,PL,662.75,721.72,33.51,31.14,entsoe.eu,,
2023-07-26 00:00:00,Poland,Poland,PL,674.68,734.06,32.56,29.13,entsoe.eu,,
2023-07-27 00:00:00,Poland,Poland,PL,654.08,712.93,34.85,32.43,entsoe.eu,,
2023-07-28 00:00:00,Poland,Poland,PL,706.93,768.19,29.00,25.69,entsoe.eu,,
2023-07-29 00:00:00,Poland,Poland,PL,639.30,699.17,35.53,32.42,entsoe.eu,,
2023-07-30 00:00:00,Poland,Poland,PL,604.33,663.60,38.49,36.66,entsoe.eu,,
2023-07-31 00:00:00,Poland,Poland,PL,615.44,671.95,38.08,36.28,entsoe.eu,,
2023-08-01 00:00:00,Poland,Poland,PL,615.57,672.17,37.16,35.22,entsoe.eu,,
2023-08-02 00:00:00,Poland,Poland,PL,566.81,621.66,42.30,40.76,entsoe.eu,,
2023-08-03 00:00:00,Poland,Poland,PL,523.17,573.91,47.07,46.07,entsoe.eu,,
2023-08-04 00:00:00,Poland,Poland,PL,644.58,704.73,33.96,31.35,entsoe.eu,,
2023-08-05 00:00:00,Poland,Poland,PL,680.53,742.18,30.88,25.60,entsoe.eu,,
2023-08-06 00:00:00,Poland,Poland,PL,555.30,608.51,43.77,42.16,entsoe.eu,,
2023-08-07 00:00:00,Poland,Poland,PL,479.36,527.78,51.59,51.13,entsoe.eu,,
2023-08-08 00:00:00,Poland,Poland,PL,460.42,508.78,53.14,52.73,entsoe.eu,,
2023-08-09 00:00:00,Poland,Poland,PL,649.64,709.44,33.73,32.17,entsoe.eu,,
2023-08-10 00:00:00,Poland,Poland,PL,702.68,763.61,29.40,26.74,entsoe.eu,,
2023-08-11 00:00:00,Poland,Poland,PL,705.15,766.18,29.63,26.13,entsoe.eu,,
2023-08-12 00:00:00,Poland,Poland,PL,614.64,671.39,38.76,36.11,entsoe.eu,,
2023-08-13 00:00:00,Poland,Poland,PL,631.34,688.66,37.24,35.22,entsoe.eu,,
2023-08-14 00:00:00,Poland,Poland,PL,681.22,739.52,32.66,30.66,entsoe.eu,,
2023-08-15 00:00:00,Poland,Poland,PL,624.15,680.20,38.37,36.74,entsoe.eu,,
2023-08-16 00:00:00,Poland,Poland,PL,723.12,781.49,29.71,28.04,entsoe.eu,,
2023-08-17 00:00:00,Poland,Poland,PL,741.68,801.97,26.95,24.83,entsoe.eu,,
2023-08-18 00:00:00,Poland,Poland,PL,738.72,799.85,26.99,25.26,entsoe.eu,,
2023-08-19 00:00:00,Poland,Poland,PL,724.10,786.20,28.10,26.42,entsoe.eu,,
2023-08-20 00:00:00,Poland,Poland,PL,700.58,762.38,30.19,28.49,entsoe.eu,,
2023-08-21 00:00:00,Poland,Poland,PL,748.64,810.16,25.91,24.70,entsoe.eu,,
2023-08-22 00:00:00,Poland,Poland,PL,794.20,856.88,21.94,20.77,entsoe.eu,,
2023-08-23 00:00:00,Poland,Poland,PL,765.41,827.70,24.56,23.36,entsoe.eu,,
2023-08-24 00:00:00,Poland,Poland,PL,752.53,814.39,25.85,24.64,entsoe.eu,,
2023-08-25 00:00:00,Poland,Poland,PL,727.78,788.75,27.54,26.34,entsoe.eu,,
2023-08-26 00:00:00,Poland,Poland,PL,704.78,766.44,29.46,28.14,entsoe.eu,,
2023-08-27 00:00:00,Poland,Poland,PL,734.16,797.48,26.54,24.97,entsoe.eu,,
2023-08-28 00:00:00,Poland,Poland,PL,776.54,839.57,22.78,21.43,entsoe.eu,,
2023-08-29 00:00:00,Poland,Poland,PL,789.11,852.12,21.65,20.37,entsoe.eu,,
2023-08-30 00:00:00,Poland,Poland,PL,816.91,880.52,19.65,17.46,entsoe.eu,,
2023-08-31 00:00:00,Poland,Poland,PL,701.96,760.44,31.24,29.45,entsoe.eu,,
2023-09-01 00:00:00,Poland,Poland,PL,634.50,688.82,38.12,36.89,entsoe.eu,,
2023-09-02 00:00:00,Poland,Poland,PL,715.37,772.78,30.17,28.43,entsoe.eu,,
2023-09-03 00:00:00,Poland,Poland,PL,710.91,768.15,30.54,28.93,entsoe.eu,,
2023-09-04 00:00:00,Poland,Poland,PL,762.00,820.81,25.56,23.35,entsoe.eu,,
2023-09-05 00:00:00,Poland,Poland,PL,718.94,775.71,29.81,27.70,entsoe.eu,,
2023-09-06 00:00:00,Poland,Poland,PL,740.70,798.97,27.89,26.03,entsoe.eu,,
2023-09-07 00:00:00,Poland,Poland,PL,739.54,797.60,27.84,26.30,entsoe.eu,,
2023-09-08 00:00:00,Poland,Poland,PL,767.29,825.41,25.85,24.04,entsoe.eu,,
2023-09-09 00:00:00,Poland,Poland,PL,733.74,791.39,29.21,27.18,entsoe.eu,,
2023-09-10 00:00:00,Poland,Poland,PL,708.85,768.10,31.66,29.81,entsoe.eu,,
2023-09-11 00:00:00,Poland,Poland,PL,794.25,855.66,23.54,22.44,entsoe.eu,,
2023-09-12 00:00:00,Poland,Poland,PL,799.57,861.49,22.71,21.47,entsoe.eu,,
2023-09-13 00:00:00,Poland,Poland,PL,758.78,818.32,26.71,25.38,entsoe.eu,,
2023-09-14 00:00:00,Poland,Poland,PL,795.98,856.97,23.21,21.89,entsoe.eu,,
2023-09-15 00:00:00,Poland,Poland,PL,694.45,752.39,32.95,31.48,entsoe.eu,,
2023-09-16 00:00:00,Poland,Poland,PL,587.32,639.92,43.61,42.20,entsoe.eu,,
2023-09-17 00:00:00,Poland,Poland,PL,676.69,735.40,34.33,32.56,entsoe.eu,,
2023-09-18 00:00:00,Poland,Poland,PL,646.47,701.39,37.16,36.24,entsoe.eu,,
2023-09-19 00:00:00,Poland,Poland,PL,699.26,754.42,32.13,31.51,entsoe.eu,,
2023-09-20 00:00:00,Poland,Poland,PL,625.29,679.04,39.38,38.61,entsoe.eu,,
2023-09-21 00:00:00,Poland,Poland,PL,615.53,668.00,40.27,39.53,entsoe.eu,,
2023-09-22 00:00:00,Poland,Poland,PL,701.65,758.32,31.81,30.54,entsoe.eu,,
2023-09-23 00:00:00,Poland,Poland,PL,738.08,796.42,29.05,27.23,entsoe.eu,,
2023-09-24 00:00:00,Poland,Poland,PL,705.02,764.22,31.87,30.37,entsoe.eu,,
2023-09-25 00:00:00,Poland,Poland,PL,734.64,792.18,29.48,28.42,entsoe.eu,,
2023-09-26 00:00:00,Poland,Poland,PL,793.68,853.41,24.12,22.54,entsoe.eu,,
2023-09-27 00:00:00,Poland,Poland,PL,737.50,795.18,29.36,27.96,entsoe.eu,,
2023-09-28 00:00:00,Poland,Poland,PL,694.48,749.76,33.54,32.35,entsoe.eu,,
2023-09-29 00:00:00,Poland,Poland,PL,685.95,742.47,33.10,31.95,entsoe.eu,,
2023-09-30 00:00:00,Poland,Poland,PL,631.61,685.30,38.08,37.19,entsoe.eu,,
2023-10-01 00:00:00,Poland,Poland,PL,725.14,784.47,29.46,28.79,entsoe.eu,,
2023-10-02 00:00:00,Poland,Poland,PL,777.28,839.41,23.39,22.59,entsoe.eu,,
2023-10-03 00:00:00,Poland,Poland,PL,556.60,606.52,45.54,45.38,entsoe.eu,,
2023-10-04 00:00:00,Poland,Poland,PL,578.73,629.66,42.42,42.25,entsoe.eu,,
2023-10-05 00:00:00,Poland,Poland,PL,599.21,652.67,39.58,39.27,entsoe.eu,,
2023-10-06 00:00:00,Poland,Poland,PL,626.36,679.51,38.66,38.46,entsoe.eu,,
2023-10-07 00:00:00,Poland,Poland,PL,577.78,627.53,43.80,43.62,entsoe.eu,,
2023-10-08 00:00:00,Poland,Poland,PL,615.22,668.88,39.33,39.25,entsoe.eu,,
2023-10-09 00:00:00,Poland,Poland,PL,834.35,899.50,17.09,16.54,entsoe.eu,,
2023-10-10 00:00:00,Poland,Poland,PL,775.10,837.79,23.13,22.71,entsoe.eu,,
2023-10-11 00:00:00,Poland,Poland,PL,564.17,615.25,43.72,43.54,entsoe.eu,,
2023-10-12 00:00:00,Poland,Poland,PL,696.31,753.73,30.45,30.19,entsoe.eu,,
2023-10-13 00:00:00,Poland,Poland,PL,643.17,698.83,35.62,35.35,entsoe.eu,,
2023-10-14 00:00:00,Poland,Poland,PL,502.68,551.17,49.51,49.19,entsoe.eu,,
2023-10-15 00:00:00,Poland,Poland,PL,505.07,554.78,48.48,48.16,entsoe.eu,,
2023-10-16 00:00:00,Poland,Poland,PL,694.46,752.22,30.34,29.17,entsoe.eu,,
2023-10-17 00:00:00,Poland,Poland,PL,732.51,794.08,26.26,25.04,entsoe.eu,,
2023-10-18 00:00:00,Poland,Poland,PL,715.02,774.81,28.50,27.28,entsoe.eu,,
2023-10-19 00:00:00,Poland,Poland,PL,712.92,771.37,28.83,27.91,entsoe.eu,,
2023-10-20 00:00:00,Poland,Poland,PL,643.33,697.53,35.58,35.12,entsoe.eu,,
2023-10-21 00:00:00,Poland,Poland,PL,724.54,785.95,27.23,26.08,entsoe.eu,,
2023-10-22 00:00:00,Poland,Poland,PL,760.28,822.61,24.28,22.63,entsoe.eu,,
2023-10-23 00:00:00,Poland,Poland,PL,802.22,866.95,19.46,18.26,entsoe.eu,,
2023-10-24 00:00:00,Poland,Poland,PL,746.54,809.60,24.20,23.10,entsoe.eu,,
2023-10-25 00:00:00,Poland,Poland,PL,801.50,867.82,18.04,16.78,entsoe.eu,,
2023-10-26 00:00:00,Poland,Poland,PL,822.69,889.87,16.38,14.99,entsoe.eu,,
2023-10-27 00:00:00,Poland,Poland,PL,844.07,912.14,14.49,12.42,entsoe.eu,,
2023-10-28 00:00:00,Poland,Poland,PL,783.01,847.56,21.41,18.94,entsoe.eu,,
2023-10-29 00:00:00,Poland,Poland,PL,562.96,616.52,42.38,41.67,entsoe.eu,,
2023-10-30 00:00:00,Poland,Poland,PL,643.15,700.28,34.87,33.97,entsoe.eu,,
2023-10-31 00:00:00,Poland,Poland,PL,622.36,676.55,37.38,36.23,entsoe.eu,,
2023-11-01 00:00:00,Poland,Poland,PL,662.89,722.71,32.60,31.36,entsoe.eu,,
2023-11-02 00:00:00,Poland,Poland,PL,569.60,622.57,42.62,41.81,entsoe.eu,,
2023-11-03 00:00:00,Poland,Poland,PL,672.33,729.32,32.12,30.85,entsoe.eu,,
2023-11-04 00:00:00,Poland,Poland,PL,560.31,613.63,42.48,41.47,entsoe.eu,,
2023-11-05 00:00:00,Poland,Poland,PL,604.37,660.84,37.48,36.24,entsoe.eu,,
2023-11-06 00:00:00,Poland,Poland,PL,573.05,625.22,41.58,40.94,entsoe.eu,,
2023-11-07 00:00:00,Poland,Poland,PL,670.65,728.99,31.76,31.01,entsoe.eu,,
2023-11-08 00:00:00,Poland,Poland,PL,695.74,755.52,29.19,28.42,entsoe.eu,,
2023-11-09 00:00:00,Poland,Poland,PL,642.01,698.94,34.56,33.88,entsoe.eu,,
2023-11-10 00:00:00,Poland,Poland,PL,723.69,785.13,26.37,25.13,entsoe.eu,,
2023-11-11 00:00:00,Poland,Poland,PL,840.91,909.22,14.93,13.33,entsoe.eu,,
2023-11-12 00:00:00,Poland,Poland,PL,807.98,873.05,18.10,16.54,entsoe.eu,,
2023-11-13 00:00:00,Poland,Poland,PL,752.71,814.30,23.68,22.78,entsoe.eu,,
2023-11-14 00:00:00,Poland,Poland,PL,636.44,692.17,35.20,34.96,entsoe.eu,,
2023-11-15 00:00:00,Poland,Poland,PL,769.57,832.88,21.81,21.18,entsoe.eu,,
2023-11-16 00:00:00,Poland,Poland,PL,772.55,837.45,21.05,19.88,entsoe.eu,,
2023-11-17 00:00:00,Poland,Poland,PL,801.63,868.38,17.80,15.58,entsoe.eu,,
2023-11-18 00:00:00,Poland,Poland,PL,778.99,845.20,20.12,16.22,entsoe.eu,,
2023-11-19 00:00:00,Poland,Poland,PL,673.06,733.01,30.64,29.98,entsoe.eu,,
2023-11-20 00:00:00,Poland,Poland,PL,819.60,885.51,16.86,15.66,entsoe.eu,,
2023-11-21 00:00:00,Poland,Poland,PL,808.51,874.42,17.45,16.29,entsoe.eu,,
2023-11-22 00:00:00,Poland,Poland,PL,787.67,851.99,19.98,18.81,entsoe.eu,,
2023-11-23 00:00:00,Poland,Poland,PL,559.96,612.41,41.78,41.72,entsoe.eu,,
2023-11-24 00:00:00,Poland,Poland,PL,614.46,669.32,37.33,36.78,entsoe.eu,,
2023-11-25 00:00:00,Poland,Poland,PL,735.24,795.29,25.99,25.02,entsoe.eu,,
2023-11-26 00:00:00,Poland,Poland,PL,769.03,831.61,21.85,21.40,entsoe.eu,,
2023-11-27 00:00:00,Poland,Poland,PL,849.88,916.93,13.96,13.00,entsoe.eu,,
2023-11-28 00:00:00,Poland,Poland,PL,855.60,921.57,13.68,12.34,entsoe.eu,,
2023-11-29 00:00:00,Poland,Poland,PL,801.95,866.15,18.41,17.34,entsoe.eu,,
2023-11-30 00:00:00,Poland,Poland,PL,857.91,924.43,13.44,12.42,entsoe.eu,,
2023-12-01 00:00:00,Poland,Poland,PL,875.37,942.75,11.76,10.20,entsoe.eu,,
2023-12-02 00:00:00,Poland,Poland,PL,847.61,915.54,13.29,9.92,entsoe.eu,,
2023-12-03 00:00:00,Poland,Poland,PL,801.14,864.48,19.41,19.05,entsoe.eu,,
2023-12-04 00:00:00,Poland,Poland,PL,840.27,905.81,15.29,14.89,entsoe.eu,,
2023-12-05 00:00:00,Poland,Poland,PL,777.26,839.87,21.24,21.04,entsoe.eu,,
2023-12-06 00:00:00,Poland,Poland,PL,837.15,903.13,15.08,14.55,entsoe.eu,,
2023-12-07 00:00:00,Poland,Poland,PL,869.46,937.89,11.86,10.29,entsoe.eu,,
2023-12-08 00:00:00,Poland,Poland,PL,810.68,875.98,17.70,16.46,entsoe.eu,,
2023-12-09 00:00:00,Poland,Poland,PL,779.46,844.62,20.71,19.48,entsoe.eu,,
2023-12-10 00:00:00,Poland,Poland,PL,707.46,767.49,28.68,27.91,entsoe.eu,,
2023-12-11 00:00:00,Poland,Poland,PL,726.18,786.86,26.30,25.45,entsoe.eu,,
2023-12-12 00:00:00,Poland,Poland,PL,836.51,903.26,15.01,13.77,entsoe.eu,,
2023-12-13 00:00:00,Poland,Poland,PL,799.62,865.57,18.27,17.18,entsoe.eu,,
2023-12-14 00:00:00,Poland,Poland,PL,852.08,919.68,13.17,11.20,entsoe.eu,,
2023-12-15 00:00:00,Poland,Poland,PL,760.43,822.55,22.75,21.49,entsoe.eu,,
2023-12-16 00:00:00,Poland,Poland,PL,613.34,667.42,37.42,36.61,entsoe.eu,,
2023-12-17 00:00:00,Poland,Poland,PL,539.26,590.12,44.35,44.19,entsoe.eu,,
2023-12-18 00:00:00,Poland,Poland,PL,611.00,665.65,37.64,36.99,entsoe.eu,,
2023-12-19 00:00:00,Poland,Poland,PL,639.65,694.81,35.45,34.72,entsoe.eu,,
2023-12-20 00:00:00,Poland,Poland,PL,635.82,690.71,35.88,35.31,entsoe.eu,,
2023-12-21 00:00:00,Poland,Poland,PL,569.67,621.58,41.89,41.63,entsoe.eu,,
2023-12-22 00:00:00,Poland,Poland,PL,517.50,566.77,46.97,46.81,entsoe.eu,,
2023-12-23 00:00:00,Poland,Poland,PL,524.80,575.70,45.91,45.62,entsoe.eu,,
2023-12-24 00:00:00,Poland,Poland,PL,565.79,621.09,41.22,40.96,entsoe.eu,,
2023-12-25 00:00:00,Poland,Poland,PL,476.36,525.52,49.68,49.60,entsoe.eu,,
2023-12-26 00:00:00,Poland,Poland,PL,507.05,558.19,46.92,46.91,entsoe.eu,,
2023-12-27 00:00:00,Poland,Poland,PL,604.43,660.42,37.97,37.30,entsoe.eu,,
2023-12-28 00:00:00,Poland,Poland,PL,516.27,567.42,46.86,46.73,entsoe.eu,,
2023-12-29 00:00:00,Poland,Poland,PL,498.69,548.15,48.74,48.66,entsoe.eu,,
2023-12-30 00:00:00,Poland,Poland,PL,558.33,612.13,42.26,41.76,entsoe.eu,,
2023-12-31 00:00:00,Poland,Poland,PL,657.83,720.00,31.63,31.15,entsoe.eu,,
2024-01-01 00:00:00,Poland,Poland,PL,677.98,742.27,28.39,26.59,entsoe.eu,,
2024-01-02 00:00:00,Poland,Poland,PL,698.11,759.07,28.32,27.10,entsoe.eu,,
2024-01-03 00:00:00,Poland,Poland,PL,643.56,701.17,33.48,32.78,entsoe.eu,,
2024-01-04 00:00:00,Poland,Poland,PL,708.48,768.52,27.29,26.03,entsoe.eu,,
2024-01-05 00:00:00,Poland,Poland,PL,781.72,846.28,19.83,17.36,entsoe.eu,,
2024-01-06 00:00:00,Poland,Poland,PL,739.02,802.22,23.56,21.77,entsoe.eu,,
2024-01-07 00:00:00,Poland,Poland,PL,719.47,780.40,25.97,23.67,entsoe.eu,,
2024-01-08 00:00:00,Poland,Poland,PL,771.09,834.17,21.24,19.11,entsoe.eu,,
2024-01-09 00:00:00,Poland,Poland,PL,810.07,874.37,18.16,16.20,entsoe.eu,,
2024-01-10 00:00:00,Poland,Poland,PL,813.68,879.43,17.17,15.62,entsoe.eu,,
2024-01-11 00:00:00,Poland,Poland,PL,750.34,812.71,22.92,22.11,entsoe.eu,,
2024-01-12 00:00:00,Poland,Poland,PL,734.62,795.29,25.17,24.22,entsoe.eu,,
2024-01-13 00:00:00,Poland,Poland,PL,638.09,694.98,34.17,33.60,entsoe.eu,,
2024-01-14 00:00:00,Poland,Poland,PL,577.88,631.27,40.21,39.95,entsoe.eu,,
2024-01-15 00:00:00,Poland,Poland,PL,607.17,660.35,37.97,37.79,entsoe.eu,,
2024-01-16 00:00:00,Poland,Poland,PL,776.68,839.06,21.07,20.05,entsoe.eu,,
2024-01-17 00:00:00,Poland,Poland,PL,706.15,766.53,27.23,26.41,entsoe.eu,,
2024-01-18 00:00:00,Poland,Poland,PL,770.55,834.64,20.72,18.64,entsoe.eu,,
2024-01-19 00:00:00,Poland,Poland,PL,648.15,704.84,33.26,32.90,entsoe.eu,,
2024-01-20 00:00:00,Poland,Poland,PL,552.74,606.18,42.05,41.71,entsoe.eu,,
2024-01-21 00:00:00,Poland,Poland,PL,575.37,632.53,39.04,38.51,entsoe.eu,,
2024-01-22 00:00:00,Poland,Poland,PL,526.45,576.63,45.34,45.04,entsoe.eu,,
2024-01-23 00:00:00,Poland,Poland,PL,557.90,609.56,42.41,42.11,entsoe.eu,,
2024-01-24 00:00:00,Poland,Poland,PL,540.35,590.55,44.15,44.01,entsoe.eu,,
2024-01-25 00:00:00,Poland,Poland,PL,589.03,642.71,38.92,38.18,entsoe.eu,,
2024-01-26 00:00:00,Poland,Poland,PL,698.96,757.33,28.92,28.17,entsoe.eu,,
2024-01-27 00:00:00,Poland,Poland,PL,561.92,615.12,41.72,41.05,entsoe.eu,,
2024-01-28 00:00:00,Poland,Poland,PL,694.39,756.09,28.64,26.01,entsoe.eu,,
2024-01-29 00:00:00,Poland,Poland,PL,608.10,663.96,37.46,36.56,entsoe.eu,,
2024-01-30 00:00:00,Poland,Poland,PL,646.10,703.82,33.67,32.58,entsoe.eu,,
2024-01-31 00:00:00,Poland,Poland,PL,646.91,703.27,33.57,32.86,entsoe.eu,,
2024-02-01 00:00:00,Poland,Poland,PL,545.24,595.83,43.64,43.15,entsoe.eu,,
2024-02-02 00:00:00,Poland,Poland,PL,568.48,620.02,41.85,41.21,entsoe.eu,,
2024-02-03 00:00:00,Poland,Poland,PL,462.29,507.99,52.20,52.03,entsoe.eu,,
2024-02-04 00:00:00,Poland,Poland,PL,440.74,485.22,54.60,54.54,entsoe.eu,,
2024-02-05 00:00:00,Poland,Poland,PL,578.42,629.01,41.38,40.88,entsoe.eu,,
2024-02-06 00:00:00,Poland,Poland,PL,549.33,598.15,44.07,43.66,entsoe.eu,,
2024-02-07 00:00:00,Poland,Poland,PL,638.48,692.29,35.11,34.13,entsoe.eu,,
2024-02-08 00:00:00,Poland,Poland,PL,797.28,861.34,19.25,17.00,entsoe.eu,,
2024-02-09 00:00:00,Poland,Poland,PL,715.29,775.17,27.33,25.97,entsoe.eu,,
2024-02-10 00:00:00,Poland,Poland,PL,748.81,810.32,24.08,22.05,entsoe.eu,,
2024-02-11 00:00:00,Poland,Poland,PL,694.90,753.44,28.90,26.77,entsoe.eu,,
2024-02-12 00:00:00,Poland,Poland,PL,688.54,746.77,29.86,27.61,entsoe.eu,,
2024-02-13 00:00:00,Poland,Poland,PL,687.17,746.10,30.08,28.50,entsoe.eu,,
2024-02-14 00:00:00,Poland,Poland,PL,716.19,776.99,27.19,24.97,entsoe.eu,,
2024-02-15 00:00:00,Poland,Poland,PL,714.90,777.12,25.99,22.76,entsoe.eu,,
2024-02-16 00:00:00,Poland,Poland,PL,590.92,644.71,39.48,38.25,entsoe.eu,,
2024-02-17 00:00:00,Poland,Poland,PL,617.66,673.66,35.68,34.28,entsoe.eu,,
2024-02-18 00:00:00,Poland,Poland,PL,673.06,735.13,29.59,28.11,entsoe.eu,,
2024-02-19 00:00:00,Poland,Poland,PL,619.17,675.83,35.59,34.43,entsoe.eu,,
2024-02-20 00:00:00,Poland,Poland,PL,678.13,737.06,30.28,29.23,entsoe.eu,,
2024-02-21 00:00:00,Poland,Poland,PL,653.43,711.21,32.63,31.66,entsoe.eu,,
2024-02-22 00:00:00,Poland,Poland,PL,611.24,666.67,36.78,35.65,entsoe.eu,,
2024-02-23 00:00:00,Poland,Poland,PL,646.48,703.72,33.20,31.95,entsoe.eu,,
2024-02-24 00:00:00,Poland,Poland,PL,631.91,689.97,34.03,32.36,entsoe.eu,,
2024-02-25 00:00:00,Poland,Poland,PL,653.48,713.96,31.43,29.14,entsoe.eu,,
2024-02-26 00:00:00,Poland,Poland,PL,713.33,776.22,26.43,24.34,entsoe.eu,,
2024-02-27 00:00:00,Poland,Poland,PL,763.71,829.32,21.00,18.69,entsoe.eu,,
2024-02-28 00:00:00,Poland,Poland,PL,785.16,852.04,18.39,14.39,entsoe.eu,,
2024-02-29 00:00:00,Poland,Poland,PL,728.93,791.75,24.71,23.55,entsoe.eu,,
2024-03-01 00:00:00,Poland,Poland,PL,642.58,700.60,33.15,32.01,entsoe.eu,,
2024-03-02 00:00:00,Poland,Poland,PL,652.43,713.33,31.31,30.21,entsoe.eu,,
2024-03-03 00:00:00,Poland,Poland,PL,602.20,659.71,37.03,36.25,entsoe.eu,,
2024-03-04 00:00:00,Poland,Poland,PL,694.60,755.41,28.54,27.29,entsoe.eu,,
2024-03-05 00:00:00,Poland,Poland,PL,773.70,838.88,20.21,18.35,entsoe.eu,,
2024-03-06 00:00:00,Poland,Poland,PL,741.64,805.49,23.64,21.93,entsoe.eu,,
2024-03-07 00:00:00,Poland,Poland,PL,718.99,781.65,26.53,25.16,entsoe.eu,,
2024-03-08 00:00:00,Poland,Poland,PL,687.45,749.31,29.83,28.73,entsoe.eu,,
2024-03-09 00:00:00,Poland,Poland,PL,568.25,625.68,40.41,39.79,entsoe.eu,,
2024-03-10 00:00:00,Poland,Poland,PL,505.10,556.26,46.50,46.33,entsoe.eu,,
2024-03-11 00:00:00,Poland,Poland,PL,634.80,690.06,34.80,33.85,entsoe.eu,,
2024-03-12 00:00:00,Poland,Poland,PL,790.41,856.00,18.66,15.03,entsoe.eu,,
2024-03-13 00:00:00,Poland,Poland,PL,792.07,858.58,18.38,15.78,entsoe.eu,,
2024-03-14 00:00:00,Poland,Poland,PL,702.13,764.08,27.29,25.97,entsoe.eu,,
2024-03-15 00:00:00,Poland,Poland,PL,609.82,666.17,37.39,36.23,entsoe.eu,,
2024-03-16 00:00:00,Poland,Poland,PL,555.54,609.74,42.35,41.35,entsoe.eu,,
2024-03-17 00:00:00,Poland,Poland,PL,558.89,612.01,42.57,41.65,entsoe.eu,,
2024-03-18 00:00:00,Poland,Poland,PL,771.34,834.39,22.36,20.07,entsoe.eu,,
2024-03-19 00:00:00,Poland,Poland,PL,750.18,813.53,24.50,22.54,entsoe.eu,,
2024-03-20 00:00:00,Poland,Poland,PL,762.86,824.84,23.79,21.56,entsoe.eu,,
2024-03-21 00:00:00,Poland,Poland,PL,739.40,801.34,25.60,24.18,entsoe.eu,,
2024-03-22 00:00:00,Poland,Poland,PL,710.18,768.95,28.64,27.32,entsoe.eu,,
2024-03-23 00:00:00,Poland,Poland,PL,696.41,754.96,29.23,28.13,entsoe.eu,,
2024-03-24 00:00:00,Poland,Poland,PL,660.87,718.27,32.88,32.17,entsoe.eu,,
2024-03-25 00:00:00,Poland,Poland,PL,790.72,852.08,20.84,18.83,entsoe.eu,,
2024-03-26 00:00:00,Poland,Poland,PL,613.42,667.74,37.73,36.95,entsoe.eu,,
2024-03-27 00:00:00,Poland,Poland,PL,522.23,571.83,46.14,45.28,entsoe.eu,,
2024-03-28 00:00:00,Poland,Poland,PL,548.90,598.65,43.82,42.53,entsoe.eu,,
2024-03-29 00:00:00,Poland,Poland,PL,519.54,569.66,46.65,45.71,entsoe.eu,,
2024-03-30 00:00:00,Poland,Poland,PL,575.71,628.94,41.24,39.23,entsoe.eu,,
2024-03-31 00:00:00,Poland,Poland,PL,562.70,614.91,42.34,40.40,entsoe.eu,,
2024-04-01 00:00:00,Poland,Poland,PL,559.51,611.98,42.78,40.64,entsoe.eu,,
2024-04-02 00:00:00,Poland,Poland,PL,522.64,569.52,47.01,45.94,entsoe.eu,,
2024-04-03 00:00:00,Poland,Poland,PL,624.18,675.83,37.79,36.01,entsoe.eu,,
2024-04-04 00:00:00,Poland,Poland,PL,668.87,723.07,33.60,32.16,entsoe.eu,,
2024-04-05 00:00:00,Poland,Poland,PL,575.69,625.65,42.56,41.56,entsoe.eu,,
2024-04-06 00:00:00,Poland,Poland,PL,570.24,622.35,42.39,41.73,entsoe.eu,,
2024-04-07 00:00:00,Poland,Poland,PL,568.47,620.42,42.35,41.73,entsoe.eu,,
2024-04-08 00:00:00,Poland,Poland,PL,644.72,698.12,35.92,34.33,entsoe.eu,,
2024-04-09 00:00:00,Poland,Poland,PL,585.93,638.69,40.52,39.32,entsoe.eu,,
2024-04-10 00:00:00,Poland,Poland,PL,625.17,678.02,36.71,35.53,entsoe.eu,,
2024-04-11 00:00:00,Poland,Poland,PL,593.32,646.58,39.28,38.00,entsoe.eu,,
2024-04-12 00:00:00,Poland,Poland,PL,614.91,670.05,36.34,34.86,entsoe.eu,,
2024-04-13 00:00:00,Poland,Poland,PL,521.65,572.92,45.87,45.10,entsoe.eu,,
2024-04-14 00:00:00,Poland,Poland,PL,452.00,498.66,52.60,52.33,entsoe.eu,,
2024-04-15 00:00:00,Poland,Poland,PL,698.74,756.94,29.20,28.06,entsoe.eu,,
2024-04-16 00:00:00,Poland,Poland,PL,591.31,643.98,39.28,38.40,entsoe.eu,,
2024-04-17 00:00:00,Poland,Poland,PL,763.68,824.62,23.08,21.91,entsoe.eu,,
2024-04-18 00:00:00,Poland,Poland,PL,719.23,780.26,27.35,26.40,entsoe.eu,,
2024-04-19 00:00:00,Poland,Poland,PL,669.26,728.64,31.93,31.03,entsoe.eu,,
2024-04-20 00:00:00,Poland,Poland,PL,672.22,729.73,32.67,31.31,entsoe.eu,,
2024-04-21 00:00:00,Poland,Poland,PL,624.39,681.56,36.67,35.84,entsoe.eu,,
2024-04-22 00:00:00,Poland,Poland,PL,768.18,830.32,23.09,22.27,entsoe.eu,,
2024-04-23 00:00:00,Poland,Poland,PL,739.75,801.83,25.75,24.67,entsoe.eu,,
2024-04-24 00:00:00,Poland,Poland,PL,755.28,817.07,24.91,23.82,entsoe.eu,,
2024-04-25 00:00:00,Poland,Poland,PL,730.78,790.60,28.03,26.85,entsoe.eu,,
2024-04-26 00:00:00,Poland,Poland,PL,669.83,727.18,33.63,32.84,entsoe.eu,,
2024-04-27 00:00:00,Poland,Poland,PL,592.65,647.45,40.49,39.65,entsoe.eu,,
2024-04-28 00:00:00,Poland,Poland,PL,500.86,551.61,48.76,48.25,entsoe.eu,,
2024-04-29 00:00:00,Poland,Poland,PL,598.59,652.95,40.23,39.44,entsoe.eu,,
2024-04-30 00:00:00,Poland,Poland,PL,534.50,585.54,46.70,45.83,entsoe.eu,,
2024-05-01 00:00:00,Poland,Poland,PL,483.09,533.25,51.15,50.54,entsoe.eu,,
2024-05-02 00:00:00,Poland,Poland,PL,478.26,527.58,51.78,51.09,entsoe.eu,,
2024-05-03 00:00:00,Poland,Poland,PL,575.29,630.95,42.26,41.39,entsoe.eu,,
2024-05-04 00:00:00,Poland,Poland,PL,633.70,691.75,36.74,35.44,entsoe.eu,,
2024-05-05 00:00:00,Poland,Poland,PL,624.31,682.10,37.27,36.13,entsoe.eu,,
2024-05-06 00:00:00,Poland,Poland,PL,662.99,720.19,34.07,32.76,entsoe.eu,,
2024-05-07 00:00:00,Poland,Poland,PL,631.69,687.61,36.97,35.65,entsoe.eu,,
2024-05-08 00:00:00,Poland,Poland,PL,627.30,683.61,36.85,35.51,entsoe.eu,,
2024-05-09 00:00:00,Poland,Poland,PL,641.54,700.40,35.77,34.13,entsoe.eu,,
2024-05-10 00:00:00,Poland,Poland,PL,702.75,762.36,30.42,28.80,entsoe.eu,,
2024-05-11 00:00:00,Poland,Poland,PL,657.58,715.78,35.38,34.04,entsoe.eu,,
2024-05-12 00:00:00,Poland,Poland,PL,568.48,622.78,43.81,42.67,entsoe.eu,,
2024-05-13 00:00:00,Poland,Poland,PL,595.06,650.23,41.12,39.97,entsoe.eu,,
2024-05-14 00:00:00,Poland,Poland,PL,568.33,621.68,43.71,42.72,entsoe.eu,,
2024-05-15 00:00:00,Poland,Poland,PL,494.62,541.67,51.72,50.91,entsoe.eu,,
2024-05-16 00:00:00,Poland,Poland,PL,472.80,517.82,54.02,53.42,entsoe.eu,,
2024-05-17 00:00:00,Poland,Poland,PL,489.78,536.76,51.47,50.82,entsoe.eu,,
2024-05-18 00:00:00,Poland,Poland,PL,614.10,668.73,39.73,38.71,entsoe.eu,,
2024-05-19 00:00:00,Poland,Poland,PL,659.11,716.25,35.87,34.59,entsoe.eu,,
2024-05-20 00:00:00,Poland,Poland,PL,690.61,748.91,32.81,31.43,entsoe.eu,,
2024-05-21 00:00:00,Poland,Poland,PL,599.96,652.44,42.20,41.02,entsoe.eu,,
2024-05-22 00:00:00,Poland,Poland,PL,605.56,657.52,41.22,40.32,entsoe.eu,,
2024-05-23 00:00:00,Poland,Poland,PL,730.86,788.99,28.95,27.61,entsoe.eu,,
2024-05-24 00:00:00,Poland,Poland,PL,675.27,731.43,34.59,32.79,entsoe.eu,,
2024-05-25 00:00:00,Poland,Poland,PL,646.41,701.75,37.35,35.54,entsoe.eu,,
2024-05-26 00:00:00,Poland,Poland,PL,618.99,673.42,39.95,38.74,entsoe.eu,,
2024-05-27 00:00:00,Poland,Poland,PL,616.18,669.90,39.77,38.52,entsoe.eu,,
2024-05-28 00:00:00,Poland,Poland,PL,626.41,682.39,37.78,36.27,entsoe.eu,,
2024-05-29 00:00:00,Poland,Poland,PL,691.05,748.93,32.84,31.25,entsoe.eu,,
2024-05-30 00:00:00,Poland,Poland,PL,647.13,705.23,35.74,34.70,entsoe.eu,,
2024-05-31 00:00:00,Poland,Poland,PL,643.56,701.75,35.96,34.27,entsoe.eu,,
2024-06-01 00:00:00,Poland,Poland,PL,624.86,682.88,37.67,35.84,entsoe.eu,,
2024-06-02 00:00:00,Poland,Poland,PL,622.40,680.96,37.61,36.43,entsoe.eu,,
2024-06-03 00:00:00,Poland,Poland,PL,716.18,774.87,29.55,28.33,entsoe.eu,,
2024-06-04 00:00:00,Poland,Poland,PL,761.96,823.24,25.09,23.77,entsoe.eu,,
2024-06-05 00:00:00,Poland,Poland,PL,653.90,711.90,34.90,33.81,entsoe.eu,,
2024-06-06 00:00:00,Poland,Poland,PL,690.39,750.20,31.55,30.27,entsoe.eu,,
2024-06-07 00:00:00,Poland,Poland,PL,701.45,761.32,30.80,29.13,entsoe.eu,,
2024-06-08 00:00:00,Poland,Poland,PL,541.68,595.01,46.71,45.39,entsoe.eu,,
2024-06-09 00:00:00,Poland,Poland,PL,578.76,633.32,42.95,41.90,entsoe.eu,,
2024-06-10 00:00:00,Poland,Poland,PL,702.47,761.02,31.39,30.03,entsoe.eu,,
2024-06-11 00:00:00,Poland,Poland,PL,571.20,623.52,43.31,42.35,entsoe.eu,,
2024-06-12 00:00:00,Poland,Poland,PL,648.92,706.36,35.57,34.04,entsoe.eu,,
2024-06-13 00:00:00,Poland,Poland,PL,741.77,802.40,27.31,25.61,entsoe.eu,,
2024-06-14 00:00:00,Poland,Poland,PL,651.05,712.67,33.38,31.66,entsoe.eu,,
2024-06-15 00:00:00,Poland,Poland,PL,523.19,581.12,44.74,43.29,entsoe.eu,,
2024-06-16 00:00:00,Poland,Poland,PL,596.35,659.13,37.44,35.44,entsoe.eu,,
2024-06-17 00:00:00,Poland,Poland,PL,631.35,694.21,33.80,32.17,entsoe.eu,,
2024-06-18 00:00:00,Poland,Poland,PL,631.26,693.76,33.69,32.42,entsoe.eu,,
2024-06-19 00:00:00,Poland,Poland,PL,626.26,686.57,34.48,33.51,entsoe.eu,,
2024-06-20 00:00:00,Poland,Poland,PL,598.86,661.11,35.97,34.38,entsoe.eu,,
2024-06-21 00:00:00,Poland,Poland,PL,627.25,688.20,35.30,33.95,entsoe.eu,,
2024-06-22 00:00:00,Poland,Poland,PL,542.23,599.40,42.41,41.20,entsoe.eu,,
2024-06-23 00:00:00,Poland,Poland,PL,541.42,598.98,42.22,41.20,entsoe.eu,,
2024-06-24 00:00:00,Poland,Poland,PL,658.94,722.93,30.50,29.01,entsoe.eu,,
2024-06-25 00:00:00,Poland,Poland,PL,650.58,715.54,30.51,29.37,entsoe.eu,,
2024-06-26 00:00:00,Poland,Poland,PL,606.23,667.45,36.03,34.89,entsoe.eu,,
2024-06-27 00:00:00,Poland,Poland,PL,599.99,661.06,36.33,35.07,entsoe.eu,,
2024-06-28 00:00:00,Poland,Poland,PL,607.78,670.15,34.89,33.51,entsoe.eu,,
2024-06-29 00:00:00,Poland,Poland,PL,564.42,626.69,38.84,37.52,entsoe.eu,,
2024-06-30 00:00:00,Poland,Poland,PL,530.61,587.50,42.88,42.03,entsoe.eu,,
2024-07-01 00:00:00,Poland,Poland,PL,662.30,726.67,29.81,28.25,entsoe.eu,,
2024-07-02 00:00:00,Poland,Poland,PL,623.71,685.03,33.74,32.09,entsoe.eu,,
2024-07-03 00:00:00,Poland,Poland,PL,655.39,719.00,30.53,28.72,entsoe.eu,,
2024-07-04 00:00:00,Poland,Poland,PL,627.90,689.18,33.99,32.69,entsoe.eu,,
2024-07-05 00:00:00,Poland,Poland,PL,573.51,632.67,38.90,37.80,entsoe.eu,,
2024-07-06 00:00:00,Poland,Poland,PL,482.65,539.85,46.50,45.85,entsoe.eu,,
2024-07-07 00:00:00,Poland,Poland,PL,570.74,634.43,36.73,35.03,entsoe.eu,,
2024-07-08 00:00:00,Poland,Poland,PL,630.46,694.66,31.96,29.70,entsoe.eu,,
2024-07-09 00:00:00,Poland,Poland,PL,597.12,658.96,35.61,34.20,entsoe.eu,,
2024-07-10 00:00:00,Poland,Poland,PL,595.14,654.06,37.16,36.10,entsoe.eu,,
2024-07-11 00:00:00,Poland,Poland,PL,685.08,749.45,27.84,26.14,entsoe.eu,,
2024-07-12 00:00:00,Poland,Poland,PL,643.04,706.12,31.48,29.96,entsoe.eu,,
2024-07-13 00:00:00,Poland,Poland,PL,568.90,630.09,37.58,36.38,entsoe.eu,,
2024-07-14 00:00:00,Poland,Poland,PL,589.85,654.88,34.85,33.27,entsoe.eu,,
2024-07-15 00:00:00,Poland,Poland,PL,597.65,662.17,34.38,32.79,entsoe.eu,,
2024-07-16 00:00:00,Poland,Poland,PL,606.82,669.94,33.82,32.69,entsoe.eu,,
2024-07-17 00:00:00,Poland,Poland,PL,604.34,666.03,35.27,33.89,entsoe.eu,,
2024-07-18 00:00:00,Poland,Poland,PL,605.83,668.22,35.11,33.65,entsoe.eu,,
2024-07-19 00:00:00,Poland,Poland,PL,614.48,678.66,33.57,31.76,entsoe.eu,,
2024-07-20 00:00:00,Poland,Poland,PL,591.40,652.34,36.80,34.52,entsoe.eu,,
2024-07-21 00:00:00,Poland,Poland,PL,597.48,658.31,36.20,34.40,entsoe.eu,,
2024-07-22 00:00:00,Poland,Poland,PL,619.37,678.37,35.07,32.89,entsoe.eu,,
2024-07-23 00:00:00,Poland,Poland,PL,626.13,688.15,32.65,29.89,entsoe.eu,,
2024-07-24 00:00:00,Poland,Poland,PL,650.99,713.18,30.58,27.76,entsoe.eu,,
2024-07-25 00:00:00,Poland,Poland,PL,647.04,708.67,31.47,29.52,entsoe.eu,,
2024-07-26 00:00:00,Poland,Poland,PL,636.84,697.68,33.13,30.06,entsoe.eu,,
2024-07-27 00:00:00,Poland,Poland,PL,660.56,721.38,30.81,27.05,entsoe.eu,,
2024-07-28 00:00:00,Poland,Poland,PL,524.47,578.86,43.75,42.43,entsoe.eu,,
2024-07-29 00:00:00,Poland,Poland,PL,482.03,534.80,48.57,47.50,entsoe.eu,,
2024-07-30 00:00:00,Poland,Poland,PL,591.73,652.18,37.43,35.37,entsoe.eu,,
2024-07-31 00:00:00,Poland,Poland,PL,608.17,670.97,35.34,33.12,entsoe.eu,,
2024-08-01 00:00:00,Poland,Poland,PL,620.85,684.62,33.43,31.28,entsoe.eu,,
2024-08-02 00:00:00,Poland,Poland,PL,669.96,734.85,29.15,26.78,entsoe.eu,,
2024-08-03 00:00:00,Poland,Poland,PL,615.06,683.48,30.79,28.71,entsoe.eu,,
2024-08-04 00:00:00,Poland,Poland,PL,608.18,676.74,31.23,29.30,entsoe.eu,,
2024-08-05 00:00:00,Poland,Poland,PL,639.45,703.91,30.68,28.92,entsoe.eu,,
2024-08-06 00:00:00,Poland,Poland,PL,652.60,718.08,30.41,28.59,entsoe.eu,,
2024-08-07 00:00:00,Poland,Poland,PL,627.19,690.59,33.44,31.45,entsoe.eu,,
2024-08-08 00:00:00,Poland,Poland,PL,669.11,733.29,29.24,27.31,entsoe.eu,,
2024-08-09 00:00:00,Poland,Poland,PL,583.15,645.42,36.43,35.32,entsoe.eu,,
2024-08-10 00:00:00,Poland,Poland,PL,550.19,609.28,40.73,39.58,entsoe.eu,,
2024-08-11 00:00:00,Poland,Poland,PL,534.80,592.97,41.74,40.67,entsoe.eu,,
2024-08-12 00:00:00,Poland,Poland,PL,588.72,649.88,37.21,35.74,entsoe.eu,,
2024-08-13 00:00:00,Poland,Poland,PL,568.46,628.37,39.66,38.19,entsoe.eu,,
2024-08-14 00:00:00,Poland,Poland,PL,541.78,598.27,42.73,41.75,entsoe.eu,,
2024-08-15 00:00:00,Poland,Poland,PL,604.34,665.94,35.48,34.16,entsoe.eu,,
2024-08-16 00:00:00,Poland,Poland,PL,635.09,699.57,31.89,30.29,entsoe.eu,,
2024-08-17 00:00:00,Poland,Poland,PL,641.71,705.54,32.12,30.09,entsoe.eu,,
2024-08-18 00:00:00,Poland,Poland,PL,624.25,687.98,33.15,31.24,entsoe.eu,,
2024-08-19 00:00:00,Poland,Poland,PL,648.95,710.70,31.82,30.02,entsoe.eu,,
2024-08-20 00:00:00,Poland,Poland,PL,678.31,743.41,28.30,27.38,entsoe.eu,,
2024-08-21 00:00:00,Poland,Poland,PL,643.29,704.51,31.94,31.47,entsoe.eu,,
2024-08-22 00:00:00,Poland,Poland,PL,637.76,701.48,31.32,30.84,entsoe.eu,,
2024-08-23 00:00:00,Poland,Poland,PL,537.06,594.28,42.28,41.87,entsoe.eu,,
2024-08-24 00:00:00,Poland,Poland,PL,534.69,595.43,41.06,40.47,entsoe.eu,,
2024-08-25 00:00:00,Poland,Poland,PL,545.21,604.30,40.62,40.06,entsoe.eu,,
2024-08-26 00:00:00,Poland,Poland,PL,666.38,733.91,27.37,26.44,entsoe.eu,,
2024-08-27 00:00:00,Poland,Poland,PL,606.41,670.35,34.13,33.40,entsoe.eu,,
2024-08-28 00:00:00,Poland,Poland,PL,583.45,644.35,37.07,36.49,entsoe.eu,,
2024-08-29 00:00:00,Poland,Poland,PL,628.46,691.90,32.35,31.81,entsoe.eu,,
2024-08-30 00:00:00,Poland,Poland,PL,646.38,711.82,30.09,29.48,entsoe.eu,,
2024-08-31 00:00:00,Poland,Poland,PL,632.37,696.44,32.49,31.97,entsoe.eu,,
2024-09-01 00:00:00,Poland,Poland,PL,616.61,681.49,33.51,32.95,entsoe.eu,,
2024-09-02 00:00:00,Poland,Poland,PL,646.86,710.34,31.38,30.91,entsoe.eu,,
2024-09-03 00:00:00,Poland,Poland,PL,617.25,678.73,33.87,33.60,entsoe.eu,,
2024-09-04 00:00:00,Poland,Poland,PL,592.44,652.56,36.20,36.00,entsoe.eu,,
2024-09-05 00:00:00,Poland,Poland,PL,534.04,589.81,42.94,42.68,entsoe.eu,,
2024-09-06 00:00:00,Poland,Poland,PL,528.89,584.39,43.54,43.17,entsoe.eu,,
2024-09-07 00:00:00,Poland,Poland,PL,540.26,598.74,41.31,40.83,entsoe.eu,,
2024-09-08 00:00:00,Poland,Poland,PL,511.79,566.20,45.54,45.08,entsoe.eu,,
2024-09-09 00:00:00,Poland,Poland,PL,598.66,655.74,36.75,36.38,entsoe.eu,,
2024-09-10 00:00:00,Poland,Poland,PL,697.94,762.80,26.18,25.60,entsoe.eu,,
2024-09-11 00:00:00,Poland,Poland,PL,627.47,690.63,32.14,31.63,entsoe.eu,,
2024-09-12 00:00:00,Poland,Poland,PL,737.28,808.07,19.82,18.56,entsoe.eu,,
2024-09-13 00:00:00,Poland,Poland,PL,656.56,720.22,28.71,28.05,entsoe.eu,,
2024-09-14 00:00:00,Poland,Poland,PL,466.50,520.30,47.40,47.20,entsoe.eu,,
2024-09-15 00:00:00,Poland,Poland,PL,550.55,610.22,38.68,38.40,entsoe.eu,,
2024-09-16 00:00:00,Poland,Poland,PL,599.35,661.43,34.58,34.10,entsoe.eu,,
2024-09-17 00:00:00,Poland,Poland,PL,630.48,696.58,30.57,30.06,entsoe.eu,,
2024-09-18 00:00:00,Poland,Poland,PL,626.80,693.53,30.56,29.82,entsoe.eu,,
2024-09-19 00:00:00,Poland,Poland,PL,604.29,668.59,33.01,32.30,entsoe.eu,,
2024-09-20 00:00:00,Poland,Poland,PL,580.80,644.27,35.76,34.83,entsoe.eu,,
2024-09-21 00:00:00,Poland,Poland,PL,625.41,689.74,33.14,31.13,entsoe.eu,,
2024-09-22 00:00:00,Poland,Poland,PL,631.12,696.08,31.95,30.36,entsoe.eu,,
2024-09-23 00:00:00,Poland,Poland,PL,661.83,727.24,28.62,27.81,entsoe.eu,,
2024-09-24 00:00:00,Poland,Poland,PL,571.14,631.42,37.59,37.12,entsoe.eu,,
2024-09-25 00:00:00,Poland,Poland,PL,581.34,641.74,36.79,36.34,entsoe.eu,,
2024-09-26 00:00:00,Poland,Poland,PL,547.75,605.96,40.00,39.52,entsoe.eu,,
2024-09-27 00:00:00,Poland,Poland,PL,464.38,517.69,48.55,48.23,entsoe.eu,,
2024-09-28 00:00:00,Poland,Poland,PL,526.28,582.96,42.33,41.88,entsoe.eu,,
2024-09-29 00:00:00,Poland,Poland,PL,589.20,651.47,35.69,33.08,entsoe.eu,,
2024-09-30 00:00:00,Poland,Poland,PL,585.46,646.10,37.08,35.80,entsoe.eu,,
2024-10-01 00:00:00,Poland,Poland,PL,643.14,704.60,31.39,29.45,entsoe.eu,,
2024-10-02 00:00:00,Poland,Poland,PL,744.91,811.17,21.22,18.72,entsoe.eu,,
2024-10-03 00:00:00,Poland,Poland,PL,732.72,798.24,21.98,19.12,entsoe.eu,,
2024-10-04 00:00:00,Poland,Poland,PL,718.02,784.33,22.18,18.56,entsoe.eu,,
2024-10-05 00:00:00,Poland,Poland,PL,708.65,778.37,21.96,18.18,entsoe.eu,,
2024-10-06 00:00:00,Poland,Poland,PL,731.98,803.57,20.05,17.19,entsoe.eu,,
2024-10-07 00:00:00,Poland,Poland,PL,664.95,731.95,26.60,24.06,entsoe.eu,,
2024-10-08 00:00:00,Poland,Poland,PL,613.38,676.60,32.72,31.45,entsoe.eu,,
2024-10-09 00:00:00,Poland,Poland,PL,641.06,702.65,31.20,29.65,entsoe.eu,,
2024-10-10 00:00:00,Poland,Poland,PL,522.20,578.21,43.14,42.71,entsoe.eu,,
2024-10-11 00:00:00,Poland,Poland,PL,642.20,704.00,31.14,30.36,entsoe.eu,,
2024-10-12 00:00:00,Poland,Poland,PL,599.83,661.85,35.96,34.52,entsoe.eu,,
2024-10-13 00:00:00,Poland,Poland,PL,497.89,550.83,46.79,46.72,entsoe.eu,,
2024-10-14 00:00:00,Poland,Poland,PL,642.00,701.64,32.95,32.16,entsoe.eu,,
2024-10-15 00:00:00,Poland,Poland,PL,715.78,783.32,23.69,21.66,entsoe.eu,,
2024-10-16 00:00:00,Poland,Poland,PL,579.00,638.78,37.77,37.28,entsoe.eu,,
2024-10-17 00:00:00,Poland,Poland,PL,501.76,555.43,45.87,45.43,entsoe.eu,,
2024-10-18 00:00:00,Poland,Poland,PL,575.72,633.35,39.08,38.66,entsoe.eu,,
2024-10-19 00:00:00,Poland,Poland,PL,527.01,584.28,42.91,42.52,entsoe.eu,,
2024-10-20 00:00:00,Poland,Poland,PL,533.46,593.43,41.13,40.63,entsoe.eu,,
2024-10-21 00:00:00,Poland,Poland,PL,651.63,715.99,29.74,28.74,entsoe.eu,,
2024-10-22 00:00:00,Poland,Poland,PL,622.59,684.85,32.96,32.29,entsoe.eu,,
2024-10-23 00:00:00,Poland,Poland,PL,675.14,741.74,26.53,25.27,entsoe.eu,,
2024-10-24 00:00:00,Poland,Poland,PL,688.75,756.93,25.01,23.70,entsoe.eu,,
2024-10-25 00:00:00,Poland,Poland,PL,674.42,740.82,27.14,26.06,entsoe.eu,,
2024-10-26 00:00:00,Poland,Poland,PL,710.20,781.26,22.58,20.76,entsoe.eu,,
2024-10-27 00:00:00,Poland,Poland,PL,660.57,727.03,28.55,27.39,entsoe.eu,,
2024-10-28 00:00:00,Poland,Poland,PL,703.56,772.34,23.55,22.35,entsoe.eu,,
2024-10-29 00:00:00,Poland,Poland,PL,753.21,823.99,18.37,15.86,entsoe.eu,,
2024-10-30 00:00:00,Poland,Poland,PL,668.43,733.52,26.95,25.84,entsoe.eu,,
2024-10-31 00:00:00,Poland,Poland,PL,608.97,670.50,33.44,32.68,entsoe.eu,,
2024-11-01 00:00:00,Poland,Poland,PL,463.78,517.11,48.07,47.98,entsoe.eu,,
2024-11-02 00:00:00,Poland,Poland,PL,573.05,634.93,36.82,35.21,entsoe.eu,,
2024-11-03 00:00:00,Poland,Poland,PL,553.33,613.35,38.60,37.60,entsoe.eu,,
2024-11-04 00:00:00,Poland,Poland,PL,727.10,797.28,20.54,18.59,entsoe.eu,,
2024-11-05 00:00:00,Poland,Poland,PL,756.45,828.06,17.74,16.32,entsoe.eu,,
2024-11-06 00:00:00,Poland,Poland,PL,800.99,874.37,13.27,11.91,entsoe.eu,,
2024-11-07 00:00:00,Poland,Poland,PL,812.29,886.89,11.46,9.56,entsoe.eu,,
2024-11-08 00:00:00,Poland,Poland,PL,783.86,856.73,14.09,12.09,entsoe.eu,,
2024-11-09 00:00:00,Poland,Poland,PL,761.71,836.33,15.07,13.16,entsoe.eu,,
2024-11-10 00:00:00,Poland,Poland,PL,782.54,859.50,12.54,10.56,entsoe.eu,,
2024-11-11 00:00:00,Poland,Poland,PL,799.17,875.74,12.02,10.48,entsoe.eu,,
2024-11-12 00:00:00,Poland,Poland,PL,832.09,908.95,9.20,7.99,entsoe.eu,,
2024-11-13 00:00:00,Poland,Poland,PL,818.01,893.40,10.83,9.59,entsoe.eu,,
2024-11-14 00:00:00,Poland,Poland,PL,714.90,782.89,22.35,21.25,entsoe.eu,,
2024-11-15 00:00:00,Poland,Poland,PL,719.66,784.04,23.37,22.44,entsoe.eu,,
2024-11-16 00:00:00,Poland,Poland,PL,571.38,631.34,37.50,37.10,entsoe.eu,,
2024-11-17 00:00:00,Poland,Poland,PL,509.09,564.51,44.22,43.91,entsoe.eu,,
2024-11-18 00:00:00,Poland,Poland,PL,607.60,666.36,35.10,34.82,entsoe.eu,,
2024-11-19 00:00:00,Poland,Poland,PL,646.21,707.70,30.74,30.02,entsoe.eu,,
2024-11-20 00:00:00,Poland,Poland,PL,641.88,701.49,32.20,31.20,entsoe.eu,,
2024-11-21 00:00:00,Poland,Poland,PL,662.77,725.10,29.05,28.47,entsoe.eu,,
2024-11-22 00:00:00,Poland,Poland,PL,698.81,764.69,24.84,23.79,entsoe.eu,,
2024-11-23 00:00:00,Poland,Poland,PL,568.42,627.58,38.03,37.16,entsoe.eu,,
2024-11-24 00:00:00,Poland,Poland,PL,537.74,595.10,41.23,40.68,entsoe.eu,,
2024-11-25 00:00:00,Poland,Poland,PL,546.44,603.08,40.95,40.62,entsoe.eu,,
2024-11-26 00:00:00,Poland,Poland,PL,709.60,776.10,23.80,22.77,entsoe.eu,,
2024-11-27 00:00:00,Poland,Poland,PL,719.65,787.94,21.90,20.97,entsoe.eu,,
2024-11-28 00:00:00,Poland,Poland,PL,660.26,724.02,28.13,27.67,entsoe.eu,,
2024-11-29 00:00:00,Poland,Poland,PL,749.56,819.96,18.04,17.06,entsoe.eu,,
2024-11-30 00:00:00,Poland,Poland,PL,694.86,764.43,23.95,22.59,entsoe.eu,,
2024-12-01 00:00:00,Poland,Poland,PL,650.75,717.39,28.85,27.60,entsoe.eu,,
2024-12-02 00:00:00,Poland,Poland,PL,662.89,726.71,28.94,27.98,entsoe.eu,,
2024-12-03 00:00:00,Poland,Poland,PL,765.87,836.53,17.60,16.61,entsoe.eu,,
2024-12-04 00:00:00,Poland,Poland,PL,823.71,898.03,11.54,10.53,entsoe.eu,,
2024-12-05 00:00:00,Poland,Poland,PL,751.19,821.68,18.61,17.68,entsoe.eu,,
2024-12-06 00:00:00,Poland,Poland,PL,635.17,697.84,30.86,30.16,entsoe.eu,,
2024-12-07 00:00:00,Poland,Poland,PL,695.95,763.58,24.42,23.23,entsoe.eu,,
2024-12-08 00:00:00,Poland,Poland,PL,716.96,787.43,21.68,20.41,entsoe.eu,,
2024-12-09 00:00:00,Poland,Poland,PL,680.41,744.13,27.05,26.59,entsoe.eu,,
2024-12-10 00:00:00,Poland,Poland,PL,798.28,870.30,13.97,13.06,entsoe.eu,,
2024-12-11 00:00:00,Poland,Poland,PL,847.39,920.99,9.67,8.85,entsoe.eu,,
2024-12-12 00:00:00,Poland,Poland,PL,839.39,912.50,10.36,9.47,entsoe.eu,,
2024-12-13 00:00:00,Poland,Poland,PL,796.56,866.93,15.36,14.55,entsoe.eu,,
2024-12-14 00:00:00,Poland,Poland,PL,659.20,721.58,29.41,28.94,entsoe.eu,,
2024-12-15 00:00:00,Poland,Poland,PL,513.55,567.42,44.39,44.35,entsoe.eu,,
2024-12-16 00:00:00,Poland,Poland,PL,544.65,598.24,42.01,41.99,entsoe.eu,,
2024-12-17 00:00:00,Poland,Poland,PL,587.02,643.04,37.79,37.50,entsoe.eu,,
2024-12-18 00:00:00,Poland,Poland,PL,613.89,672.36,34.90,34.33,entsoe.eu,,
2024-12-19 00:00:00,Poland,Poland,PL,549.14,603.30,41.37,41.07,entsoe.eu,,
2024-12-20 00:00:00,Poland,Poland,PL,568.30,623.19,39.59,39.31,entsoe.eu,,
2024-12-21 00:00:00,Poland,Poland,PL,537.33,592.56,42.12,41.43,entsoe.eu,,
2024-12-22 00:00:00,Poland,Poland,PL,592.80,651.24,36.21,35.18,entsoe.eu,,
2024-12-23 00:00:00,Poland,Poland,PL,743.36,810.56,21.29,20.21,entsoe.eu,,
2024-12-24 00:00:00,Poland,Poland,PL,825.81,899.45,11.99,10.79,entsoe.eu,,
2024-12-25 00:00:00,Poland,Poland,PL,711.71,780.16,23.06,21.78,entsoe.eu,,
2024-12-26 00:00:00,Poland,Poland,PL,766.94,838.01,17.39,16.13,entsoe.eu,,
2024-12-27 00:00:00,Poland,Poland,PL,833.33,905.81,10.60,9.21,entsoe.eu,,
2024-12-28 00:00:00,Poland,Poland,PL,835.94,909.43,9.64,8.52,entsoe.eu,,
2024-12-29 00:00:00,Poland,Poland,PL,688.70,754.30,25.08,24.17,entsoe.eu,,
2024-12-30 00:00:00,Poland,Poland,PL,562.91,618.23,39.22,38.80,entsoe.eu,,
2024-12-31 00:00:00,Poland,Poland,PL,537.97,594.12,40.95,40.39,entsoe.eu,,
